[{"name": "Phoenix city, Arizona", "lat": 33.57215, "lng": -112.09013, "population": 1608139}, {"name": "Tucson city, Arizona", "lat": 32.15304, "lng": -110.87077, "population": 542629}, {"name": "Mesa city, Arizona", "lat": 33.40063, "lng": -111.71649, "population": 504258}, {"name": "Chandler city, Arizona", "lat": 33.28276, "lng": -111.85182, "population": 275987}, {"name": "Gilbert town, Arizona", "lat": 33.31023, "lng": -111.74322, "population": 267918}, {"name": "Glendale city, Arizona", "lat": 33.53311, "lng": -112.1899, "population": 248325}, {"name": "Scottsdale city, Arizona", "lat": 33.68427, "lng": -111.86145, "population": 241361}, {"name": "Peoria city, Arizona", "lat": 33.78619, "lng": -112.30804, "population": 190985}, {"name": "Tempe city, Arizona", "lat": 33.38841, "lng": -111.93178, "population": 180587}, {"name": "Surprise city, Arizona", "lat": 33.6708, "lng": -112.45255, "population": 143148}, {"name": "San Tan Valley CDP, Arizona", "lat": 33.17859, "lng": -111.56282, "population": 99894}, {"name": "Yuma city, Arizona", "lat": 32.51629, "lng": -114.52178, "population": 95548}, {"name": "Goodyear city, Arizona", "lat": 33.25403, "lng": -112.36647, "population": 95294}, {"name": "Buckeye city, Arizona", "lat": 33.43157, "lng": -112.64163, "population": 91502}, {"name": "Avondale city, Arizona", "lat": 33.31324, "lng": -112.32893, "population": 89334}, {"name": "Flagstaff city, Arizona", "lat": 35.18521, "lng": -111.6207, "population": 76831}, {"name": "Casas Adobes CDP, Arizona", "lat": 32.34183, "lng": -111.01159, "population": 70973}, {"name": "Queen Creek town, Arizona", "lat": 33.24017, "lng": -111.60884, "population": 59519}, {"name": "Maricopa city, Arizona", "lat": 33.04194, "lng": -111.99926, "population": 58125}, {"name": "Lake Havasu City city, Arizona", "lat": 34.49981, "lng": -114.31094, "population": 57144}, {"name": "Casa Grande city, Arizona", "lat": 32.90686, "lng": -111.76234, "population": 53658}, {"name": "Catalina Foothills CDP, Arizona", "lat": 32.30187, "lng": -110.88484, "population": 52401}, {"name": "Marana town, Arizona", "lat": 32.46594, "lng": -111.1354, "population": 51908}, {"name": "Oro Valley town, Arizona", "lat": 32.42071, "lng": -110.977, "population": 47070}, {"name": "Prescott Valley town, Arizona", "lat": 34.59792, "lng": -112.31853, "population": 46785}, {"name": "Prescott city, Arizona", "lat": 34.58584, "lng": -112.44624, "population": 45827}, {"name": "Sierra Vista city, Arizona", "lat": 31.56541, "lng": -110.31451, "population": 45308}, {"name": "Bullhead City city, Arizona", "lat": 35.12737, "lng": -114.55599, "population": 41348}, {"name": "Sun City CDP, Arizona", "lat": 33.6155, "lng": -112.28311, "population": 39931}, {"name": "Apache Junction city, Arizona", "lat": 33.39831, "lng": -111.53535, "population": 38499}, {"name": "El Mirage city, Arizona", "lat": 33.59022, "lng": -112.3271, "population": 35805}, {"name": "San Luis city, Arizona", "lat": 32.48618, "lng": -114.72341, "population": 35257}, {"name": "Sahuarita town, Arizona", "lat": 31.93222, "lng": -110.9654, "population": 34134}, {"name": "Kingman city, Arizona", "lat": 35.21699, "lng": -114.01053, "population": 32689}, {"name": "Fortuna Foothills CDP, Arizona", "lat": 32.66158, "lng": -114.39738, "population": 27776}, {"name": "Drexel Heights CDP, Arizona", "lat": 32.14526, "lng": -111.04804, "population": 27523}, {"name": "Florence town, Arizona", "lat": 33.06937, "lng": -111.41399, "population": 26785}, {"name": "Sun City West CDP, Arizona", "lat": 33.67138, "lng": -112.35719, "population": 25806}, {"name": "Fountain Hills town, Arizona", "lat": 33.6078, "lng": -111.7384, "population": 23820}, {"name": "Anthem CDP, Arizona", "lat": 33.84677, "lng": -112.127, "population": 23190}, {"name": "Green Valley CDP, Arizona", "lat": 31.84084, "lng": -111.00448, "population": 22616}, {"name": "Rio Rico CDP, Arizona", "lat": 31.49817, "lng": -110.9878, "population": 20549}, {"name": "Nogales city, Arizona", "lat": 31.36193, "lng": -110.93482, "population": 19770}, {"name": "New River CDP, Arizona", "lat": 33.88259, "lng": -112.08611, "population": 17290}, {"name": "Douglas city, Arizona", "lat": 31.39927, "lng": -109.54129, "population": 16534}, {"name": "Payson town, Arizona", "lat": 34.24384, "lng": -111.31896, "population": 16351}, {"name": "Tanque Verde CDP, Arizona", "lat": 32.26876, "lng": -110.74373, "population": 16250}, {"name": "Fort Mohave CDP, Arizona", "lat": 35.00043, "lng": -114.57486, "population": 16190}, {"name": "Flowing Wells CDP, Arizona", "lat": 32.29377, "lng": -111.01105, "population": 15657}, {"name": "Eloy city, Arizona", "lat": 32.74126, "lng": -111.59401, "population": 15635}, {"name": "Sun Lakes CDP, Arizona", "lat": 33.21496, "lng": -111.86997, "population": 14868}, {"name": "Sierra Vista Southeast CDP, Arizona", "lat": 31.45251, "lng": -110.21898, "population": 14428}, {"name": "Somerton city, Arizona", "lat": 32.60182, "lng": -114.69634, "population": 14197}, {"name": "Valencia West CDP, Arizona", "lat": 32.13547, "lng": -111.11231, "population": 14101}, {"name": "Vail CDP, Arizona", "lat": 32.0217, "lng": -110.69369, "population": 13604}, {"name": "Coolidge city, Arizona", "lat": 32.93362, "lng": -111.52358, "population": 13218}, {"name": "Chino Valley town, Arizona", "lat": 34.73989, "lng": -112.40606, "population": 13020}, {"name": "New Kingman-Butler CDP, Arizona", "lat": 35.26449, "lng": -114.00907, "population": 12907}, {"name": "Paradise Valley town, Arizona", "lat": 33.55216, "lng": -111.96133, "population": 12658}, {"name": "Saddlebrooke CDP, Arizona", "lat": 32.55642, "lng": -110.87468, "population": 12574}, {"name": "Camp Verde town, Arizona", "lat": 34.56941, "lng": -111.85701, "population": 12147}, {"name": "Tucson Estates CDP, Arizona", "lat": 32.17922, "lng": -111.12663, "population": 12069}, {"name": "Cottonwood city, Arizona", "lat": 34.71953, "lng": -112.00161, "population": 12029}, {"name": "Verde Village CDP, Arizona", "lat": 34.71193, "lng": -111.99414, "population": 12019}, {"name": "Show Low city, Arizona", "lat": 34.26505, "lng": -110.03832, "population": 11732}, {"name": "Gold Canyon CDP, Arizona", "lat": 33.3639, "lng": -111.42298, "population": 11404}, {"name": "Tucson Mountains CDP, Arizona", "lat": 32.28224, "lng": -111.07734, "population": 10862}, {"name": "Safford city, Arizona", "lat": 32.83327, "lng": -109.69604, "population": 10129}, {"name": "Arizona City CDP, Arizona", "lat": 32.75085, "lng": -111.67051, "population": 9868}, {"name": "Sedona city, Arizona", "lat": 34.85852, "lng": -111.79306, "population": 9684}, {"name": "Picture Rocks CDP, Arizona", "lat": 32.32471, "lng": -111.25986, "population": 9551}, {"name": "Corona de Tucson CDP, Arizona", "lat": 31.95032, "lng": -110.78352, "population": 9240}, {"name": "Winslow city, Arizona", "lat": 35.02424, "lng": -110.70933, "population": 9005}, {"name": "Golden Valley CDP, Arizona", "lat": 35.20607, "lng": -114.23275, "population": 8801}, {"name": "Tuba City CDP, Arizona", "lat": 36.12501, "lng": -111.24674, "population": 8072}, {"name": "Catalina CDP, Arizona", "lat": 32.48478, "lng": -110.89971, "population": 7551}, {"name": "Wickenburg town, Arizona", "lat": 33.9948, "lng": -112.75891, "population": 7474}, {"name": "Page city, Arizona", "lat": 36.94181, "lng": -111.51328, "population": 7440}, {"name": "Globe city, Arizona", "lat": 33.39364, "lng": -110.74111, "population": 7249}, {"name": "Tolleson city, Arizona", "lat": 33.44837, "lng": -112.25601, "population": 7216}, {"name": "Youngtown town, Arizona", "lat": 33.58497, "lng": -112.30492, "population": 7056}, {"name": "Litchfield Park city, Arizona", "lat": 33.50176, "lng": -112.35947, "population": 6847}, {"name": "Williamson CDP, Arizona", "lat": 34.70816, "lng": -112.53425, "population": 6196}, {"name": "Village of Oak Creek (Big Park) CDP, Arizona", "lat": 34.78127, "lng": -111.7606, "population": 6128}, {"name": "Snowflake town, Arizona", "lat": 34.52146, "lng": -110.09118, "population": 6104}, {"name": "Doney Park CDP, Arizona", "lat": 35.26565, "lng": -111.51903, "population": 5910}, {"name": "Rincon Valley CDP, Arizona", "lat": 32.11006, "lng": -110.68888, "population": 5612}, {"name": "Avra Valley CDP, Arizona", "lat": 32.41952, "lng": -111.33926, "population": 5569}, {"name": "Paulden CDP, Arizona", "lat": 34.8897, "lng": -112.4937, "population": 5567}, {"name": "Benson city, Arizona", "lat": 31.9145, "lng": -110.32855, "population": 5355}, {"name": "Guadalupe town, Arizona", "lat": 33.36645, "lng": -111.96318, "population": 5322}, {"name": "Thatcher town, Arizona", "lat": 32.81271, "lng": -109.76652, "population": 5231}, {"name": "Citrus Park CDP, Arizona", "lat": 33.52819, "lng": -112.43917, "population": 5194}, {"name": "Three Points CDP, Arizona", "lat": 32.05959, "lng": -111.28654, "population": 5184}, {"name": "Lake Montezuma CDP, Arizona", "lat": 34.63691, "lng": -111.80094, "population": 5111}, {"name": "Bisbee city, Arizona", "lat": 31.39804, "lng": -109.93183, "population": 4923}, {"name": "Cave Creek town, Arizona", "lat": 33.83622, "lng": -111.98208, "population": 4892}, {"name": "Holbrook city, Arizona", "lat": 34.90462, "lng": -110.16721, "population": 4858}, {"name": "Summit CDP, Arizona", "lat": 32.06208, "lng": -110.94863, "population": 4724}, {"name": "Kayenta CDP, Arizona", "lat": 36.71717, "lng": -110.26046, "population": 4670}, {"name": "South Tucson city, Arizona", "lat": 32.19547, "lng": -110.96915, "population": 4613}, {"name": "Chinle CDP, Arizona", "lat": 36.15115, "lng": -109.57868, "population": 4573}, {"name": "Whiteriver CDP, Arizona", "lat": 33.83976, "lng": -109.96077, "population": 4520}, {"name": "Clarkdale town, Arizona", "lat": 34.74798, "lng": -112.0587, "population": 4424}, {"name": "Eagar town, Arizona", "lat": 34.10499, "lng": -109.297, "population": 4395}, {"name": "Dewey-Humboldt town, Arizona", "lat": 34.5174, "lng": -112.24965, "population": 4326}, {"name": "Avenue B and C CDP, Arizona", "lat": 32.71904, "lng": -114.66005, "population": 4101}, {"name": "Pinetop-Lakeside town, Arizona", "lat": 34.14842, "lng": -109.966, "population": 4030}, {"name": "Taylor town, Arizona", "lat": 34.44275, "lng": -110.09853, "population": 3995}, {"name": "San Carlos CDP, Arizona", "lat": 33.34456, "lng": -110.47771, "population": 3987}, {"name": "Clifton town, Arizona", "lat": 33.02957, "lng": -109.28404, "population": 3933}, {"name": "Carefree town, Arizona", "lat": 33.82321, "lng": -111.91327, "population": 3690}, {"name": "Lake of the Woods CDP, Arizona", "lat": 34.15263, "lng": -109.99428, "population": 3648}, {"name": "Fort Defiance CDP, Arizona", "lat": 35.7475, "lng": -109.06802, "population": 3541}, {"name": "Parker town, Arizona", "lat": 34.03396, "lng": -114.22816, "population": 3417}, {"name": "St. Johns city, Arizona", "lat": 34.50037, "lng": -109.37691, "population": 3417}, {"name": "Cornville CDP, Arizona", "lat": 34.73896, "lng": -111.90856, "population": 3362}, {"name": "Sacaton CDP, Arizona", "lat": 33.07929, "lng": -111.76825, "population": 3254}, {"name": "Whetstone CDP, Arizona", "lat": 31.71895, "lng": -110.292, "population": 3236}, {"name": "Willcox city, Arizona", "lat": 32.2518, "lng": -109.8357, "population": 3213}, {"name": "Williams city, Arizona", "lat": 35.24664, "lng": -112.1833, "population": 3202}, {"name": "San Manuel CDP, Arizona", "lat": 32.60603, "lng": -110.64711, "population": 3114}, {"name": "Oracle CDP, Arizona", "lat": 32.60852, "lng": -110.7826, "population": 3051}, {"name": "Ajo CDP, Arizona", "lat": 32.39228, "lng": -112.88387, "population": 3039}, {"name": "Heber-Overgaard CDP, Arizona", "lat": 34.41414, "lng": -110.56956, "population": 2898}, {"name": "Pima town, Arizona", "lat": 32.89189, "lng": -109.84427, "population": 2847}, {"name": "Swift Trail Junction CDP, Arizona", "lat": 32.72719, "lng": -109.71811, "population": 2810}, {"name": "Desert Hills CDP, Arizona", "lat": 34.54646, "lng": -114.37796, "population": 2764}, {"name": "Linden CDP, Arizona", "lat": 34.26958, "lng": -110.13639, "population": 2760}, {"name": "Mohave Valley CDP, Arizona", "lat": 34.90243, "lng": -114.57139, "population": 2693}, {"name": "Cordes Lakes CDP, Arizona", "lat": 34.31031, "lng": -112.10733, "population": 2684}, {"name": "Black Canyon City CDP, Arizona", "lat": 34.07096, "lng": -112.12202, "population": 2677}, {"name": "Red Rock CDP (Pinal County), Arizona", "lat": 32.56118, "lng": -111.374, "population": 2625}, {"name": "Timberline-Fernwood CDP, Arizona", "lat": 35.31675, "lng": -111.55066, "population": 2572}, {"name": "Kachina Village CDP, Arizona", "lat": 35.09243, "lng": -111.69597, "population": 2502}, {"name": "Window Rock CDP, Arizona", "lat": 35.6705, "lng": -109.06304, "population": 2500}, {"name": "Star Valley town, Arizona", "lat": 34.25469, "lng": -111.22071, "population": 2484}, {"name": "Colorado City town, Arizona", "lat": 36.97011, "lng": -112.98531, "population": 2478}, {"name": "Quartzsite town, Arizona", "lat": 33.66751, "lng": -114.21704, "population": 2413}, {"name": "Superior town, Arizona", "lat": 33.28509, "lng": -111.11092, "population": 2407}, {"name": "Wellton town, Arizona", "lat": 32.64013, "lng": -114.21515, "population": 2375}, {"name": "White Mountain Lake CDP, Arizona", "lat": 34.34405, "lng": -109.98681, "population": 2335}, {"name": "Central Heights-Midland City CDP, Arizona", "lat": 33.39995, "lng": -110.81528, "population": 2319}, {"name": "Rio Verde CDP, Arizona", "lat": 33.72659, "lng": -111.67585, "population": 2210}, {"name": "Sells CDP, Arizona", "lat": 31.92087, "lng": -111.87087, "population": 2121}, {"name": "Morenci CDP, Arizona", "lat": 33.05824, "lng": -109.33309, "population": 2028}, {"name": "Pine CDP, Arizona", "lat": 34.38035, "lng": -111.46048, "population": 1953}, {"name": "Bagdad CDP, Arizona", "lat": 34.57711, "lng": -113.17701, "population": 1932}, {"name": "Golden Shores CDP, Arizona", "lat": 34.78188, "lng": -114.47775, "population": 1927}, {"name": "Gila Bend town, Arizona", "lat": 32.96624, "lng": -112.71546, "population": 1892}, {"name": "Wagon Wheel CDP, Arizona", "lat": 34.19753, "lng": -110.02712, "population": 1856}, {"name": "Cibecue CDP, Arizona", "lat": 34.03037, "lng": -110.49196, "population": 1816}, {"name": "Congress CDP, Arizona", "lat": 34.15336, "lng": -112.86556, "population": 1811}, {"name": "Valle Vista CDP, Arizona", "lat": 35.41094, "lng": -113.86269, "population": 1802}, {"name": "Grand Canyon Village CDP, Arizona", "lat": 36.05948, "lng": -112.15791, "population": 1784}, {"name": "Bylas CDP, Arizona", "lat": 33.12766, "lng": -110.11492, "population": 1782}, {"name": "Mescal CDP, Arizona", "lat": 31.96743, "lng": -110.43658, "population": 1751}, {"name": "Kearny town, Arizona", "lat": 33.05639, "lng": -110.90709, "population": 1741}, {"name": "Dolan Springs CDP, Arizona", "lat": 35.59045, "lng": -114.28518, "population": 1734}, {"name": "Casa Blanca CDP, Arizona", "lat": 33.11545, "lng": -111.90809, "population": 1727}, {"name": "Springerville town, Arizona", "lat": 34.17192, "lng": -109.30689, "population": 1717}, {"name": "Cienega Springs CDP, Arizona", "lat": 34.19974, "lng": -114.21271, "population": 1690}, {"name": "Fort Valley CDP, Arizona", "lat": 35.32277, "lng": -111.73984, "population": 1682}, {"name": "Red Lake CDP, Arizona", "lat": 35.36149, "lng": -112.17213, "population": 1680}, {"name": "St. David CDP, Arizona", "lat": 31.88604, "lng": -110.22149, "population": 1639}, {"name": "Huachuca City town, Arizona", "lat": 31.6308, "lng": -110.34219, "population": 1626}, {"name": "Tubac CDP, Arizona", "lat": 31.61068, "lng": -111.05705, "population": 1581}, {"name": "Centennial Park CDP, Arizona", "lat": 36.95381, "lng": -112.98132, "population": 1578}, {"name": "Mayer CDP, Arizona", "lat": 34.42337, "lng": -112.24079, "population": 1558}, {"name": "Beaver Dam CDP, Arizona", "lat": 36.90698, "lng": -113.93618, "population": 1552}, {"name": "Miami town, Arizona", "lat": 33.39507, "lng": -110.87238, "population": 1541}, {"name": "Kaibito CDP, Arizona", "lat": 36.592, "lng": -111.10713, "population": 1540}, {"name": "Cactus Flats CDP, Arizona", "lat": 32.76051, "lng": -109.72127, "population": 1524}, {"name": "Mountain View Ranches CDP, Arizona", "lat": 35.23357, "lng": -111.47277, "population": 1508}, {"name": "North Fork CDP, Arizona", "lat": 34.01057, "lng": -109.95954, "population": 1467}, {"name": "Tonto Basin CDP, Arizona", "lat": 33.84132, "lng": -111.30094, "population": 1444}, {"name": "Lukachukai CDP, Arizona", "lat": 36.41123, "lng": -109.22554, "population": 1424}, {"name": "Meadview CDP, Arizona", "lat": 35.95316, "lng": -114.07887, "population": 1420}, {"name": "Pirtleville CDP, Arizona", "lat": 31.36089, "lng": -109.56605, "population": 1412}, {"name": "Pinetop Country Club CDP, Arizona", "lat": 34.11634, "lng": -109.89097, "population": 1409}, {"name": "Tsaile CDP, Arizona", "lat": 36.30242, "lng": -109.21867, "population": 1408}, {"name": "Claypool CDP, Arizona", "lat": 33.4061, "lng": -110.84187, "population": 1395}, {"name": "St. Michaels CDP, Arizona", "lat": 35.66056, "lng": -109.09617, "population": 1384}, {"name": "Parks CDP, Arizona", "lat": 35.28525, "lng": -111.96718, "population": 1382}, {"name": "First Mesa CDP, Arizona", "lat": 35.83166, "lng": -110.36889, "population": 1352}, {"name": "Fredonia town, Arizona", "lat": 36.96163, "lng": -112.51636, "population": 1323}, {"name": "Scenic CDP, Arizona", "lat": 36.79359, "lng": -114.01275, "population": 1321}, {"name": "Peridot CDP, Arizona", "lat": 33.30335, "lng": -110.45903, "population": 1308}, {"name": "Tombstone city, Arizona", "lat": 31.72041, "lng": -110.0763, "population": 1308}, {"name": "Joseph City CDP, Arizona", "lat": 34.96369, "lng": -110.32904, "population": 1307}, {"name": "Donovan Estates CDP, Arizona", "lat": 32.70936, "lng": -114.67815, "population": 1295}, {"name": "Many Farms CDP, Arizona", "lat": 36.34289, "lng": -109.63762, "population": 1243}, {"name": "LeChee CDP, Arizona", "lat": 36.86089, "lng": -111.42444, "population": 1236}, {"name": "Canyon Day CDP, Arizona", "lat": 33.77889, "lng": -110.03819, "population": 1205}, {"name": "Dilkon CDP, Arizona", "lat": 35.3529, "lng": -110.30723, "population": 1194}, {"name": "Blackwater CDP, Arizona", "lat": 33.03959, "lng": -111.57985, "population": 1190}, {"name": "Bellemont CDP, Arizona", "lat": 35.24247, "lng": -111.81381, "population": 1167}, {"name": "Salome CDP, Arizona", "lat": 33.77776, "lng": -113.60605, "population": 1162}, {"name": "Spring Valley CDP, Arizona", "lat": 34.34519, "lng": -112.15917, "population": 1143}, {"name": "Peach Springs CDP, Arizona", "lat": 35.53145, "lng": -113.43198, "population": 1098}, {"name": "Munds Park CDP, Arizona", "lat": 34.93826, "lng": -111.62898, "population": 1096}, {"name": "Pinon CDP, Arizona", "lat": 36.09886, "lng": -110.21912, "population": 1084}, {"name": "Mammoth town, Arizona", "lat": 32.68518, "lng": -110.72927, "population": 1076}, {"name": "Mountainaire CDP, Arizona", "lat": 35.09377, "lng": -111.6452, "population": 1068}, {"name": "Willow Valley CDP, Arizona", "lat": 34.92766, "lng": -114.6266, "population": 1059}, {"name": "Arizona Village CDP, Arizona", "lat": 34.85484, "lng": -114.58934, "population": 1057}, {"name": "Kaibab Estates West CDP, Arizona", "lat": 35.2748, "lng": -112.49854, "population": 1034}, {"name": "Komatke CDP, Arizona", "lat": 33.29529, "lng": -112.16154, "population": 1013}, {"name": "Hotevilla-Bacavi CDP, Arizona", "lat": 35.92074, "lng": -110.64071, "population": 1001}, {"name": "Rainbow City CDP, Arizona", "lat": 33.87303, "lng": -109.97627, "population": 1001}, {"name": "Arivaca Junction CDP, Arizona", "lat": 31.73896, "lng": -111.07376, "population": 970}, {"name": "Queen Valley CDP, Arizona", "lat": 33.27333, "lng": -111.31792, "population": 967}, {"name": "Six Shooter Canyon CDP, Arizona", "lat": 33.36678, "lng": -110.7746, "population": 958}, {"name": "Strawberry CDP, Arizona", "lat": 34.39093, "lng": -111.50266, "population": 943}, {"name": "Leupp CDP, Arizona", "lat": 35.29661, "lng": -111.00363, "population": 934}, {"name": "Houck CDP, Arizona", "lat": 35.26931, "lng": -109.22344, "population": 886}, {"name": "Ak-Chin Village CDP, Arizona", "lat": 33.01967, "lng": -112.08075, "population": 884}, {"name": "Ganado CDP, Arizona", "lat": 35.69188, "lng": -109.55573, "population": 883}, {"name": "Wilhoit CDP, Arizona", "lat": 34.40823, "lng": -112.61563, "population": 864}, {"name": "Maricopa Colony CDP, Arizona", "lat": 33.36259, "lng": -112.22681, "population": 854}, {"name": "Second Mesa CDP, Arizona", "lat": 35.85139, "lng": -110.49799, "population": 843}, {"name": "Naco CDP, Arizona", "lat": 31.346, "lng": -109.92709, "population": 824}, {"name": "Hondah CDP, Arizona", "lat": 34.0943, "lng": -109.93438, "population": 814}, {"name": "Patagonia town, Arizona", "lat": 31.54474, "lng": -110.74546, "population": 804}, {"name": "Sonoita CDP, Arizona", "lat": 31.66561, "lng": -110.63911, "population": 803}, {"name": "Sunsites CDP, Arizona", "lat": 31.94165, "lng": -109.84082, "population": 790}, {"name": "Mesa del Caballo CDP, Arizona", "lat": 34.28597, "lng": -111.29522, "population": 781}, {"name": "Moenkopi CDP, Arizona", "lat": 36.11248, "lng": -111.22124, "population": 771}, {"name": "Chilchinbito CDP, Arizona", "lat": 36.492, "lng": -110.04921, "population": 769}, {"name": "Whitecone CDP, Arizona", "lat": 35.60467, "lng": -110.08002, "population": 768}, {"name": "Ehrenberg CDP, Arizona", "lat": 33.61421, "lng": -114.48301, "population": 763}, {"name": "Valle CDP, Arizona", "lat": 35.67524, "lng": -112.15289, "population": 759}, {"name": "Central CDP, Arizona", "lat": 32.86916, "lng": -109.79077, "population": 758}, {"name": "Seven Mile CDP, Arizona", "lat": 33.78818, "lng": -109.95855, "population": 742}, {"name": "Kykotsmovi Village CDP, Arizona", "lat": 35.81025, "lng": -110.65685, "population": 736}, {"name": "Cameron CDP, Arizona", "lat": 35.85319, "lng": -111.42858, "population": 734}, {"name": "Shongopovi CDP, Arizona", "lat": 35.8097, "lng": -110.53344, "population": 711}, {"name": "Bouse CDP, Arizona", "lat": 33.89844, "lng": -113.99625, "population": 707}, {"name": "Duncan town, Arizona", "lat": 32.74998, "lng": -109.0884, "population": 694}, {"name": "St. Johns CDP, Arizona", "lat": 33.30849, "lng": -112.19738, "population": 690}, {"name": "Wittmann CDP, Arizona", "lat": 33.77496, "lng": -112.52509, "population": 684}, {"name": "Bluewater CDP, Arizona", "lat": 34.17041, "lng": -114.26289, "population": 682}, {"name": "East Fork CDP, Arizona", "lat": 33.81068, "lng": -109.92095, "population": 672}, {"name": "Upper Santan Village CDP, Arizona", "lat": 33.11525, "lng": -111.74186, "population": 665}, {"name": "J-Six Ranchettes CDP, Arizona", "lat": 31.9666, "lng": -110.46636, "population": 647}, {"name": "Round Rock CDP, Arizona", "lat": 36.50426, "lng": -109.46316, "population": 640}, {"name": "Gila Crossing CDP, Arizona", "lat": 33.27302, "lng": -112.16267, "population": 636}, {"name": "Low Mountain CDP, Arizona", "lat": 35.94806, "lng": -110.10045, "population": 631}, {"name": "Arivaca CDP, Arizona", "lat": 31.57494, "lng": -111.29261, "population": 623}, {"name": "Parker Strip CDP, Arizona", "lat": 34.27072, "lng": -114.12969, "population": 621}, {"name": "Stotonic Village CDP, Arizona", "lat": 33.15279, "lng": -111.81673, "population": 610}, {"name": "Cactus Forest CDP, Arizona", "lat": 32.95782, "lng": -111.31692, "population": 606}, {"name": "Tusayan town, Arizona", "lat": 35.95496, "lng": -112.12019, "population": 603}, {"name": "York CDP, Arizona", "lat": 32.91743, "lng": -109.19604, "population": 599}, {"name": "Dudleyville CDP, Arizona", "lat": 32.86001, "lng": -110.71649, "population": 597}, {"name": "Blue Ridge CDP, Arizona", "lat": 34.64074, "lng": -111.10738, "population": 594}, {"name": "Elephant Head CDP, Arizona", "lat": 31.76587, "lng": -110.99205, "population": 588}, {"name": "Young CDP, Arizona", "lat": 34.12409, "lng": -110.93832, "population": 588}, {"name": "Dennehotso CDP, Arizona", "lat": 36.829, "lng": -109.87569, "population": 587}, {"name": "Sacaton Flats Village CDP, Arizona", "lat": 33.0559, "lng": -111.659, "population": 576}, {"name": "Sanders CDP, Arizona", "lat": 35.20956, "lng": -109.32238, "population": 575}, {"name": "Icehouse Canyon CDP, Arizona", "lat": 33.34613, "lng": -110.80115, "population": 574}, {"name": "Gadsden CDP, Arizona", "lat": 32.55636, "lng": -114.78103, "population": 571}, {"name": "Miracle Valley CDP, Arizona", "lat": 31.3829, "lng": -110.14854, "population": 571}, {"name": "Rancho Mesa Verde CDP, Arizona", "lat": 32.59439, "lng": -114.65508, "population": 571}, {"name": "Walnut Creek CDP, Arizona", "lat": 35.13124, "lng": -114.12663, "population": 571}, {"name": "Yarnell CDP, Arizona", "lat": 34.22825, "lng": -112.76306, "population": 570}, {"name": "Aguila CDP, Arizona", "lat": 33.93752, "lng": -113.16648, "population": 565}, {"name": "Sawmill CDP, Arizona", "lat": 35.89409, "lng": -109.15721, "population": 564}, {"name": "Stanfield CDP, Arizona", "lat": 32.87936, "lng": -111.96277, "population": 558}, {"name": "Wheatfields CDP, Arizona", "lat": 33.47094, "lng": -110.81614, "population": 556}, {"name": "Rock Point CDP, Arizona", "lat": 36.69685, "lng": -109.61949, "population": 552}, {"name": "Gisela CDP, Arizona", "lat": 34.10182, "lng": -111.28802, "population": 536}, {"name": "Circle City CDP, Arizona", "lat": 33.81488, "lng": -112.58099, "population": 522}, {"name": "Hayden town, Arizona", "lat": 32.99489, "lng": -110.77987, "population": 512}, {"name": "Teec Nos Pos CDP, Arizona", "lat": 36.93329, "lng": -109.06412, "population": 507}, {"name": "Nazlini CDP, Arizona", "lat": 35.91123, "lng": -109.47467, "population": 505}, {"name": "Peeples Valley CDP, Arizona", "lat": 34.27722, "lng": -112.76534, "population": 499}, {"name": "Orange Grove Mobile Manor CDP, Arizona", "lat": 32.59845, "lng": -114.66059, "population": 495}, {"name": "Burnside CDP, Arizona", "lat": 35.75336, "lng": -109.62479, "population": 494}, {"name": "Shonto CDP, Arizona", "lat": 36.58704, "lng": -110.66248, "population": 494}, {"name": "McNary CDP, Arizona", "lat": 34.09215, "lng": -109.85138, "population": 484}, {"name": "Pinedale CDP, Arizona", "lat": 34.32072, "lng": -110.2599, "population": 482}, {"name": "Lazy Y U CDP, Arizona", "lat": 35.13691, "lng": -113.96846, "population": 474}, {"name": "Santa Rosa CDP, Arizona", "lat": 32.33256, "lng": -112.0464, "population": 474}, {"name": "San Jose CDP, Arizona", "lat": 32.81796, "lng": -109.5948, "population": 467}, {"name": "Brenda CDP, Arizona", "lat": 33.67208, "lng": -113.93788, "population": 466}, {"name": "Cane Beds CDP, Arizona", "lat": 36.93415, "lng": -112.91179, "population": 466}, {"name": "Jerome town, Arizona", "lat": 34.74709, "lng": -112.10752, "population": 464}, {"name": "Goodyear Village CDP, Arizona", "lat": 33.19731, "lng": -111.87234, "population": 463}, {"name": "Round Valley CDP, Arizona", "lat": 34.18776, "lng": -111.3018, "population": 459}, {"name": "Wenden CDP, Arizona", "lat": 33.83245, "lng": -113.54324, "population": 458}, {"name": "Winslow West CDP, Arizona", "lat": 34.99255, "lng": -110.70685, "population": 457}, {"name": "Pinal CDP, Arizona", "lat": 33.38015, "lng": -110.75724, "population": 456}, {"name": "Tonalea CDP, Arizona", "lat": 36.32173, "lng": -110.96667, "population": 451}, {"name": "Roosevelt Estates CDP, Arizona", "lat": 33.62019, "lng": -110.99978, "population": 449}, {"name": "Seligman CDP, Arizona", "lat": 35.32561, "lng": -112.85725, "population": 446}, {"name": "Oak Creek Canyon CDP, Arizona", "lat": 34.94893, "lng": -111.75043, "population": 442}, {"name": "Lower Santan Village CDP, Arizona", "lat": 33.1428, "lng": -111.78529, "population": 437}, {"name": "Rough Rock CDP, Arizona", "lat": 36.40949, "lng": -109.8684, "population": 428}, {"name": "So-Hi CDP, Arizona", "lat": 35.25272, "lng": -114.14148, "population": 428}, {"name": "Tacna CDP, Arizona", "lat": 32.70043, "lng": -113.96179, "population": 425}, {"name": "Elfrida CDP, Arizona", "lat": 31.67876, "lng": -109.68783, "population": 421}, {"name": "Tees Toh CDP, Arizona", "lat": 35.48602, "lng": -110.40558, "population": 420}, {"name": "Vicksburg CDP, Arizona", "lat": 33.72716, "lng": -113.82594, "population": 418}, {"name": "Bowie CDP, Arizona", "lat": 32.32483, "lng": -109.48445, "population": 406}, {"name": "Mesquite Creek CDP, Arizona", "lat": 34.96066, "lng": -114.5714, "population": 403}, {"name": "Solomon CDP, Arizona", "lat": 32.81381, "lng": -109.62893, "population": 399}, {"name": "Greenehaven CDP, Arizona", "lat": 36.99597, "lng": -111.55656, "population": 381}, {"name": "Turkey Creek CDP, Arizona", "lat": 33.80109, "lng": -109.9461, "population": 377}, {"name": "Cedar Creek CDP, Arizona", "lat": 33.8914, "lng": -110.19569, "population": 372}, {"name": "Greasewood CDP, Arizona", "lat": 35.52864, "lng": -109.86087, "population": 372}, {"name": "La Paz Valley CDP, Arizona", "lat": 33.55821, "lng": -114.24345, "population": 368}, {"name": "Ash Fork CDP, Arizona", "lat": 35.21719, "lng": -112.4913, "population": 361}, {"name": "Pisinemo CDP, Arizona", "lat": 32.03492, "lng": -112.31923, "population": 359}, {"name": "Bitter Springs CDP, Arizona", "lat": 36.61177, "lng": -111.6475, "population": 355}, {"name": "Red Mesa CDP, Arizona", "lat": 36.97111, "lng": -109.36982, "population": 354}, {"name": "Shumway CDP, Arizona", "lat": 34.41454, "lng": -110.06491, "population": 347}, {"name": "Jeddito CDP, Arizona", "lat": 35.7682, "lng": -110.12782, "population": 346}, {"name": "White Hills CDP, Arizona", "lat": 35.72421, "lng": -114.40037, "population": 345}, {"name": "Clay Springs CDP, Arizona", "lat": 34.35926, "lng": -110.30433, "population": 331}, {"name": "Tumacacori-Carmen CDP, Arizona", "lat": 31.57099, "lng": -111.04765, "population": 329}, {"name": "El Prado Estates CDP, Arizona", "lat": 32.70621, "lng": -114.52148, "population": 320}, {"name": "Fort Thomas CDP, Arizona", "lat": 33.03036, "lng": -109.96126, "population": 319}, {"name": "Yuma Proving Ground CDP, Arizona", "lat": 32.86519, "lng": -114.43692, "population": 313}, {"name": "Wet Camp Village CDP, Arizona", "lat": 33.14136, "lng": -111.90045, "population": 300}, {"name": "Winkelman town, Arizona", "lat": 32.98168, "lng": -110.76168, "population": 296}, {"name": "Keams Canyon CDP, Arizona", "lat": 35.82084, "lng": -110.20374, "population": 265}, {"name": "Wall Lane CDP, Arizona", "lat": 32.65731, "lng": -114.71053, "population": 262}, {"name": "Sacate Village CDP, Arizona", "lat": 33.14165, "lng": -111.98109, "population": 260}, {"name": "East Globe CDP, Arizona", "lat": 33.35108, "lng": -110.70604, "population": 259}, {"name": "Del Muerto CDP, Arizona", "lat": 36.18694, "lng": -109.43477, "population": 258}, {"name": "Dateland CDP, Arizona", "lat": 32.82091, "lng": -113.54184, "population": 257}, {"name": "Littlefield CDP, Arizona", "lat": 36.86592, "lng": -113.93598, "population": 256}, {"name": "Crystal Beach CDP, Arizona", "lat": 34.57138, "lng": -114.39263, "population": 250}, {"name": "Picacho CDP, Arizona", "lat": 32.71019, "lng": -111.49419, "population": 250}, {"name": "Nelson CDP, Arizona", "lat": 32.42981, "lng": -111.26492, "population": 249}, {"name": "Chuichu CDP, Arizona", "lat": 32.74033, "lng": -111.78219, "population": 240}, {"name": "Steamboat CDP, Arizona", "lat": 35.75264, "lng": -109.85058, "population": 235}, {"name": "Sunizona CDP, Arizona", "lat": 31.88549, "lng": -109.63322, "population": 233}, {"name": "Topawa CDP, Arizona", "lat": 31.80784, "lng": -111.83047, "population": 233}, {"name": "Indian Wells CDP, Arizona", "lat": 35.40925, "lng": -110.11444, "population": 232}, {"name": "Deer Creek CDP, Arizona", "lat": 34.06234, "lng": -111.34948, "population": 230}, {"name": "Chloride CDP, Arizona", "lat": 35.4097, "lng": -114.19724, "population": 229}, {"name": "Tolani Lake CDP, Arizona", "lat": 35.43095, "lng": -110.84315, "population": 227}, {"name": "Beaver Valley CDP, Arizona", "lat": 34.34289, "lng": -111.29993, "population": 226}, {"name": "Drysdale CDP, Arizona", "lat": 32.64523, "lng": -114.70678, "population": 225}, {"name": "Palominas CDP, Arizona", "lat": 31.38756, "lng": -110.11507, "population": 222}, {"name": "Cornfields CDP, Arizona", "lat": 35.65134, "lng": -109.67576, "population": 221}, {"name": "Tonto Village CDP, Arizona", "lat": 34.31981, "lng": -111.13931, "population": 209}, {"name": "San Miguel CDP, Arizona", "lat": 31.62949, "lng": -111.78013, "population": 205}, {"name": "Amado CDP, Arizona", "lat": 31.69736, "lng": -111.0608, "population": 198}, {"name": "Cibola CDP, Arizona", "lat": 33.37409, "lng": -114.67629, "population": 198}, {"name": "Oxbow Estates CDP, Arizona", "lat": 34.18035, "lng": -111.34303, "population": 198}, {"name": "Top-of-the-World CDP, Arizona", "lat": 33.34767, "lng": -110.99972, "population": 189}, {"name": "Morristown CDP, Arizona", "lat": 33.85589, "lng": -112.61289, "population": 186}, {"name": "Poston CDP, Arizona", "lat": 33.99208, "lng": -114.40457, "population": 183}, {"name": "McNeal CDP, Arizona", "lat": 31.61008, "lng": -109.65827, "population": 182}, {"name": "Klagetoh CDP, Arizona", "lat": 35.5, "lng": -109.53046, "population": 181}, {"name": "Dragoon CDP, Arizona", "lat": 32.02761, "lng": -110.03684, "population": 178}, {"name": "South Komelik CDP, Arizona", "lat": 31.71447, "lng": -111.77442, "population": 176}, {"name": "Bryce CDP, Arizona", "lat": 32.92583, "lng": -109.82308, "population": 173}, {"name": "Clacks Canyon CDP, Arizona", "lat": 35.22036, "lng": -114.0723, "population": 167}, {"name": "Cottonwood CDP, Arizona", "lat": 36.07238, "lng": -109.89024, "population": 167}, {"name": "Wellton Hills CDP, Arizona", "lat": 32.62319, "lng": -114.14523, "population": 167}, {"name": "Kino Springs CDP, Arizona", "lat": 31.36413, "lng": -110.80975, "population": 166}, {"name": "Kleindale CDP, Arizona", "lat": 32.26811, "lng": -110.91458, "population": 165}, {"name": "Elgin CDP, Arizona", "lat": 31.66655, "lng": -110.5327, "population": 162}, {"name": "Copper Hill CDP, Arizona", "lat": 33.43094, "lng": -110.74648, "population": 158}, {"name": "Pinion Pines CDP, Arizona", "lat": 35.14663, "lng": -113.90581, "population": 158}, {"name": "San Simon CDP, Arizona", "lat": 32.26817, "lng": -109.2302, "population": 158}, {"name": "Forest Lakes CDP, Arizona", "lat": 34.32993, "lng": -110.81065, "population": 155}, {"name": "Woodruff CDP, Arizona", "lat": 34.79188, "lng": -110.02594, "population": 154}, {"name": "Sehili CDP, Arizona", "lat": 36.28077, "lng": -109.18552, "population": 153}, {"name": "Sun Valley CDP, Arizona", "lat": 34.98291, "lng": -110.03197, "population": 153}, {"name": "East Verde Estates CDP, Arizona", "lat": 34.29827, "lng": -111.36455, "population": 151}, {"name": "Arlington CDP, Arizona", "lat": 33.33462, "lng": -112.77475, "population": 150}, {"name": "Anegam CDP, Arizona", "lat": 32.37419, "lng": -112.03496, "population": 149}, {"name": "Alpine CDP, Arizona", "lat": 33.84552, "lng": -109.1437, "population": 146}, {"name": "Dripping Springs CDP, Arizona", "lat": 33.10495, "lng": -110.75509, "population": 142}, {"name": "Pine Lake CDP, Arizona", "lat": 35.0887, "lng": -113.87393, "population": 142}, {"name": "Kaibab CDP, Arizona", "lat": 36.87967, "lng": -112.7256, "population": 140}, {"name": "Red Rock CDP (Apache County), Arizona", "lat": 36.60112, "lng": -109.06454, "population": 136}, {"name": "Wikieup CDP, Arizona", "lat": 34.69303, "lng": -113.5995, "population": 135}, {"name": "Padre Ranchitos CDP, Arizona", "lat": 32.64959, "lng": -114.64158, "population": 133}, {"name": "Antares CDP, Arizona", "lat": 35.42299, "lng": -113.80829, "population": 132}, {"name": "Maish Vaya CDP, Arizona", "lat": 32.1703, "lng": -112.1342, "population": 129}, {"name": "Gu Oidak CDP, Arizona", "lat": 31.92058, "lng": -112.02353, "population": 126}, {"name": "Seba Dalkai CDP, Arizona", "lat": 35.47893, "lng": -110.4511, "population": 126}, {"name": "Vernon CDP, Arizona", "lat": 34.2479, "lng": -109.68994, "population": 126}, {"name": "Whispering Pines CDP, Arizona", "lat": 34.37272, "lng": -111.28122, "population": 124}, {"name": "Sweet Water Village CDP, Arizona", "lat": 33.12, "lng": -111.83787, "population": 123}, {"name": "Why CDP, Arizona", "lat": 32.25897, "lng": -112.73063, "population": 122}, {"name": "Christopher Creek CDP, Arizona", "lat": 34.32067, "lng": -111.00714, "population": 121}, {"name": "Ali Chuk CDP, Arizona", "lat": 31.81692, "lng": -112.55839, "population": 119}, {"name": "Oljato-Monument Valley CDP, Arizona", "lat": 36.98725, "lng": -110.20964, "population": 115}, {"name": "Ali Chukson CDP, Arizona", "lat": 31.91153, "lng": -111.80163, "population": 113}, {"name": "Fort Apache CDP, Arizona", "lat": 33.79007, "lng": -109.98861, "population": 113}, {"name": "Theba CDP, Arizona", "lat": 32.91823, "lng": -112.88978, "population": 111}, {"name": "Cowlic CDP, Arizona", "lat": 31.80475, "lng": -111.98763, "population": 105}, {"name": "Rye CDP, Arizona", "lat": 34.09777, "lng": -111.35426, "population": 104}, {"name": "Truxton CDP, Arizona", "lat": 35.49037, "lng": -113.56301, "population": 104}, {"name": "Hackberry CDP, Arizona", "lat": 35.3401, "lng": -113.72563, "population": 103}, {"name": "Oatman CDP, Arizona", "lat": 35.02737, "lng": -114.38386, "population": 102}, {"name": "Jakes Corner CDP, Arizona", "lat": 34.00825, "lng": -111.3202, "population": 98}, {"name": "Yucca CDP, Arizona", "lat": 34.86299, "lng": -114.14615, "population": 96}, {"name": "Martinez Lake CDP, Arizona", "lat": 32.97547, "lng": -114.46823, "population": 94}, {"name": "Rillito CDP, Arizona", "lat": 32.41569, "lng": -111.15494, "population": 94}, {"name": "Vaiva Vo CDP, Arizona", "lat": 32.71665, "lng": -111.9269, "population": 93}, {"name": "Carrizo CDP, Arizona", "lat": 33.97935, "lng": -110.3311, "population": 92}, {"name": "Utting CDP, Arizona", "lat": 33.85442, "lng": -113.91286, "population": 92}, {"name": "Freedom Acres CDP, Arizona", "lat": 34.31989, "lng": -111.30515, "population": 90}, {"name": "Mormon Lake CDP, Arizona", "lat": 34.91105, "lng": -111.45515, "population": 90}, {"name": "Wahak Hotrontk CDP, Arizona", "lat": 32.17474, "lng": -112.36629, "population": 88}, {"name": "Washington Park CDP, Arizona", "lat": 34.40035, "lng": -111.271, "population": 85}, {"name": "Cutter CDP, Arizona", "lat": 33.35838, "lng": -110.65933, "population": 84}, {"name": "Campo Bonito CDP, Arizona", "lat": 32.56289, "lng": -110.69843, "population": 83}, {"name": "Kaka CDP, Arizona", "lat": 32.51136, "lng": -112.31663, "population": 83}, {"name": "Katherine CDP, Arizona", "lat": 35.22077, "lng": -114.56133, "population": 76}, {"name": "Franklin CDP, Arizona", "lat": 32.67703, "lng": -109.07206, "population": 75}, {"name": "Beyerville CDP, Arizona", "lat": 31.39202, "lng": -110.87492, "population": 72}, {"name": "Haivana Nakya CDP, Arizona", "lat": 32.00515, "lng": -111.71242, "population": 72}, {"name": "Summerhaven CDP, Arizona", "lat": 32.4416, "lng": -110.7766, "population": 71}, {"name": "Buckshot CDP, Arizona", "lat": 32.74035, "lng": -114.48306, "population": 70}, {"name": "McConnico CDP, Arizona", "lat": 35.16359, "lng": -114.08974, "population": 63}, {"name": "Ali Molina CDP, Arizona", "lat": 31.90255, "lng": -111.78039, "population": 61}, {"name": "Greer CDP, Arizona", "lat": 34.00575, "lng": -109.46059, "population": 58}, {"name": "Concho CDP, Arizona", "lat": 34.47156, "lng": -109.61402, "population": 54}, {"name": "Oak Springs CDP, Arizona", "lat": 35.47606, "lng": -109.13177, "population": 54}, {"name": "Moccasin CDP, Arizona", "lat": 36.90984, "lng": -112.75451, "population": 53}, {"name": "Mojave Ranch Estates CDP, Arizona", "lat": 34.9449, "lng": -114.59064, "population": 53}, {"name": "Ventana CDP, Arizona", "lat": 32.46805, "lng": -112.24345, "population": 52}, {"name": "Hunter Creek CDP, Arizona", "lat": 34.30697, "lng": -111.01652, "population": 51}, {"name": "Wintersburg CDP, Arizona", "lat": 33.4187, "lng": -112.86654, "population": 51}, {"name": "Ak Chin CDP, Arizona", "lat": 32.28733, "lng": -112.00908, "population": 50}, {"name": "Chiawuli Tak CDP, Arizona", "lat": 31.94095, "lng": -111.77647, "population": 48}, {"name": "El Capitan CDP, Arizona", "lat": 33.23834, "lng": -110.78329, "population": 48}, {"name": "Comobabi CDP, Arizona", "lat": 32.05385, "lng": -111.80289, "population": 44}, {"name": "Ko Vaya CDP, Arizona", "lat": 32.0815, "lng": -111.89588, "population": 43}, {"name": "Mead Ranch CDP, Arizona", "lat": 34.34613, "lng": -111.1428, "population": 42}, {"name": "Nutrioso CDP, Arizona", "lat": 33.95144, "lng": -109.20591, "population": 39}, {"name": "Santa Cruz CDP, Arizona", "lat": 33.2327, "lng": -112.15937, "population": 39}, {"name": "Valentine CDP, Arizona", "lat": 35.38853, "lng": -113.65911, "population": 39}, {"name": "Hard Rock CDP, Arizona", "lat": 36.03024, "lng": -110.50416, "population": 38}, {"name": "Kohatk CDP, Arizona", "lat": 32.57828, "lng": -112.00301, "population": 37}, {"name": "Haigler Creek CDP, Arizona", "lat": 34.21963, "lng": -110.97143, "population": 35}, {"name": "Flowing Springs CDP, Arizona", "lat": 34.3093, "lng": -111.33473, "population": 34}, {"name": "Geronimo Estates CDP, Arizona", "lat": 34.36944, "lng": -111.3618, "population": 30}, {"name": "Kohls Ranch CDP, Arizona", "lat": 34.32105, "lng": -111.08385, "population": 30}, {"name": "Charco CDP, Arizona", "lat": 32.24732, "lng": -112.60012, "population": 27}, {"name": "Roosevelt CDP, Arizona", "lat": 33.65739, "lng": -111.12705, "population": 26}, {"name": "Tonopah CDP, Arizona", "lat": 33.48799, "lng": -112.93081, "population": 23}, {"name": "Crozier CDP, Arizona", "lat": 35.42281, "lng": -113.64864, "population": 21}, {"name": "Wide Ruins CDP, Arizona", "lat": 35.41739, "lng": -109.49955, "population": 20}, {"name": "Lupton CDP, Arizona", "lat": 35.35474, "lng": -109.05282, "population": 19}, {"name": "Tat Momoli CDP, Arizona", "lat": 32.60119, "lng": -111.88613, "population": 18}, {"name": "Nolic CDP, Arizona", "lat": 32.03418, "lng": -111.95502, "population": 12}, {"name": "Bear Flat CDP, Arizona", "lat": 34.2924, "lng": -111.06738, "population": 11}, {"name": "Rock House CDP, Arizona", "lat": 33.63065, "lng": -110.94108, "population": 10}, {"name": "Sunwest CDP, Arizona", "lat": 33.65098, "lng": -113.40913, "population": 5}, {"name": "Alamo Lake CDP, Arizona", "lat": 34.25585, "lng": -113.50031, "population": 4}, {"name": "Aztec CDP, Arizona", "lat": 32.80813, "lng": -113.44271, "population": 2}, {"name": "Topock CDP, Arizona", "lat": 34.71997, "lng": -114.47879, "population": 2}, {"name": "Toyei CDP, Arizona", "lat": 35.70382, "lng": -109.93817, "population": 2}, {"name": "Willow Canyon CDP, Arizona", "lat": 32.38814, "lng": -110.70099, "population": 2}]