[{"name": "Denver city, Colorado", "lat": 39.76185, "lng": -104.88111, "population": 715522}, {"name": "Colorado Springs city, Colorado", "lat": 38.86726, "lng": -104.76075, "population": 478961}, {"name": "Aurora city, Colorado", "lat": 39.70363, "lng": -104.72009, "population": 386261}, {"name": "Fort Collins city, Colorado", "lat": 40.54822, "lng": -105.06483, "population": 169810}, {"name": "Lakewood city, Colorado", "lat": 39.69894, "lng": -105.11757, "population": 155984}, {"name": "Thornton city, Colorado", "lat": 39.91942, "lng": -104.94281, "population": 141867}, {"name": "Arvada city, Colorado", "lat": 39.83373, "lng": -105.15031, "population": 124402}, {"name": "Westminster city, Colorado", "lat": 39.88012, "lng": -105.06151, "population": 116317}, {"name": "Pueblo city, Colorado", "lat": 38.26993, "lng": -104.61082, "population": 111876}, {"name": "Greeley city, Colorado", "lat": 40.41403, "lng": -104.77104, "population": 108795}, {"name": "Centennial city, Colorado", "lat": 39.59057, "lng": -104.86912, "population": 108418}, {"name": "Boulder city, Colorado", "lat": 40.02453, "lng": -105.25275, "population": 108250}, {"name": "Highlands Ranch CDP, Colorado", "lat": 39.54083, "lng": -104.97108, "population": 103444}, {"name": "Longmont city, Colorado", "lat": 40.1682, "lng": -105.10052, "population": 98885}, {"name": "Loveland city, Colorado", "lat": 40.4169, "lng": -105.06311, "population": 76378}, {"name": "Broomfield city, Colorado", "lat": 39.95359, "lng": -105.05079, "population": 74112}, {"name": "Castle Rock town, Colorado", "lat": 39.37624, "lng": -104.85348, "population": 73158}, {"name": "Grand Junction city, Colorado", "lat": 39.08906, "lng": -108.56745, "population": 65560}, {"name": "Commerce City city, Colorado", "lat": 39.88279, "lng": -104.79491, "population": 62418}, {"name": "Parker town, Colorado", "lat": 39.48266, "lng": -104.79958, "population": 58512}, {"name": "Littleton city, Colorado", "lat": 39.59038, "lng": -105.02008, "population": 45652}, {"name": "Brighton city, Colorado", "lat": 39.9657, "lng": -104.79417, "population": 40083}, {"name": "Security-Widefield CDP, Colorado", "lat": 38.75113, "lng": -104.71602, "population": 38639}, {"name": "Northglenn city, Colorado", "lat": 39.91167, "lng": -104.98214, "population": 38131}, {"name": "Dakota Ridge CDP, Colorado", "lat": 39.61922, "lng": -105.13506, "population": 33892}, {"name": "Ken Caryl CDP, Colorado", "lat": 39.57674, "lng": -105.1137, "population": 33811}, {"name": "Englewood city, Colorado", "lat": 39.64698, "lng": -104.99447, "population": 33659}, {"name": "Pueblo West CDP, Colorado", "lat": 38.31583, "lng": -104.78497, "population": 33086}, {"name": "Windsor town, Colorado", "lat": 40.47827, "lng": -104.91505, "population": 32716}, {"name": "Wheat Ridge city, Colorado", "lat": 39.77267, "lng": -105.1048, "population": 32398}, {"name": "Lafayette city, Colorado", "lat": 39.99481, "lng": -105.09968, "population": 30411}, {"name": "Erie town, Colorado", "lat": 40.04038, "lng": -105.03937, "population": 30038}, {"name": "Fountain city, Colorado", "lat": 38.68902, "lng": -104.68056, "population": 29802}, {"name": "Columbine CDP, Colorado", "lat": 39.58859, "lng": -105.06918, "population": 25229}, {"name": "Four Square Mile CDP, Colorado", "lat": 39.68072, "lng": -104.88792, "population": 22872}, {"name": "Evans city, Colorado", "lat": 40.35016, "lng": -104.74836, "population": 22165}, {"name": "Louisville city, Colorado", "lat": 39.96958, "lng": -105.14327, "population": 21226}, {"name": "Clifton CDP, Colorado", "lat": 39.07671, "lng": -108.46047, "population": 20413}, {"name": "Golden city, Colorado", "lat": 39.74248, "lng": -105.21056, "population": 20399}, {"name": "Montrose city, Colorado", "lat": 38.46892, "lng": -107.85901, "population": 20291}, {"name": "Cimarron Hills CDP, Colorado", "lat": 38.8593, "lng": -104.70015, "population": 19311}, {"name": "Sherrelwood CDP, Colorado", "lat": 39.83825, "lng": -105.00232, "population": 19228}, {"name": "Durango city, Colorado", "lat": 37.26539, "lng": -107.87818, "population": 19071}, {"name": "Fort Carson CDP, Colorado", "lat": 38.68743, "lng": -104.74891, "population": 17693}, {"name": "Johnstown town, Colorado", "lat": 40.38447, "lng": -104.9676, "population": 17303}, {"name": "Ca\u00f1on City city, Colorado", "lat": 38.44189, "lng": -105.2209, "population": 17141}, {"name": "Firestone town, Colorado", "lat": 40.15577, "lng": -104.94863, "population": 16381}, {"name": "Greenwood Village city, Colorado", "lat": 39.61593, "lng": -104.91169, "population": 15691}, {"name": "Welby CDP, Colorado", "lat": 39.84022, "lng": -104.9655, "population": 15553}, {"name": "Black Forest CDP, Colorado", "lat": 39.06365, "lng": -104.67961, "population": 15097}, {"name": "Frederick town, Colorado", "lat": 40.10591, "lng": -104.9745, "population": 14513}, {"name": "Federal Heights city, Colorado", "lat": 39.86497, "lng": -105.01534, "population": 14382}, {"name": "Lone Tree city, Colorado", "lat": 39.53086, "lng": -104.87096, "population": 14253}, {"name": "Sterling city, Colorado", "lat": 40.62048, "lng": -103.19251, "population": 13735}, {"name": "Fruita city, Colorado", "lat": 39.15596, "lng": -108.73077, "population": 13395}, {"name": "Steamboat Springs city, Colorado", "lat": 40.47618, "lng": -106.82338, "population": 13224}, {"name": "Superior town, Colorado", "lat": 39.93119, "lng": -105.15909, "population": 13094}, {"name": "Berkley CDP, Colorado", "lat": 39.80648, "lng": -105.0289, "population": 12536}, {"name": "Fort Morgan city, Colorado", "lat": 40.253, "lng": -103.78865, "population": 11597}, {"name": "Cherry Creek CDP, Colorado", "lat": 39.60946, "lng": -104.86447, "population": 11488}, {"name": "The Pinery CDP, Colorado", "lat": 39.44839, "lng": -104.74949, "population": 11311}, {"name": "Edwards CDP, Colorado", "lat": 39.61182, "lng": -106.6197, "population": 11246}, {"name": "Wellington town, Colorado", "lat": 40.69936, "lng": -105.00587, "population": 11047}, {"name": "Castle Pines city, Colorado", "lat": 39.46249, "lng": -104.87059, "population": 11036}, {"name": "Rifle city, Colorado", "lat": 39.53757, "lng": -107.77034, "population": 10437}, {"name": "Monument town, Colorado", "lat": 39.07441, "lng": -104.84422, "population": 10399}, {"name": "Berthoud town, Colorado", "lat": 40.28468, "lng": -104.96551, "population": 10332}, {"name": "Glenwood Springs city, Colorado", "lat": 39.54713, "lng": -107.34256, "population": 9963}, {"name": "Alamosa city, Colorado", "lat": 37.47453, "lng": -105.87696, "population": 9806}, {"name": "Gunbarrel CDP, Colorado", "lat": 40.06318, "lng": -105.1717, "population": 9554}, {"name": "Woodmoor CDP, Colorado", "lat": 39.10482, "lng": -104.8436, "population": 9536}, {"name": "Roxborough Park CDP, Colorado", "lat": 39.45061, "lng": -105.07406, "population": 9416}, {"name": "Fairmount CDP, Colorado", "lat": 39.79257, "lng": -105.17116, "population": 9324}, {"name": "Evergreen CDP, Colorado", "lat": 39.63561, "lng": -105.33809, "population": 9307}, {"name": "Stonegate CDP, Colorado", "lat": 39.53378, "lng": -104.79984, "population": 9072}, {"name": "Redlands CDP, Colorado", "lat": 39.08489, "lng": -108.65502, "population": 9061}, {"name": "Craig city, Colorado", "lat": 40.51706, "lng": -107.5554, "population": 9060}, {"name": "Delta city, Colorado", "lat": 38.75737, "lng": -108.08799, "population": 9035}, {"name": "Cortez city, Colorado", "lat": 37.34978, "lng": -108.57669, "population": 8766}, {"name": "Derby CDP, Colorado", "lat": 39.84079, "lng": -104.91625, "population": 8407}, {"name": "Milliken town, Colorado", "lat": 40.31051, "lng": -104.85841, "population": 8386}, {"name": "Trinidad city, Colorado", "lat": 37.17316, "lng": -104.49033, "population": 8329}, {"name": "Fruitvale CDP, Colorado", "lat": 39.09328, "lng": -108.47891, "population": 8271}, {"name": "Twin Lakes CDP (Adams County), Colorado", "lat": 39.82272, "lng": -105.00397, "population": 8226}, {"name": "Lochbuie town, Colorado", "lat": 40.00914, "lng": -104.72651, "population": 8088}, {"name": "Gypsum town, Colorado", "lat": 39.61895, "lng": -106.95955, "population": 8040}, {"name": "Fort Lupton city, Colorado", "lat": 40.08281, "lng": -104.80697, "population": 7955}, {"name": "Woodland Park city, Colorado", "lat": 38.99821, "lng": -105.05902, "population": 7920}, {"name": "Applewood CDP, Colorado", "lat": 39.74748, "lng": -105.17297, "population": 7833}, {"name": "Lamar city, Colorado", "lat": 38.07597, "lng": -102.61472, "population": 7687}, {"name": "Severance town, Colorado", "lat": 40.50514, "lng": -104.8421, "population": 7683}, {"name": "Eagle town, Colorado", "lat": 39.64193, "lng": -106.81607, "population": 7511}, {"name": "La Junta city, Colorado", "lat": 37.97941, "lng": -103.54734, "population": 7322}, {"name": "Aspen city, Colorado", "lat": 39.19512, "lng": -106.83677, "population": 7004}, {"name": "Orchard Mesa CDP, Colorado", "lat": 39.03739, "lng": -108.52284, "population": 6688}, {"name": "Gleneagle CDP, Colorado", "lat": 39.03987, "lng": -104.82536, "population": 6649}, {"name": "Air Force Academy CDP, Colorado", "lat": 38.99419, "lng": -104.86392, "population": 6608}, {"name": "Gunnison city, Colorado", "lat": 38.54798, "lng": -106.9246, "population": 6560}, {"name": "Stratmoor CDP, Colorado", "lat": 38.77196, "lng": -104.77777, "population": 6518}, {"name": "Timnath town, Colorado", "lat": 40.53309, "lng": -104.96119, "population": 6487}, {"name": "Cherry Hills Village city, Colorado", "lat": 39.63742, "lng": -104.94747, "population": 6442}, {"name": "Carbondale town, Colorado", "lat": 39.39495, "lng": -107.21478, "population": 6434}, {"name": "Dacono city, Colorado", "lat": 40.06352, "lng": -104.9468, "population": 6297}, {"name": "Sheridan city, Colorado", "lat": 39.64776, "lng": -105.01746, "population": 6105}, {"name": "Avon town, Colorado", "lat": 39.64189, "lng": -106.51581, "population": 6072}, {"name": "Estes Park town, Colorado", "lat": 40.36705, "lng": -105.53386, "population": 5904}, {"name": "Eaton town, Colorado", "lat": 40.52569, "lng": -104.71299, "population": 5802}, {"name": "Salida city, Colorado", "lat": 38.52988, "lng": -105.99792, "population": 5666}, {"name": "Dove Valley CDP, Colorado", "lat": 39.57516, "lng": -104.83084, "population": 5640}, {"name": "Battlement Mesa CDP, Colorado", "lat": 39.45277, "lng": -108.00394, "population": 5438}, {"name": "Brush city, Colorado", "lat": 40.25926, "lng": -103.63633, "population": 5339}, {"name": "Shaw Heights CDP, Colorado", "lat": 39.85753, "lng": -105.03909, "population": 5185}, {"name": "Breckenridge town, Colorado", "lat": 39.49947, "lng": -106.04324, "population": 5078}, {"name": "Todd Creek CDP, Colorado", "lat": 39.97871, "lng": -104.86832, "population": 5028}, {"name": "Edgewater city, Colorado", "lat": 39.75085, "lng": -105.06262, "population": 5005}, {"name": "New Castle town, Colorado", "lat": 39.57764, "lng": -107.52645, "population": 4923}, {"name": "Manitou Springs city, Colorado", "lat": 38.85754, "lng": -104.91286, "population": 4858}, {"name": "Vail town, Colorado", "lat": 39.63778, "lng": -106.36247, "population": 4835}, {"name": "Meridian CDP, Colorado", "lat": 39.54568, "lng": -104.85332, "population": 4786}, {"name": "Mead town, Colorado", "lat": 40.227, "lng": -104.98832, "population": 4781}, {"name": "Glendale city, Colorado", "lat": 39.70305, "lng": -104.93616, "population": 4613}, {"name": "Silverthorne town, Colorado", "lat": 39.65432, "lng": -106.09404, "population": 4402}, {"name": "Castle Pines Village CDP, Colorado", "lat": 39.4418, "lng": -104.89704, "population": 4327}, {"name": "West Pleasant View CDP, Colorado", "lat": 39.73188, "lng": -105.17843, "population": 4327}, {"name": "Niwot CDP, Colorado", "lat": 40.09755, "lng": -105.15828, "population": 4306}, {"name": "Monte Vista city, Colorado", "lat": 37.57854, "lng": -106.14991, "population": 4247}, {"name": "El Jebel CDP, Colorado", "lat": 39.40699, "lng": -107.09422, "population": 4130}, {"name": "Basalt town, Colorado", "lat": 39.35818, "lng": -107.0186, "population": 3984}, {"name": "Lincoln Park CDP, Colorado", "lat": 38.42518, "lng": -105.21308, "population": 3934}, {"name": "Rocky Ford city, Colorado", "lat": 38.04988, "lng": -103.7221, "population": 3876}, {"name": "Florence city, Colorado", "lat": 38.37962, "lng": -105.10023, "population": 3822}, {"name": "Penrose CDP, Colorado", "lat": 38.4213, "lng": -105.00039, "population": 3685}, {"name": "Genesee CDP, Colorado", "lat": 39.6879, "lng": -105.2712, "population": 3610}, {"name": "Silt town, Colorado", "lat": 39.54798, "lng": -107.65274, "population": 3536}, {"name": "Sierra Ridge CDP, Colorado", "lat": 39.5286, "lng": -104.81724, "population": 3490}, {"name": "Yuma city, Colorado", "lat": 40.12251, "lng": -102.71564, "population": 3456}, {"name": "Ponderosa Park CDP, Colorado", "lat": 39.39867, "lng": -104.63549, "population": 3334}, {"name": "Strasburg CDP, Colorado", "lat": 39.72071, "lng": -104.31819, "population": 3307}, {"name": "Meridian Village CDP, Colorado", "lat": 39.52806, "lng": -104.82578, "population": 3202}, {"name": "Burlington city, Colorado", "lat": 39.30417, "lng": -102.27147, "population": 3172}, {"name": "Orchard City town, Colorado", "lat": 38.81813, "lng": -107.96727, "population": 3142}, {"name": "Snowmass Village town, Colorado", "lat": 39.21688, "lng": -106.94397, "population": 3096}, {"name": "Walsenburg city, Colorado", "lat": 37.6306, "lng": -104.78172, "population": 3049}, {"name": "Platteville town, Colorado", "lat": 40.22284, "lng": -104.83354, "population": 2955}, {"name": "Park Center CDP, Colorado", "lat": 38.48518, "lng": -105.22614, "population": 2953}, {"name": "Acres Green CDP, Colorado", "lat": 39.55573, "lng": -104.89582, "population": 2922}, {"name": "Frisco town, Colorado", "lat": 39.57848, "lng": -106.09097, "population": 2913}, {"name": "Bennett town, Colorado", "lat": 39.74599, "lng": -104.44284, "population": 2862}, {"name": "Buena Vista town, Colorado", "lat": 38.83185, "lng": -106.13866, "population": 2855}, {"name": "Bayfield town, Colorado", "lat": 37.23406, "lng": -107.59515, "population": 2838}, {"name": "Stepping Stone CDP, Colorado", "lat": 39.51475, "lng": -104.82216, "population": 2780}, {"name": "Holly Hills CDP, Colorado", "lat": 39.66773, "lng": -104.92162, "population": 2683}, {"name": "Palmer Lake town, Colorado", "lat": 39.1158, "lng": -104.90921, "population": 2636}, {"name": "Leadville city, Colorado", "lat": 39.24728, "lng": -106.29346, "population": 2633}, {"name": "Telluride town, Colorado", "lat": 37.93966, "lng": -107.81815, "population": 2607}, {"name": "Palisade town, Colorado", "lat": 39.10793, "lng": -108.35733, "population": 2565}, {"name": "Coal Creek CDP, Colorado", "lat": 39.90469, "lng": -105.37214, "population": 2494}, {"name": "Laporte CDP, Colorado", "lat": 40.6377, "lng": -105.1436, "population": 2409}, {"name": "Meeker town, Colorado", "lat": 40.04995, "lng": -107.89458, "population": 2374}, {"name": "La Salle town, Colorado", "lat": 40.34847, "lng": -104.70614, "population": 2359}, {"name": "Wray city, Colorado", "lat": 40.07995, "lng": -102.22862, "population": 2358}, {"name": "Holyoke city, Colorado", "lat": 40.5821, "lng": -102.29719, "population": 2346}, {"name": "Las Animas city, Colorado", "lat": 38.06967, "lng": -103.22323, "population": 2300}, {"name": "Rangely town, Colorado", "lat": 40.08701, "lng": -108.78326, "population": 2299}, {"name": "Cedaredge town, Colorado", "lat": 38.8941, "lng": -107.92548, "population": 2279}, {"name": "Colorado City CDP, Colorado", "lat": 37.93938, "lng": -104.84308, "population": 2237}, {"name": "Inverness CDP, Colorado", "lat": 39.57583, "lng": -104.86532, "population": 2226}, {"name": "Lyons town, Colorado", "lat": 40.22305, "lng": -105.26866, "population": 2209}, {"name": "Granby town, Colorado", "lat": 40.0648, "lng": -105.91939, "population": 2079}, {"name": "Limon town, Colorado", "lat": 39.26507, "lng": -103.68591, "population": 2043}, {"name": "Olathe town, Colorado", "lat": 38.60838, "lng": -107.9833, "population": 2019}, {"name": "Hayden town, Colorado", "lat": 40.49222, "lng": -107.26432, "population": 1941}, {"name": "Perry Park CDP, Colorado", "lat": 39.26046, "lng": -104.96784, "population": 1932}, {"name": "Center town, Colorado", "lat": 37.75124, "lng": -106.11056, "population": 1929}, {"name": "Leadville North CDP, Colorado", "lat": 39.26002, "lng": -106.31129, "population": 1892}, {"name": "Ault town, Colorado", "lat": 40.58929, "lng": -104.73918, "population": 1887}, {"name": "Sterling Ranch CDP, Colorado", "lat": 39.49323, "lng": -105.04751, "population": 1789}, {"name": "Idaho Springs city, Colorado", "lat": 39.73563, "lng": -105.51738, "population": 1782}, {"name": "Akron town, Colorado", "lat": 40.16347, "lng": -103.22027, "population": 1757}, {"name": "Aristocrat Ranchettes CDP, Colorado", "lat": 40.1096, "lng": -104.75495, "population": 1715}, {"name": "Elizabeth town, Colorado", "lat": 39.36526, "lng": -104.60392, "population": 1675}, {"name": "Hudson town, Colorado", "lat": 40.09175, "lng": -104.59374, "population": 1651}, {"name": "Crested Butte town, Colorado", "lat": 38.86761, "lng": -106.97724, "population": 1639}, {"name": "Cascade-Chipita Park CDP, Colorado", "lat": 38.94743, "lng": -104.9981, "population": 1628}, {"name": "Pagosa Springs town, Colorado", "lat": 37.26342, "lng": -107.00356, "population": 1571}, {"name": "Kremmling town, Colorado", "lat": 40.05655, "lng": -106.37821, "population": 1509}, {"name": "Columbine Valley town, Colorado", "lat": 39.59957, "lng": -105.03088, "population": 1502}, {"name": "Aetna Estates CDP, Colorado", "lat": 39.73813, "lng": -104.67322, "population": 1496}, {"name": "Kersey town, Colorado", "lat": 40.38801, "lng": -104.55616, "population": 1495}, {"name": "Indian Hills CDP, Colorado", "lat": 39.62988, "lng": -105.24746, "population": 1474}, {"name": "Nederland town, Colorado", "lat": 39.96381, "lng": -105.50586, "population": 1471}, {"name": "Del Norte town, Colorado", "lat": 37.67846, "lng": -106.35394, "population": 1458}, {"name": "Alamosa East CDP, Colorado", "lat": 37.47667, "lng": -105.83972, "population": 1453}, {"name": "Paonia town, Colorado", "lat": 38.86981, "lng": -107.59197, "population": 1447}, {"name": "Wiggins town, Colorado", "lat": 40.22843, "lng": -104.07213, "population": 1401}, {"name": "Fraser town, Colorado", "lat": 39.92329, "lng": -105.80527, "population": 1400}, {"name": "Parachute town, Colorado", "lat": 39.45338, "lng": -108.051, "population": 1390}, {"name": "Keystone CDP, Colorado", "lat": 39.5739, "lng": -105.93472, "population": 1369}, {"name": "Springfield town, Colorado", "lat": 37.40491, "lng": -102.6189, "population": 1325}, {"name": "Byers CDP, Colorado", "lat": 39.70943, "lng": -104.21285, "population": 1322}, {"name": "Loma CDP, Colorado", "lat": 39.20751, "lng": -108.80503, "population": 1314}, {"name": "Kittredge CDP, Colorado", "lat": 39.65937, "lng": -105.30489, "population": 1308}, {"name": "Julesburg town, Colorado", "lat": 40.98486, "lng": -102.26271, "population": 1307}, {"name": "Mountain Village town, Colorado", "lat": 37.93242, "lng": -107.85774, "population": 1264}, {"name": "Fowler town, Colorado", "lat": 38.13062, "lng": -104.0261, "population": 1253}, {"name": "Keenesburg town, Colorado", "lat": 40.15425, "lng": -104.58403, "population": 1250}, {"name": "Ellicott CDP, Colorado", "lat": 38.82558, "lng": -104.38287, "population": 1248}, {"name": "Mancos town, Colorado", "lat": 37.34663, "lng": -108.29389, "population": 1196}, {"name": "Ridgway town, Colorado", "lat": 38.15718, "lng": -107.7546, "population": 1183}, {"name": "Dotsero CDP, Colorado", "lat": 39.64759, "lng": -107.04986, "population": 1172}, {"name": "Cripple Creek city, Colorado", "lat": 38.74658, "lng": -105.18498, "population": 1155}, {"name": "Towaoc CDP, Colorado", "lat": 37.2126, "lng": -108.72646, "population": 1120}, {"name": "Georgetown town, Colorado", "lat": 39.71789, "lng": -105.69449, "population": 1118}, {"name": "Pierce town, Colorado", "lat": 40.64758, "lng": -104.78005, "population": 1097}, {"name": "Deer Trail town, Colorado", "lat": 39.61581, "lng": -104.04306, "population": 1068}, {"name": "Ordway town, Colorado", "lat": 38.2209, "lng": -103.75668, "population": 1066}, {"name": "Dillon town, Colorado", "lat": 39.62588, "lng": -106.04373, "population": 1064}, {"name": "Floyd Hill CDP, Colorado", "lat": 39.71971, "lng": -105.4349, "population": 1048}, {"name": "Minturn town, Colorado", "lat": 39.53562, "lng": -106.38173, "population": 1033}, {"name": "Winter Park town, Colorado", "lat": 39.87847, "lng": -105.78284, "population": 1033}, {"name": "Gilcrest town, Colorado", "lat": 40.28416, "lng": -104.78202, "population": 1029}, {"name": "Upper Bear Creek CDP, Colorado", "lat": 39.62688, "lng": -105.40969, "population": 984}, {"name": "Haxtun town, Colorado", "lat": 40.64187, "lng": -102.6297, "population": 981}, {"name": "Paragon Estates CDP, Colorado", "lat": 39.98076, "lng": -105.18519, "population": 975}, {"name": "Pine Brook Hill CDP, Colorado", "lat": 40.03841, "lng": -105.30753, "population": 975}, {"name": "Lazy Acres CDP, Colorado", "lat": 40.08555, "lng": -105.33437, "population": 957}, {"name": "Manassa town, Colorado", "lat": 37.17384, "lng": -105.93727, "population": 947}, {"name": "Mount Crested Butte town, Colorado", "lat": 38.9083, "lng": -106.96059, "population": 941}, {"name": "Poncha Springs town, Colorado", "lat": 38.52111, "lng": -106.07258, "population": 925}, {"name": "Log Lane Village town, Colorado", "lat": 40.26973, "lng": -103.82896, "population": 913}, {"name": "Ouray city, Colorado", "lat": 38.02754, "lng": -107.67335, "population": 898}, {"name": "Oak Creek town, Colorado", "lat": 40.27405, "lng": -106.95736, "population": 889}, {"name": "Dolores town, Colorado", "lat": 37.47409, "lng": -108.49989, "population": 885}, {"name": "Sanford town, Colorado", "lat": 37.25741, "lng": -105.90077, "population": 879}, {"name": "Blue River town, Colorado", "lat": 39.44846, "lng": -106.03678, "population": 877}, {"name": "Hotchkiss town, Colorado", "lat": 38.79899, "lng": -107.71338, "population": 875}, {"name": "La Veta town, Colorado", "lat": 37.50856, "lng": -105.00849, "population": 862}, {"name": "Bow Mar town, Colorado", "lat": 39.62659, "lng": -105.05091, "population": 853}, {"name": "Howard CDP, Colorado", "lat": 38.40975, "lng": -105.84241, "population": 852}, {"name": "Ignacio town, Colorado", "lat": 37.118, "lng": -107.63756, "population": 852}, {"name": "Holly town, Colorado", "lat": 38.05564, "lng": -102.12459, "population": 837}, {"name": "Aspen Park CDP, Colorado", "lat": 39.54265, "lng": -105.29631, "population": 810}, {"name": "Blende CDP, Colorado", "lat": 38.24978, "lng": -104.56871, "population": 788}, {"name": "Hugo town, Colorado", "lat": 39.13618, "lng": -103.47314, "population": 787}, {"name": "Central City city, Colorado", "lat": 39.79537, "lng": -105.50897, "population": 779}, {"name": "Calhan town, Colorado", "lat": 39.03445, "lng": -104.29942, "population": 762}, {"name": "Cheyenne Wells town, Colorado", "lat": 38.8192, "lng": -102.35203, "population": 758}, {"name": "Foxfield town, Colorado", "lat": 39.58814, "lng": -104.78574, "population": 754}, {"name": "North Washington CDP, Colorado", "lat": 39.80775, "lng": -104.98004, "population": 733}, {"name": "Williamsburg town, Colorado", "lat": 38.38398, "lng": -105.17099, "population": 731}, {"name": "La Jara town, Colorado", "lat": 37.27352, "lng": -105.95972, "population": 730}, {"name": "Kiowa town, Colorado", "lat": 39.34369, "lng": -104.45788, "population": 725}, {"name": "Fairplay town, Colorado", "lat": 39.22506, "lng": -105.99639, "population": 724}, {"name": "Grand View Estates CDP, Colorado", "lat": 39.54296, "lng": -104.82263, "population": 689}, {"name": "Hot Sulphur Springs town, Colorado", "lat": 40.0749, "lng": -106.10317, "population": 687}, {"name": "Watkins CDP, Colorado", "lat": 39.6984, "lng": -104.57723, "population": 682}, {"name": "Eads town, Colorado", "lat": 38.48142, "lng": -102.77966, "population": 672}, {"name": "Cattle Creek CDP, Colorado", "lat": 39.46663, "lng": -107.25992, "population": 662}, {"name": "Stratton town, Colorado", "lat": 39.30288, "lng": -102.60347, "population": 656}, {"name": "Copper Mountain CDP, Colorado", "lat": 39.47689, "lng": -106.20111, "population": 650}, {"name": "Antonito town, Colorado", "lat": 37.07625, "lng": -106.01033, "population": 647}, {"name": "Green Mountain Falls town, Colorado", "lat": 38.93495, "lng": -105.01966, "population": 646}, {"name": "Dove Creek town, Colorado", "lat": 37.76684, "lng": -108.90717, "population": 635}, {"name": "Brook Forest CDP, Colorado", "lat": 39.57388, "lng": -105.3944, "population": 622}, {"name": "Silverton town, Colorado", "lat": 37.81087, "lng": -107.66474, "population": 622}, {"name": "Loghill Village CDP, Colorado", "lat": 38.19941, "lng": -107.77534, "population": 617}, {"name": "Silver Cliff town, Colorado", "lat": 38.1292, "lng": -105.39917, "population": 609}, {"name": "Walden town, Colorado", "lat": 40.73158, "lng": -106.28134, "population": 606}, {"name": "Swink town, Colorado", "lat": 38.01407, "lng": -103.62816, "population": 604}, {"name": "Simla town, Colorado", "lat": 39.14074, "lng": -104.08237, "population": 601}, {"name": "San Luis town, Colorado", "lat": 37.20238, "lng": -105.42251, "population": 598}, {"name": "Avondale CDP, Colorado", "lat": 38.23518, "lng": -104.34823, "population": 594}, {"name": "Nucla town, Colorado", "lat": 38.26669, "lng": -108.54869, "population": 585}, {"name": "Allenspark CDP, Colorado", "lat": 40.23128, "lng": -105.51799, "population": 568}, {"name": "Flagler town, Colorado", "lat": 39.29718, "lng": -103.06757, "population": 567}, {"name": "Eldorado Springs CDP, Colorado", "lat": 39.93927, "lng": -105.24908, "population": 559}, {"name": "Walsh town, Colorado", "lat": 37.38611, "lng": -102.27993, "population": 543}, {"name": "Mountain View town, Colorado", "lat": 39.77478, "lng": -105.05671, "population": 541}, {"name": "Saguache town, Colorado", "lat": 38.08627, "lng": -106.14105, "population": 539}, {"name": "Norwood town, Colorado", "lat": 38.12904, "lng": -108.29181, "population": 535}, {"name": "Downieville-Lawson-Dumont CDP, Colorado", "lat": 39.76661, "lng": -105.60673, "population": 527}, {"name": "Beulah Valley CDP, Colorado", "lat": 38.07271, "lng": -104.9817, "population": 518}, {"name": "Altona CDP, Colorado", "lat": 40.12193, "lng": -105.29617, "population": 512}, {"name": "Otis town, Colorado", "lat": 40.15013, "lng": -102.96214, "population": 511}, {"name": "Rockvale town, Colorado", "lat": 38.3644, "lng": -105.16461, "population": 511}, {"name": "South Fork town, Colorado", "lat": 37.66919, "lng": -106.64285, "population": 510}, {"name": "Salt Creek CDP, Colorado", "lat": 38.24069, "lng": -104.58665, "population": 507}, {"name": "Nunn town, Colorado", "lat": 40.71375, "lng": -104.78888, "population": 504}, {"name": "De Beque town, Colorado", "lat": 39.30999, "lng": -108.205, "population": 493}, {"name": "Naturita town, Colorado", "lat": 38.21834, "lng": -108.56663, "population": 485}, {"name": "North La Junta CDP, Colorado", "lat": 37.99961, "lng": -103.52319, "population": 482}, {"name": "Fort Garland CDP, Colorado", "lat": 37.42792, "lng": -105.43501, "population": 464}, {"name": "Aguilar town, Colorado", "lat": 37.40363, "lng": -104.65504, "population": 456}, {"name": "Granada town, Colorado", "lat": 38.06297, "lng": -102.31159, "population": 445}, {"name": "Comanche Creek CDP, Colorado", "lat": 39.60614, "lng": -104.33584, "population": 442}, {"name": "Wiley town, Colorado", "lat": 38.15532, "lng": -102.71918, "population": 437}, {"name": "Westcliffe town, Colorado", "lat": 38.1342, "lng": -105.46531, "population": 435}, {"name": "Lake City town, Colorado", "lat": 38.02161, "lng": -107.31071, "population": 432}, {"name": "Fleming town, Colorado", "lat": 40.68207, "lng": -102.83963, "population": 428}, {"name": "Red Feather Lakes CDP, Colorado", "lat": 40.80947, "lng": -105.57899, "population": 426}, {"name": "Grand Lake town, Colorado", "lat": 40.25594, "lng": -105.82894, "population": 410}, {"name": "Franktown CDP, Colorado", "lat": 39.39001, "lng": -104.74239, "population": 409}, {"name": "Crawford town, Colorado", "lat": 38.70504, "lng": -107.6096, "population": 403}, {"name": "Tabernash CDP, Colorado", "lat": 39.97876, "lng": -105.84405, "population": 401}, {"name": "Yampa town, Colorado", "lat": 40.15301, "lng": -106.90863, "population": 399}, {"name": "Morrison town, Colorado", "lat": 39.63636, "lng": -105.20596, "population": 396}, {"name": "Upper Witter Gulch CDP, Colorado", "lat": 39.66107, "lng": -105.42683, "population": 380}, {"name": "Victor city, Colorado", "lat": 38.70874, "lng": -105.14189, "population": 379}, {"name": "Collbran town, Colorado", "lat": 39.24001, "lng": -107.96352, "population": 369}, {"name": "Coal Creek town, Colorado", "lat": 38.36217, "lng": -105.1422, "population": 364}, {"name": "Pine Valley CDP, Colorado", "lat": 39.69094, "lng": -105.41323, "population": 363}, {"name": "Placerville CDP, Colorado", "lat": 38.00531, "lng": -108.03983, "population": 362}, {"name": "Empire town, Colorado", "lat": 39.75944, "lng": -105.68168, "population": 345}, {"name": "Coaldale CDP, Colorado", "lat": 38.35574, "lng": -105.81308, "population": 343}, {"name": "Manzanola town, Colorado", "lat": 38.10876, "lng": -103.8668, "population": 341}, {"name": "East Pleasant View CDP, Colorado", "lat": 39.72769, "lng": -105.15724, "population": 333}, {"name": "St. Mary's CDP, Colorado", "lat": 39.81653, "lng": -105.64714, "population": 333}, {"name": "Chacra CDP, Colorado", "lat": 39.5784, "lng": -107.45491, "population": 331}, {"name": "St. Ann Highlands CDP, Colorado", "lat": 39.9873, "lng": -105.45581, "population": 325}, {"name": "Blanca town, Colorado", "lat": 37.43927, "lng": -105.51354, "population": 322}, {"name": "Olney Springs town, Colorado", "lat": 38.16627, "lng": -103.94449, "population": 315}, {"name": "Echo Hills CDP, Colorado", "lat": 39.67474, "lng": -105.41342, "population": 313}, {"name": "Hillrose town, Colorado", "lat": 40.32449, "lng": -103.52221, "population": 312}, {"name": "Arboles CDP, Colorado", "lat": 37.02086, "lng": -107.42174, "population": 308}, {"name": "Boone town, Colorado", "lat": 38.2506, "lng": -104.26099, "population": 305}, {"name": "Romeo town, Colorado", "lat": 37.17182, "lng": -105.98542, "population": 302}, {"name": "Johnson Village CDP, Colorado", "lat": 38.81189, "lng": -106.10711, "population": 299}, {"name": "Morgan Heights CDP, Colorado", "lat": 40.28749, "lng": -103.82745, "population": 298}, {"name": "Alma town, Colorado", "lat": 39.28613, "lng": -106.06889, "population": 296}, {"name": "Louviers CDP, Colorado", "lat": 39.47987, "lng": -105.00334, "population": 293}, {"name": "Woody Creek CDP, Colorado", "lat": 39.27087, "lng": -106.88833, "population": 290}, {"name": "Nathrop CDP, Colorado", "lat": 38.74874, "lng": -106.07642, "population": 288}, {"name": "Rico town, Colorado", "lat": 37.68909, "lng": -108.03168, "population": 288}, {"name": "Merino town, Colorado", "lat": 40.48371, "lng": -103.35367, "population": 281}, {"name": "Sugarloaf CDP, Colorado", "lat": 40.01888, "lng": -105.40767, "population": 274}, {"name": "Ovid town, Colorado", "lat": 40.96075, "lng": -102.38834, "population": 271}, {"name": "Vineland CDP, Colorado", "lat": 38.24474, "lng": -104.45987, "population": 269}, {"name": "Gerrard CDP, Colorado", "lat": 37.67835, "lng": -106.57524, "population": 264}, {"name": "Mulford CDP, Colorado", "lat": 39.40635, "lng": -107.16599, "population": 259}, {"name": "Sugar City town, Colorado", "lat": 38.23277, "lng": -103.66331, "population": 259}, {"name": "City of Creede town, Colorado", "lat": 37.84859, "lng": -106.92516, "population": 257}, {"name": "Lewis CDP, Colorado", "lat": 37.50171, "lng": -108.66006, "population": 257}, {"name": "Red Cliff town, Colorado", "lat": 39.50928, "lng": -106.36995, "population": 257}, {"name": "Jamestown town, Colorado", "lat": 40.123, "lng": -105.39314, "population": 256}, {"name": "Kit Carson town, Colorado", "lat": 38.76282, "lng": -102.79537, "population": 255}, {"name": "Garden City town, Colorado", "lat": 40.39459, "lng": -104.68949, "population": 254}, {"name": "Iliff town, Colorado", "lat": 40.75918, "lng": -103.0661, "population": 246}, {"name": "Idledale CDP, Colorado", "lat": 39.66893, "lng": -105.24319, "population": 244}, {"name": "Dinosaur town, Colorado", "lat": 40.23986, "lng": -109.00679, "population": 243}, {"name": "Cheraw town, Colorado", "lat": 38.10766, "lng": -103.51102, "population": 237}, {"name": "Mountain Meadows CDP, Colorado", "lat": 40.02704, "lng": -105.38314, "population": 237}, {"name": "Brookside town, Colorado", "lat": 38.41349, "lng": -105.19094, "population": 236}, {"name": "Catherine CDP, Colorado", "lat": 39.40376, "lng": -107.14496, "population": 235}, {"name": "Phippsburg CDP, Colorado", "lat": 40.23014, "lng": -106.9508, "population": 234}, {"name": "Eckley town, Colorado", "lat": 40.11235, "lng": -102.48828, "population": 232}, {"name": "Gold Hill CDP, Colorado", "lat": 40.05973, "lng": -105.41892, "population": 218}, {"name": "El Moro CDP, Colorado", "lat": 37.24663, "lng": -104.45311, "population": 216}, {"name": "Peyton CDP, Colorado", "lat": 39.03298, "lng": -104.4904, "population": 214}, {"name": "Peetz town, Colorado", "lat": 40.96182, "lng": -103.11381, "population": 213}, {"name": "Silver Plume town, Colorado", "lat": 39.69537, "lng": -105.72702, "population": 207}, {"name": "Larkspur town, Colorado", "lat": 39.22957, "lng": -104.88568, "population": 206}, {"name": "Rye town, Colorado", "lat": 37.92128, "lng": -104.93193, "population": 206}, {"name": "Twin Lakes CDP (Lake County), Colorado", "lat": 39.10371, "lng": -106.31898, "population": 204}, {"name": "Arriba town, Colorado", "lat": 39.28433, "lng": -103.27403, "population": 202}, {"name": "Bark Ranch CDP, Colorado", "lat": 40.1178, "lng": -105.44072, "population": 202}, {"name": "Sunshine CDP, Colorado", "lat": 40.06365, "lng": -105.36958, "population": 198}, {"name": "Ophir town, Colorado", "lat": 37.85681, "lng": -107.83124, "population": 197}, {"name": "Rollinsville CDP, Colorado", "lat": 39.92319, "lng": -105.51355, "population": 194}, {"name": "Elbert CDP, Colorado", "lat": 39.21886, "lng": -104.54044, "population": 188}, {"name": "Tall Timber CDP, Colorado", "lat": 40.01515, "lng": -105.34982, "population": 185}, {"name": "Bethune town, Colorado", "lat": 39.30382, "lng": -102.42341, "population": 183}, {"name": "Hasty CDP, Colorado", "lat": 38.10231, "lng": -102.96968, "population": 182}, {"name": "Midland CDP, Colorado", "lat": 38.84634, "lng": -105.15212, "population": 182}, {"name": "Crisman CDP, Colorado", "lat": 40.04338, "lng": -105.3724, "population": 179}, {"name": "Sedalia CDP, Colorado", "lat": 39.4397, "lng": -104.96991, "population": 177}, {"name": "Blue Valley CDP, Colorado", "lat": 39.69969, "lng": -105.49211, "population": 173}, {"name": "Maysville CDP, Colorado", "lat": 38.526, "lng": -106.21943, "population": 173}, {"name": "Redvale CDP, Colorado", "lat": 38.17606, "lng": -108.41251, "population": 172}, {"name": "Sedgwick town, Colorado", "lat": 40.93551, "lng": -102.52564, "population": 172}, {"name": "Seibert town, Colorado", "lat": 39.29797, "lng": -102.86952, "population": 172}, {"name": "Alpine CDP, Colorado", "lat": 37.6878, "lng": -106.5861, "population": 169}, {"name": "Lazear CDP, Colorado", "lat": 38.77879, "lng": -107.78041, "population": 168}, {"name": "Crowley town, Colorado", "lat": 38.19351, "lng": -103.85974, "population": 166}, {"name": "Southern Ute CDP, Colorado", "lat": 37.07489, "lng": -107.59331, "population": 158}, {"name": "Grover town, Colorado", "lat": 40.86911, "lng": -104.22593, "population": 157}, {"name": "Trail Side CDP, Colorado", "lat": 40.24904, "lng": -103.8432, "population": 157}, {"name": "Genoa town, Colorado", "lat": 39.27822, "lng": -103.49872, "population": 153}, {"name": "Peoria CDP, Colorado", "lat": 39.65333, "lng": -104.13698, "population": 153}, {"name": "Divide CDP, Colorado", "lat": 38.94501, "lng": -105.16195, "population": 143}, {"name": "Crestone town, Colorado", "lat": 37.99453, "lng": -105.69621, "population": 141}, {"name": "Eldora CDP, Colorado", "lat": 39.95825, "lng": -105.58498, "population": 140}, {"name": "Atwood CDP, Colorado", "lat": 40.55048, "lng": -103.2746, "population": 138}, {"name": "Portland CDP, Colorado", "lat": 38.08922, "lng": -107.69523, "population": 136}, {"name": "Snyder CDP, Colorado", "lat": 40.33082, "lng": -103.59197, "population": 136}, {"name": "Briggsdale CDP, Colorado", "lat": 40.63595, "lng": -104.32838, "population": 134}, {"name": "Capulin CDP, Colorado", "lat": 37.28189, "lng": -106.10495, "population": 134}, {"name": "Crook town, Colorado", "lat": 40.85877, "lng": -102.8014, "population": 133}, {"name": "Marble town, Colorado", "lat": 39.07167, "lng": -107.19075, "population": 133}, {"name": "Jackson Lake CDP, Colorado", "lat": 40.37006, "lng": -104.05917, "population": 131}, {"name": "McClave CDP, Colorado", "lat": 38.13155, "lng": -102.85044, "population": 129}, {"name": "Seven Hills CDP, Colorado", "lat": 40.0337, "lng": -105.33075, "population": 129}, {"name": "Florissant CDP, Colorado", "lat": 38.94456, "lng": -105.28987, "population": 128}, {"name": "Ward town, Colorado", "lat": 40.07304, "lng": -105.51478, "population": 128}, {"name": "Black Hawk city, Colorado", "lat": 39.80414, "lng": -105.4949, "population": 127}, {"name": "Bonanza Mountain Estates CDP, Colorado", "lat": 39.97689, "lng": -105.47958, "population": 127}, {"name": "Cokedale town, Colorado", "lat": 37.14422, "lng": -104.62159, "population": 127}, {"name": "Redstone CDP, Colorado", "lat": 39.18028, "lng": -107.23829, "population": 127}, {"name": "La Junta Gardens CDP, Colorado", "lat": 38.00135, "lng": -103.55485, "population": 123}, {"name": "Westcreek CDP, Colorado", "lat": 39.14893, "lng": -105.1623, "population": 120}, {"name": "No Name CDP, Colorado", "lat": 39.55973, "lng": -107.29279, "population": 117}, {"name": "Weldona CDP, Colorado", "lat": 40.34841, "lng": -103.96936, "population": 113}, {"name": "Pritchett town, Colorado", "lat": 37.37001, "lng": -102.85875, "population": 112}, {"name": "Guffey CDP, Colorado", "lat": 38.76065, "lng": -105.50982, "population": 111}, {"name": "Ramah town, Colorado", "lat": 39.12224, "lng": -104.16734, "population": 111}, {"name": "Raymer (New Raymer) town, Colorado", "lat": 40.60796, "lng": -103.84358, "population": 110}, {"name": "Moffat town, Colorado", "lat": 38.00267, "lng": -105.90652, "population": 108}, {"name": "Gardner CDP, Colorado", "lat": 37.78887, "lng": -105.16446, "population": 106}, {"name": "Brick Center CDP, Colorado", "lat": 39.59124, "lng": -104.4608, "population": 105}, {"name": "Campo town, Colorado", "lat": 37.10471, "lng": -102.5788, "population": 103}, {"name": "Arapahoe CDP, Colorado", "lat": 38.85292, "lng": -102.1789, "population": 102}, {"name": "Jansen CDP, Colorado", "lat": 37.15817, "lng": -104.55011, "population": 101}, {"name": "Segundo CDP, Colorado", "lat": 37.12252, "lng": -104.73974, "population": 100}, {"name": "Vilas town, Colorado", "lat": 37.37366, "lng": -102.44742, "population": 98}, {"name": "Idalia CDP, Colorado", "lat": 39.70292, "lng": -102.29383, "population": 97}, {"name": "Vona town, Colorado", "lat": 39.30212, "lng": -102.74335, "population": 95}, {"name": "Smeltertown CDP, Colorado", "lat": 38.55232, "lng": -106.00842, "population": 88}, {"name": "Joes CDP, Colorado", "lat": 39.66323, "lng": -102.6785, "population": 82}, {"name": "Hooper town, Colorado", "lat": 37.74598, "lng": -105.87774, "population": 81}, {"name": "Hoehne CDP, Colorado", "lat": 37.28145, "lng": -104.38909, "population": 80}, {"name": "Matheson CDP, Colorado", "lat": 39.16832, "lng": -103.97702, "population": 79}, {"name": "Maybell CDP, Colorado", "lat": 40.51883, "lng": -108.08849, "population": 76}, {"name": "Orchard CDP, Colorado", "lat": 40.332, "lng": -104.1178, "population": 76}, {"name": "Padroni CDP, Colorado", "lat": 40.78181, "lng": -103.1733, "population": 75}, {"name": "Heeney CDP, Colorado", "lat": 39.87399, "lng": -106.30415, "population": 74}, {"name": "Montezuma town, Colorado", "lat": 39.58148, "lng": -105.86765, "population": 74}, {"name": "Pitkin town, Colorado", "lat": 38.60872, "lng": -106.51492, "population": 72}, {"name": "Haswell town, Colorado", "lat": 38.45249, "lng": -103.16498, "population": 71}, {"name": "Marvel CDP, Colorado", "lat": 37.11118, "lng": -108.12633, "population": 68}, {"name": "Rock Creek Park CDP, Colorado", "lat": 38.70107, "lng": -104.8347, "population": 68}, {"name": "Saddle Ridge CDP, Colorado", "lat": 40.31307, "lng": -103.8023, "population": 66}, {"name": "Stonewall Gap CDP, Colorado", "lat": 37.16047, "lng": -105.0342, "population": 66}, {"name": "Blue Sky CDP, Colorado", "lat": 40.30009, "lng": -103.80553, "population": 65}, {"name": "Glendale CDP, Colorado", "lat": 40.08691, "lng": -105.37155, "population": 64}, {"name": "Valmont CDP, Colorado", "lat": 40.03365, "lng": -105.20782, "population": 64}, {"name": "Goldfield CDP, Colorado", "lat": 38.71764, "lng": -105.12533, "population": 63}, {"name": "Kim town, Colorado", "lat": 37.24706, "lng": -103.35341, "population": 63}, {"name": "Starkville town, Colorado", "lat": 37.11683, "lng": -104.5233, "population": 62}, {"name": "Kirk CDP, Colorado", "lat": 39.61269, "lng": -102.59199, "population": 61}, {"name": "Branson town, Colorado", "lat": 37.01549, "lng": -103.88378, "population": 57}, {"name": "Hartman town, Colorado", "lat": 38.12113, "lng": -102.22161, "population": 56}, {"name": "San Acacio CDP, Colorado", "lat": 37.20863, "lng": -105.56664, "population": 56}, {"name": "Sheridan Lake town, Colorado", "lat": 38.46671, "lng": -102.2944, "population": 55}, {"name": "Somerset CDP, Colorado", "lat": 38.92881, "lng": -107.46499, "population": 55}, {"name": "Cope CDP, Colorado", "lat": 39.66422, "lng": -102.84513, "population": 53}, {"name": "Weston CDP, Colorado", "lat": 37.14592, "lng": -104.86828, "population": 53}, {"name": "Paoli town, Colorado", "lat": 40.61276, "lng": -102.47176, "population": 51}, {"name": "Amherst CDP, Colorado", "lat": 40.68316, "lng": -102.1726, "population": 47}, {"name": "Conejos CDP, Colorado", "lat": 37.08726, "lng": -106.01599, "population": 46}, {"name": "Laird CDP, Colorado", "lat": 40.0818, "lng": -102.1019, "population": 46}, {"name": "Valdez CDP, Colorado", "lat": 37.12579, "lng": -104.67286, "population": 46}, {"name": "Cotopaxi CDP, Colorado", "lat": 38.37281, "lng": -105.68552, "population": 44}, {"name": "Parshall CDP, Colorado", "lat": 40.05556, "lng": -106.176, "population": 42}, {"name": "Leyner CDP, Colorado", "lat": 40.0511, "lng": -105.10744, "population": 40}, {"name": "Hartsel CDP, Colorado", "lat": 39.02263, "lng": -105.80057, "population": 38}, {"name": "Sawpit town, Colorado", "lat": 37.99472, "lng": -108.00214, "population": 38}, {"name": "Vernon CDP, Colorado", "lat": 39.93955, "lng": -102.30692, "population": 38}, {"name": "Colona CDP, Colorado", "lat": 38.32751, "lng": -107.77931, "population": 36}, {"name": "Two Buttes town, Colorado", "lat": 37.56066, "lng": -102.39656, "population": 34}, {"name": "Piedra CDP, Colorado", "lat": 37.44179, "lng": -107.16843, "population": 31}, {"name": "McCoy CDP, Colorado", "lat": 39.91438, "lng": -106.72572, "population": 30}, {"name": "Garfield CDP, Colorado", "lat": 38.54927, "lng": -106.28928, "population": 27}, {"name": "Hidden Lake CDP, Colorado", "lat": 40.10516, "lng": -105.47757, "population": 24}, {"name": "Brandon CDP, Colorado", "lat": 38.4464, "lng": -102.44115, "population": 21}, {"name": "Wolcott CDP, Colorado", "lat": 39.70357, "lng": -106.6793, "population": 20}, {"name": "Towner CDP, Colorado", "lat": 38.4704, "lng": -102.08046, "population": 18}, {"name": "Bonanza town, Colorado", "lat": 38.29662, "lng": -106.14187, "population": 17}, {"name": "Lakeside town, Colorado", "lat": 39.77907, "lng": -105.05782, "population": 16}, {"name": "Cathedral CDP, Colorado", "lat": 38.08363, "lng": -107.03068, "population": 15}, {"name": "Lynn CDP, Colorado", "lat": 37.42191, "lng": -104.64306, "population": 11}, {"name": "Norrie CDP, Colorado", "lat": 39.32813, "lng": -106.65627, "population": 7}]