[{"name": "Jacksonville city, Florida", "lat": 30.33686, "lng": -81.6616, "population": 949611}, {"name": "Miami city, Florida", "lat": 25.77516, "lng": -80.20861, "population": 442241}, {"name": "Tampa city, Florida", "lat": 27.96788, "lng": -82.47459, "population": 384959}, {"name": "Orlando city, Florida", "lat": 28.40865, "lng": -81.25481, "population": 307573}, {"name": "St. Petersburg city, Florida", "lat": 27.7664, "lng": -82.64317, "population": 258308}, {"name": "Hialeah city, Florida", "lat": 25.86994, "lng": -80.30286, "population": 223109}, {"name": "Port St. Lucie city, Florida", "lat": 27.28055, "lng": -80.38826, "population": 204851}, {"name": "Tallahassee city, Florida", "lat": 30.45513, "lng": -84.25342, "population": 196169}, {"name": "Cape Coral city, Florida", "lat": 26.64502, "lng": -81.99332, "population": 194016}, {"name": "Fort Lauderdale city, Florida", "lat": 26.14123, "lng": -80.14673, "population": 182760}, {"name": "Pembroke Pines city, Florida", "lat": 26.01472, "lng": -80.34017, "population": 171178}, {"name": "Hollywood city, Florida", "lat": 26.03097, "lng": -80.16461, "population": 153067}, {"name": "Gainesville city, Florida", "lat": 29.68069, "lng": -82.34918, "population": 141085}, {"name": "Miramar city, Florida", "lat": 25.97253, "lng": -80.33858, "population": 134721}, {"name": "Coral Springs city, Florida", "lat": 26.27072, "lng": -80.2593, "population": 134394}, {"name": "Palm Bay city, Florida", "lat": 27.96489, "lng": -80.65828, "population": 119760}, {"name": "West Palm Beach city, Florida", "lat": 26.74511, "lng": -80.12704, "population": 117415}, {"name": "Clearwater city, Florida", "lat": 27.98029, "lng": -82.76817, "population": 117292}, {"name": "Brandon CDP, Florida", "lat": 27.93598, "lng": -82.29926, "population": 114626}, {"name": "Lehigh Acres CDP, Florida", "lat": 26.61269, "lng": -81.63885, "population": 114287}, {"name": "Spring Hill CDP, Florida", "lat": 28.47921, "lng": -82.52966, "population": 113568}, {"name": "Lakeland city, Florida", "lat": 28.0555, "lng": -81.95477, "population": 112641}, {"name": "Pompano Beach city, Florida", "lat": 26.24162, "lng": -80.13385, "population": 112046}, {"name": "Miami Gardens city, Florida", "lat": 25.94889, "lng": -80.24358, "population": 111640}, {"name": "Riverview CDP, Florida", "lat": 27.82428, "lng": -82.30449, "population": 107396}, {"name": "Davie town, Florida", "lat": 26.07917, "lng": -80.28301, "population": 105691}, {"name": "Boca Raton city, Florida", "lat": 26.37269, "lng": -80.10371, "population": 97422}, {"name": "Sunrise city, Florida", "lat": 26.1716, "lng": -80.26163, "population": 97335}, {"name": "Deltona city, Florida", "lat": 28.90512, "lng": -81.21098, "population": 93692}, {"name": "Alafaya CDP, Florida", "lat": 28.52837, "lng": -81.18574, "population": 92452}, {"name": "Plantation city, Florida", "lat": 26.12557, "lng": -80.26182, "population": 91750}, {"name": "Palm Coast city, Florida", "lat": 29.53684, "lng": -81.24263, "population": 89258}, {"name": "Deerfield Beach city, Florida", "lat": 26.31172, "lng": -80.12538, "population": 86859}, {"name": "Fort Myers city, Florida", "lat": 26.62007, "lng": -81.82955, "population": 86395}, {"name": "Town 'n' Country CDP, Florida", "lat": 28.01023, "lng": -82.57717, "population": 85951}, {"name": "Melbourne city, Florida", "lat": 28.11044, "lng": -80.66272, "population": 84678}, {"name": "Miami Beach city, Florida", "lat": 25.8106, "lng": -80.14885, "population": 82890}, {"name": "Largo city, Florida", "lat": 27.90591, "lng": -82.76724, "population": 82485}, {"name": "Homestead city, Florida", "lat": 25.46633, "lng": -80.44305, "population": 80737}, {"name": "Boynton Beach city, Florida", "lat": 26.52833, "lng": -80.08072, "population": 80380}, {"name": "Kendall CDP, Florida", "lat": 25.66954, "lng": -80.35474, "population": 80241}, {"name": "Kissimmee city, Florida", "lat": 28.30278, "lng": -81.41783, "population": 79226}, {"name": "The Villages CDP, Florida", "lat": 28.89895, "lng": -81.99374, "population": 79077}, {"name": "Doral city, Florida", "lat": 25.81596, "lng": -80.35756, "population": 75874}, {"name": "North Port city, Florida", "lat": 27.05817, "lng": -82.19804, "population": 74793}, {"name": "Lauderhill city, Florida", "lat": 26.16222, "lng": -80.22443, "population": 74482}, {"name": "Daytona Beach city, Florida", "lat": 29.19071, "lng": -81.09708, "population": 72647}, {"name": "Tamarac city, Florida", "lat": 26.20384, "lng": -80.25614, "population": 71897}, {"name": "Poinciana CDP, Florida", "lat": 28.11873, "lng": -81.47923, "population": 69309}, {"name": "Weston city, Florida", "lat": 26.10039, "lng": -80.40206, "population": 68107}, {"name": "Delray Beach city, Florida", "lat": 26.4559, "lng": -80.09042, "population": 66846}, {"name": "Pine Hills CDP, Florida", "lat": 28.5818, "lng": -81.46954, "population": 66111}, {"name": "Wesley Chapel CDP, Florida", "lat": 28.20525, "lng": -82.31711, "population": 64866}, {"name": "Ocala city, Florida", "lat": 29.17751, "lng": -82.15103, "population": 63591}, {"name": "Port Orange city, Florida", "lat": 29.11344, "lng": -81.01322, "population": 62596}, {"name": "Wellington village, Florida", "lat": 26.64899, "lng": -80.26721, "population": 61637}, {"name": "Palm Harbor CDP, Florida", "lat": 28.08477, "lng": -82.75757, "population": 61366}, {"name": "Sanford city, Florida", "lat": 28.78943, "lng": -81.27562, "population": 61051}, {"name": "Jupiter town, Florida", "lat": 26.91855, "lng": -80.11694, "population": 61047}, {"name": "Port Charlotte CDP, Florida", "lat": 26.98947, "lng": -82.11365, "population": 60625}, {"name": "North Miami city, Florida", "lat": 25.90083, "lng": -80.1686, "population": 60191}, {"name": "Fountainebleau CDP, Florida", "lat": 25.77228, "lng": -80.34625, "population": 59870}, {"name": "The Hammocks CDP, Florida", "lat": 25.67038, "lng": -80.44887, "population": 59480}, {"name": "Palm Beach Gardens city, Florida", "lat": 26.84879, "lng": -80.16712, "population": 59182}, {"name": "St. Cloud city, Florida", "lat": 28.22662, "lng": -81.27348, "population": 58964}, {"name": "Margate city, Florida", "lat": 26.24804, "lng": -80.21117, "population": 58712}, {"name": "Horizon West CDP, Florida", "lat": 28.44022, "lng": -81.61345, "population": 58101}, {"name": "Coconut Creek city, Florida", "lat": 26.28094, "lng": -80.18472, "population": 57833}, {"name": "Westchester CDP, Florida", "lat": 25.74539, "lng": -80.35346, "population": 56384}, {"name": "Four Corners CDP, Florida", "lat": 28.33318, "lng": -81.64749, "population": 56381}, {"name": "Bradenton city, Florida", "lat": 27.4898, "lng": -82.5768, "population": 55698}, {"name": "Kendale Lakes CDP, Florida", "lat": 25.70695, "lng": -80.4116, "population": 55646}, {"name": "Apopka city, Florida", "lat": 28.7017, "lng": -81.53182, "population": 54873}, {"name": "Sarasota city, Florida", "lat": 27.33826, "lng": -82.54372, "population": 54842}, {"name": "Pensacola city, Florida", "lat": 30.44099, "lng": -87.19124, "population": 54312}, {"name": "Tamiami CDP, Florida", "lat": 25.75632, "lng": -80.40256, "population": 54212}, {"name": "Bonita Springs city, Florida", "lat": 26.35501, "lng": -81.78423, "population": 53644}, {"name": "Pinellas Park city, Florida", "lat": 27.85888, "lng": -82.70821, "population": 53093}, {"name": "University CDP (Hillsborough County), Florida", "lat": 28.07694, "lng": -82.43332, "population": 50893}, {"name": "Country Club CDP, Florida", "lat": 25.93952, "lng": -80.30922, "population": 49967}, {"name": "Coral Gables city, Florida", "lat": 25.68306, "lng": -80.26166, "population": 49248}, {"name": "Winter Haven city, Florida", "lat": 28.04584, "lng": -81.73274, "population": 49219}, {"name": "Titusville city, Florida", "lat": 28.57337, "lng": -80.8194, "population": 48789}, {"name": "Fort Pierce city, Florida", "lat": 27.42611, "lng": -80.34249, "population": 47297}, {"name": "Ocoee city, Florida", "lat": 28.57882, "lng": -81.53305, "population": 47295}, {"name": "Winter Garden city, Florida", "lat": 28.54122, "lng": -81.59124, "population": 46964}, {"name": "Altamonte Springs city, Florida", "lat": 28.66102, "lng": -81.39468, "population": 46231}, {"name": "Cutler Bay town, Florida", "lat": 25.57615, "lng": -80.33401, "population": 45425}, {"name": "University CDP (Orange County), Florida", "lat": 28.58949, "lng": -81.20013, "population": 45284}, {"name": "North Lauderdale city, Florida", "lat": 26.21245, "lng": -80.22139, "population": 44794}, {"name": "Oakland Park city, Florida", "lat": 26.17905, "lng": -80.15241, "population": 44229}, {"name": "Greenacres city, Florida", "lat": 26.62758, "lng": -80.13721, "population": 43990}, {"name": "Meadow Woods CDP, Florida", "lat": 28.3729, "lng": -81.33371, "population": 43790}, {"name": "North Miami Beach city, Florida", "lat": 25.93, "lng": -80.16518, "population": 43676}, {"name": "Ormond Beach city, Florida", "lat": 29.29328, "lng": -81.10145, "population": 43080}, {"name": "Clermont city, Florida", "lat": 28.53329, "lng": -81.72024, "population": 43021}, {"name": "North Fort Myers CDP, Florida", "lat": 26.71796, "lng": -81.84581, "population": 42719}, {"name": "Lake Worth Beach city, Florida", "lat": 26.61972, "lng": -80.05872, "population": 42219}, {"name": "The Acreage CDP, Florida", "lat": 26.77419, "lng": -80.27688, "population": 41654}, {"name": "Hallandale Beach city, Florida", "lat": 25.98396, "lng": -80.14077, "population": 41217}, {"name": "Navarre CDP, Florida", "lat": 30.41607, "lng": -86.88867, "population": 40817}, {"name": "Aventura city, Florida", "lat": 25.96016, "lng": -80.13301, "population": 40242}, {"name": "Oviedo city, Florida", "lat": 28.66193, "lng": -81.1871, "population": 40059}, {"name": "Plant City city, Florida", "lat": 28.01436, "lng": -82.12028, "population": 39764}, {"name": "Princeton CDP, Florida", "lat": 25.54065, "lng": -80.39839, "population": 39308}, {"name": "Royal Palm Beach village, Florida", "lat": 26.69901, "lng": -80.22758, "population": 38932}, {"name": "Winter Springs city, Florida", "lat": 28.68806, "lng": -81.26996, "population": 38342}, {"name": "Valrico CDP, Florida", "lat": 27.91908, "lng": -82.23126, "population": 37895}, {"name": "Riviera Beach city, Florida", "lat": 26.78142, "lng": -80.07606, "population": 37604}, {"name": "DeLand city, Florida", "lat": 29.02266, "lng": -81.2865, "population": 37351}, {"name": "Estero village, Florida", "lat": 26.42559, "lng": -81.79954, "population": 36939}, {"name": "South Miami Heights CDP, Florida", "lat": 25.58823, "lng": -80.38579, "population": 36770}, {"name": "Egypt Lake-Leto CDP, Florida", "lat": 28.01732, "lng": -82.50614, "population": 36644}, {"name": "Kendall West CDP, Florida", "lat": 25.70682, "lng": -80.4407, "population": 36536}, {"name": "Dunedin city, Florida", "lat": 28.02574, "lng": -82.81536, "population": 36068}, {"name": "Lauderdale Lakes city, Florida", "lat": 26.16693, "lng": -80.20083, "population": 35954}, {"name": "Land O' Lakes CDP, Florida", "lat": 28.20831, "lng": -82.44584, "population": 35929}, {"name": "Richmond West CDP, Florida", "lat": 25.60928, "lng": -80.42965, "population": 35884}, {"name": "Lakewood Ranch CDP, Florida", "lat": 27.42353, "lng": -82.38672, "population": 34877}, {"name": "Parkland city, Florida", "lat": 26.32136, "lng": -80.2543, "population": 34670}, {"name": "Merritt Island CDP, Florida", "lat": 28.30924, "lng": -80.67596, "population": 34518}, {"name": "Cooper City city, Florida", "lat": 26.04806, "lng": -80.28496, "population": 34401}, {"name": "Carrollwood CDP, Florida", "lat": 28.05822, "lng": -82.51577, "population": 34352}, {"name": "West Little River CDP, Florida", "lat": 25.85692, "lng": -80.237, "population": 34128}, {"name": "Panama City city, Florida", "lat": 30.16627, "lng": -85.67019, "population": 32939}, {"name": "Golden Glades CDP, Florida", "lat": 25.91304, "lng": -80.20067, "population": 32499}, {"name": "East Lake CDP, Florida", "lat": 28.12288, "lng": -82.6891, "population": 32344}, {"name": "Fruit Cove CDP, Florida", "lat": 30.09683, "lng": -81.62105, "population": 32143}, {"name": "Dania Beach city, Florida", "lat": 26.05721, "lng": -80.16459, "population": 31723}, {"name": "Lakeside CDP, Florida", "lat": 30.13655, "lng": -81.76925, "population": 31275}, {"name": "Oakleaf Plantation CDP, Florida", "lat": 30.17403, "lng": -81.83641, "population": 31034}, {"name": "Sun City Center CDP, Florida", "lat": 27.71442, "lng": -82.35576, "population": 30952}, {"name": "Lake Magdalene CDP, Florida", "lat": 28.08172, "lng": -82.48418, "population": 30742}, {"name": "Miami Lakes town, Florida", "lat": 25.91274, "lng": -80.32042, "population": 30467}, {"name": "Buenaventura Lakes CDP, Florida", "lat": 28.33342, "lng": -81.35216, "population": 30251}, {"name": "New Smyrna Beach city, Florida", "lat": 29.02936, "lng": -80.95486, "population": 30142}, {"name": "Ferry Pass CDP, Florida", "lat": 30.52113, "lng": -87.18635, "population": 29921}, {"name": "Winter Park city, Florida", "lat": 28.59663, "lng": -81.34575, "population": 29795}, {"name": "Fleming Island CDP, Florida", "lat": 30.09912, "lng": -81.71239, "population": 29142}, {"name": "Casselberry city, Florida", "lat": 28.66118, "lng": -81.32193, "population": 28794}, {"name": "Ruskin CDP, Florida", "lat": 27.70771, "lng": -82.42278, "population": 28620}, {"name": "Citrus Park CDP, Florida", "lat": 28.071, "lng": -82.56217, "population": 28178}, {"name": "East Lake-Orient Park CDP, Florida", "lat": 28.00444, "lng": -82.36471, "population": 28050}, {"name": "Vero Beach South CDP, Florida", "lat": 27.61283, "lng": -80.41814, "population": 28020}, {"name": "Rockledge city, Florida", "lat": 28.32136, "lng": -80.73782, "population": 27678}, {"name": "Crestview city, Florida", "lat": 30.74793, "lng": -86.57927, "population": 27134}, {"name": "Leesburg city, Florida", "lat": 28.71721, "lng": -81.90309, "population": 27000}, {"name": "Palm Springs village, Florida", "lat": 26.63581, "lng": -80.09835, "population": 26890}, {"name": "South Bradenton CDP, Florida", "lat": 27.4606, "lng": -82.58471, "population": 26858}, {"name": "Bayonet Point CDP, Florida", "lat": 28.32471, "lng": -82.68396, "population": 26713}, {"name": "Temple Terrace city, Florida", "lat": 28.0452, "lng": -82.37787, "population": 26690}, {"name": "Haines City city, Florida", "lat": 28.10984, "lng": -81.61528, "population": 26669}, {"name": "Key West city, Florida", "lat": 24.56506, "lng": -81.77554, "population": 26444}, {"name": "Leisure City CDP, Florida", "lat": 25.49394, "lng": -80.43609, "population": 26324}, {"name": "Wright CDP, Florida", "lat": 30.4441, "lng": -86.64197, "population": 26277}, {"name": "Palm River-Clair Mel CDP, Florida", "lat": 27.92449, "lng": -82.3794, "population": 26142}, {"name": "Apollo Beach CDP, Florida", "lat": 27.76302, "lng": -82.40331, "population": 26002}, {"name": "Westchase CDP, Florida", "lat": 28.06341, "lng": -82.59968, "population": 25952}, {"name": "West Melbourne city, Florida", "lat": 28.0504, "lng": -80.65833, "population": 25924}, {"name": "Palm City CDP, Florida", "lat": 27.17778, "lng": -80.28552, "population": 25883}, {"name": "Bellview CDP, Florida", "lat": 30.46479, "lng": -87.30925, "population": 25541}, {"name": "Venice city, Florida", "lat": 27.11697, "lng": -82.41519, "population": 25463}, {"name": "Golden Gate CDP, Florida", "lat": 26.1836, "lng": -81.70369, "population": 25321}, {"name": "Keystone CDP, Florida", "lat": 28.12764, "lng": -82.6081, "population": 25211}, {"name": "Tarpon Springs city, Florida", "lat": 28.14905, "lng": -82.77937, "population": 25117}, {"name": "Oak Ridge CDP, Florida", "lat": 28.47277, "lng": -81.41669, "population": 25062}, {"name": "Sebastian city, Florida", "lat": 27.78209, "lng": -80.48184, "population": 25054}, {"name": "Ives Estates CDP, Florida", "lat": 25.96341, "lng": -80.18287, "population": 25005}, {"name": "Holiday CDP, Florida", "lat": 28.18622, "lng": -82.74264, "population": 24939}, {"name": "Silver Springs Shores CDP, Florida", "lat": 29.11188, "lng": -82.0146, "population": 24846}, {"name": "Pace CDP, Florida", "lat": 30.61674, "lng": -87.16473, "population": 24684}, {"name": "Fish Hawk CDP, Florida", "lat": 27.84925, "lng": -82.21509, "population": 24625}, {"name": "Immokalee CDP, Florida", "lat": 26.42401, "lng": -81.42156, "population": 24557}, {"name": "Palmetto Bay village, Florida", "lat": 25.6217, "lng": -80.31891, "population": 24439}, {"name": "Hunters Creek CDP, Florida", "lat": 28.35976, "lng": -81.43704, "population": 24433}, {"name": "Jacksonville Beach city, Florida", "lat": 30.27247, "lng": -81.3856, "population": 23830}, {"name": "Ensley CDP, Florida", "lat": 30.52595, "lng": -87.27227, "population": 23817}, {"name": "Liberty Triangle CDP, Florida", "lat": 29.07598, "lng": -82.21913, "population": 23759}, {"name": "Lutz CDP, Florida", "lat": 28.14069, "lng": -82.44972, "population": 23707}, {"name": "Port St. John CDP, Florida", "lat": 28.4757, "lng": -80.81042, "population": 23474}, {"name": "Brent CDP, Florida", "lat": 30.47189, "lng": -87.25069, "population": 23447}, {"name": "Wekiwa Springs CDP, Florida", "lat": 28.69958, "lng": -81.42477, "population": 23428}, {"name": "The Crossings CDP, Florida", "lat": 25.67057, "lng": -80.40075, "population": 23276}, {"name": "Eustis city, Florida", "lat": 28.85598, "lng": -81.6768, "population": 23189}, {"name": "Coral Terrace CDP, Florida", "lat": 25.74619, "lng": -80.30446, "population": 23142}, {"name": "Edgewater city, Florida", "lat": 28.95444, "lng": -80.94086, "population": 23097}, {"name": "Hialeah Gardens city, Florida", "lat": 25.88773, "lng": -80.35969, "population": 23068}, {"name": "Northdale CDP, Florida", "lat": 28.10461, "lng": -82.52811, "population": 23033}, {"name": "Bloomingdale CDP, Florida", "lat": 27.87672, "lng": -82.26142, "population": 22947}, {"name": "Nocatee CDP, Florida", "lat": 30.08511, "lng": -81.40991, "population": 22503}, {"name": "Sunny Isles Beach city, Florida", "lat": 25.93882, "lng": -80.12353, "population": 22342}, {"name": "DeBary city, Florida", "lat": 28.8814, "lng": -81.32427, "population": 22260}, {"name": "World Golf Village CDP, Florida", "lat": 29.96799, "lng": -81.49006, "population": 22117}, {"name": "Palm Valley CDP, Florida", "lat": 30.20055, "lng": -81.39096, "population": 21827}, {"name": "Jasmine Estates CDP, Florida", "lat": 28.2961, "lng": -82.68917, "population": 21525}, {"name": "Florida Ridge CDP, Florida", "lat": 27.58346, "lng": -80.38347, "population": 21302}, {"name": "Lealman CDP, Florida", "lat": 27.8197, "lng": -82.68461, "population": 21189}, {"name": "West Pensacola CDP, Florida", "lat": 30.42673, "lng": -87.26811, "population": 21019}, {"name": "Fort Walton Beach city, Florida", "lat": 30.4249, "lng": -86.62176, "population": 20922}, {"name": "Englewood CDP, Florida", "lat": 26.96868, "lng": -82.34789, "population": 20800}, {"name": "Glenvar Heights CDP, Florida", "lat": 25.70937, "lng": -80.31586, "population": 20786}, {"name": "Bayshore Gardens CDP, Florida", "lat": 27.43302, "lng": -82.57807, "population": 19904}, {"name": "Ojus CDP, Florida", "lat": 25.95463, "lng": -80.17141, "population": 19673}, {"name": "Midway CDP (Santa Rosa County), Florida", "lat": 30.40506, "lng": -87.00961, "population": 19567}, {"name": "Maitland city, Florida", "lat": 28.62963, "lng": -81.37291, "population": 19543}, {"name": "Punta Gorda city, Florida", "lat": 26.86354, "lng": -82.03235, "population": 19471}, {"name": "Seminole city, Florida", "lat": 27.84274, "lng": -82.7853, "population": 19364}, {"name": "Sweetwater city, Florida", "lat": 25.77773, "lng": -80.37919, "population": 19363}, {"name": "Bartow city, Florida", "lat": 27.8868, "lng": -81.82176, "population": 19309}, {"name": "Bradfordville CDP, Florida", "lat": 30.57384, "lng": -84.21114, "population": 19183}, {"name": "Naples city, Florida", "lat": 26.15048, "lng": -81.7953, "population": 19115}, {"name": "Cocoa city, Florida", "lat": 28.37664, "lng": -80.76331, "population": 19041}, {"name": "Marion Oaks CDP, Florida", "lat": 29.00126, "lng": -82.19531, "population": 19034}, {"name": "Tavares city, Florida", "lat": 28.76588, "lng": -81.75638, "population": 19003}, {"name": "Lake Butler CDP, Florida", "lat": 28.48285, "lng": -81.53866, "population": 18851}, {"name": "Lynn Haven city, Florida", "lat": 30.23357, "lng": -85.63692, "population": 18695}, {"name": "Gibsonton CDP, Florida", "lat": 27.82756, "lng": -82.37928, "population": 18566}, {"name": "San Carlos Park CDP, Florida", "lat": 26.47669, "lng": -81.81975, "population": 18563}, {"name": "Groveland city, Florida", "lat": 28.61022, "lng": -81.82709, "population": 18505}, {"name": "Pinecrest village, Florida", "lat": 25.66517, "lng": -80.30486, "population": 18388}, {"name": "Panama City Beach city, Florida", "lat": 30.23315, "lng": -85.87712, "population": 18094}, {"name": "Stuart city, Florida", "lat": 27.19527, "lng": -80.24411, "population": 17425}, {"name": "Pinewood CDP, Florida", "lat": 25.86935, "lng": -80.21706, "population": 17246}, {"name": "Myrtle Grove CDP, Florida", "lat": 30.41454, "lng": -87.30282, "population": 17224}, {"name": "Zephyrhills city, Florida", "lat": 28.24072, "lng": -82.17902, "population": 17194}, {"name": "Safety Harbor city, Florida", "lat": 28.0063, "lng": -82.69784, "population": 17072}, {"name": "Country Walk CDP, Florida", "lat": 25.63288, "lng": -80.43398, "population": 16951}, {"name": "Iona CDP, Florida", "lat": 26.51719, "lng": -81.96081, "population": 16908}, {"name": "Lake Mary city, Florida", "lat": 28.7591, "lng": -81.33281, "population": 16798}, {"name": "New Port Richey city, Florida", "lat": 28.24664, "lng": -82.7175, "population": 16728}, {"name": "Belle Glade city, Florida", "lat": 26.69222, "lng": -80.66556, "population": 16698}, {"name": "Viera West CDP, Florida", "lat": 28.24518, "lng": -80.74031, "population": 16688}, {"name": "Brownsville CDP, Florida", "lat": 25.82161, "lng": -80.24176, "population": 16583}, {"name": "Three Lakes CDP, Florida", "lat": 25.6426, "lng": -80.39964, "population": 16540}, {"name": "Opa-locka city, Florida", "lat": 25.9, "lng": -80.25522, "population": 16463}, {"name": "West Lealman CDP, Florida", "lat": 27.81987, "lng": -82.73888, "population": 16438}, {"name": "Lake Wales city, Florida", "lat": 27.9207, "lng": -81.5995, "population": 16361}, {"name": "Vero Beach city, Florida", "lat": 27.64722, "lng": -80.39314, "population": 16354}, {"name": "Mount Dora city, Florida", "lat": 28.81335, "lng": -81.63341, "population": 16341}, {"name": "Southchase CDP, Florida", "lat": 28.37924, "lng": -81.39025, "population": 16276}, {"name": "Lady Lake town, Florida", "lat": 28.92441, "lng": -81.92983, "population": 15970}, {"name": "Sunset CDP, Florida", "lat": 25.70608, "lng": -80.35237, "population": 15912}, {"name": "Upper Grand Lagoon CDP, Florida", "lat": 30.17563, "lng": -85.75301, "population": 15778}, {"name": "Niceville city, Florida", "lat": 30.52883, "lng": -86.47599, "population": 15772}, {"name": "Marco Island city, Florida", "lat": 25.93202, "lng": -81.70484, "population": 15760}, {"name": "Wildwood city, Florida", "lat": 28.80581, "lng": -82.00732, "population": 15730}, {"name": "South Venice CDP, Florida", "lat": 27.04469, "lng": -82.41584, "population": 15619}, {"name": "Auburndale city, Florida", "lat": 28.11, "lng": -81.79732, "population": 15616}, {"name": "Fruitville CDP, Florida", "lat": 27.33287, "lng": -82.45948, "population": 15484}, {"name": "Thonotosassa CDP, Florida", "lat": 28.04662, "lng": -82.29654, "population": 15238}, {"name": "Warrington CDP, Florida", "lat": 30.38444, "lng": -87.29379, "population": 15218}, {"name": "West Park city, Florida", "lat": 25.97867, "lng": -80.18101, "population": 15130}, {"name": "Longwood city, Florida", "lat": 28.7014, "lng": -81.34839, "population": 15087}, {"name": "Palmer Ranch CDP, Florida", "lat": 27.2234, "lng": -82.46131, "population": 14966}, {"name": "Gladeview CDP, Florida", "lat": 25.83991, "lng": -80.23885, "population": 14927}, {"name": "Oldsmar city, Florida", "lat": 28.04838, "lng": -82.67125, "population": 14898}, {"name": "Key Biscayne village, Florida", "lat": 25.69068, "lng": -80.16559, "population": 14809}, {"name": "Forest City CDP, Florida", "lat": 28.66148, "lng": -81.44488, "population": 14623}, {"name": "Gonzalez CDP, Florida", "lat": 30.58875, "lng": -87.2863, "population": 14586}, {"name": "Elfers CDP, Florida", "lat": 28.21485, "lng": -82.72164, "population": 14573}, {"name": "Bellair-Meadowbrook Terrace CDP, Florida", "lat": 30.17929, "lng": -81.73438, "population": 14482}, {"name": "St. Augustine city, Florida", "lat": 29.89615, "lng": -81.31113, "population": 14329}, {"name": "East Milton CDP, Florida", "lat": 30.61722, "lng": -86.96434, "population": 14309}, {"name": "Homosassa Springs CDP, Florida", "lat": 28.80931, "lng": -82.54085, "population": 14283}, {"name": "Yulee CDP, Florida", "lat": 30.63542, "lng": -81.56958, "population": 14195}, {"name": "Azalea Park CDP, Florida", "lat": 28.54725, "lng": -81.29539, "population": 14141}, {"name": "Lockhart CDP, Florida", "lat": 28.6271, "lng": -81.43378, "population": 14058}, {"name": "Destin city, Florida", "lat": 30.39516, "lng": -86.47878, "population": 13931}, {"name": "Miami Springs city, Florida", "lat": 25.82016, "lng": -80.28894, "population": 13859}, {"name": "Minneola city, Florida", "lat": 28.60232, "lng": -81.72945, "population": 13843}, {"name": "Cypress Lake CDP, Florida", "lat": 26.53928, "lng": -81.89939, "population": 13727}, {"name": "Conway CDP, Florida", "lat": 28.49694, "lng": -81.33304, "population": 13596}, {"name": "Atlantic Beach city, Florida", "lat": 30.33955, "lng": -81.39667, "population": 13513}, {"name": "Naranja CDP, Florida", "lat": 25.51615, "lng": -80.42193, "population": 13509}, {"name": "Palmetto Estates CDP, Florida", "lat": 25.62268, "lng": -80.36061, "population": 13498}, {"name": "Goldenrod CDP, Florida", "lat": 28.61192, "lng": -81.29123, "population": 13431}, {"name": "Palmetto city, Florida", "lat": 27.52505, "lng": -82.57496, "population": 13323}, {"name": "Hobe Sound CDP, Florida", "lat": 27.07266, "lng": -80.14237, "population": 13163}, {"name": "North Palm Beach village, Florida", "lat": 26.8203, "lng": -80.05691, "population": 13162}, {"name": "Florida City city, Florida", "lat": 25.44407, "lng": -80.46766, "population": 13085}, {"name": "Fernandina Beach city, Florida", "lat": 30.65813, "lng": -81.45152, "population": 13052}, {"name": "Callaway city, Florida", "lat": 30.1304, "lng": -85.5486, "population": 13045}, {"name": "Holly Hill city, Florida", "lat": 29.24561, "lng": -81.04704, "population": 12958}, {"name": "Hudson CDP, Florida", "lat": 28.35923, "lng": -82.68966, "population": 12944}, {"name": "Middleburg CDP, Florida", "lat": 30.05023, "lng": -81.90108, "population": 12881}, {"name": "Olympia Heights CDP, Florida", "lat": 25.7279, "lng": -80.339, "population": 12873}, {"name": "South Daytona city, Florida", "lat": 29.16621, "lng": -81.00552, "population": 12865}, {"name": "Mango CDP, Florida", "lat": 27.9922, "lng": -82.30731, "population": 12699}, {"name": "Villas CDP, Florida", "lat": 26.55052, "lng": -81.8678, "population": 12687}, {"name": "On Top of the World CDP, Florida", "lat": 29.10582, "lng": -82.28657, "population": 12668}, {"name": "Jensen Beach CDP, Florida", "lat": 27.24398, "lng": -80.24114, "population": 12652}, {"name": "Orange City city, Florida", "lat": 28.93728, "lng": -81.28334, "population": 12632}, {"name": "Jupiter Farms CDP, Florida", "lat": 26.92253, "lng": -80.21804, "population": 12572}, {"name": "Cheval CDP, Florida", "lat": 28.14805, "lng": -82.51729, "population": 12522}, {"name": "Sarasota Springs CDP, Florida", "lat": 27.30877, "lng": -82.47581, "population": 12521}, {"name": "Lakewood Park CDP, Florida", "lat": 27.53901, "lng": -80.38716, "population": 12510}, {"name": "Key Largo CDP, Florida", "lat": 25.12258, "lng": -80.41157, "population": 12447}, {"name": "Highland City CDP, Florida", "lat": 27.96347, "lng": -81.87862, "population": 12355}, {"name": "Lake City city, Florida", "lat": 30.19086, "lng": -82.64728, "population": 12329}, {"name": "Doctor Phillips CDP, Florida", "lat": 28.44326, "lng": -81.49054, "population": 12328}, {"name": "Lakeland Highlands CDP, Florida", "lat": 27.95738, "lng": -81.95105, "population": 12187}, {"name": "Laurel CDP, Florida", "lat": 27.15312, "lng": -82.45587, "population": 12186}, {"name": "South Miami city, Florida", "lat": 25.70855, "lng": -80.29511, "population": 12026}, {"name": "Trinity CDP, Florida", "lat": 28.18395, "lng": -82.66058, "population": 11924}, {"name": "Gulfport city, Florida", "lat": 27.74644, "lng": -82.70994, "population": 11783}, {"name": "Shady Hills CDP, Florida", "lat": 28.40303, "lng": -82.54506, "population": 11690}, {"name": "Viera East CDP, Florida", "lat": 28.26223, "lng": -80.71464, "population": 11687}, {"name": "Miami Shores village, Florida", "lat": 25.86701, "lng": -80.17834, "population": 11567}, {"name": "Lantana town, Florida", "lat": 26.58336, "lng": -80.05538, "population": 11504}, {"name": "Goulds CDP, Florida", "lat": 25.56125, "lng": -80.38807, "population": 11446}, {"name": "Wilton Manors city, Florida", "lat": 26.15932, "lng": -80.13935, "population": 11426}, {"name": "Westwood Lakes CDP, Florida", "lat": 25.72465, "lng": -80.36934, "population": 11373}, {"name": "Cocoa Beach city, Florida", "lat": 28.32914, "lng": -80.62754, "population": 11354}, {"name": "Satellite Beach city, Florida", "lat": 28.17873, "lng": -80.5994, "population": 11226}, {"name": "Sugarmill Woods CDP, Florida", "lat": 28.74026, "lng": -82.50604, "population": 11204}, {"name": "Progress Village CDP, Florida", "lat": 27.88565, "lng": -82.36426, "population": 11188}, {"name": "Celebration CDP, Florida", "lat": 28.31034, "lng": -81.55106, "population": 11178}, {"name": "Pine Castle CDP, Florida", "lat": 28.45467, "lng": -81.36957, "population": 11122}, {"name": "Pasadena Hills CDP, Florida", "lat": 28.27954, "lng": -82.24134, "population": 11120}, {"name": "Pine Ridge CDP (Citrus County), Florida", "lat": 28.93299, "lng": -82.47618, "population": 11042}, {"name": "Asbury Lake CDP, Florida", "lat": 30.04901, "lng": -81.78759, "population": 11036}, {"name": "New Port Richey East CDP, Florida", "lat": 28.26325, "lng": -82.6942, "population": 11015}, {"name": "Medulla CDP, Florida", "lat": 27.95851, "lng": -81.98121, "population": 10871}, {"name": "Sebring city, Florida", "lat": 27.4714, "lng": -81.45157, "population": 10729}, {"name": "Fairview Shores CDP, Florida", "lat": 28.60048, "lng": -81.39775, "population": 10722}, {"name": "West Perrine CDP, Florida", "lat": 25.60608, "lng": -80.3639, "population": 10602}, {"name": "Alachua city, Florida", "lat": 29.7652, "lng": -82.4751, "population": 10574}, {"name": "Lighthouse Point city, Florida", "lat": 26.27776, "lng": -80.08862, "population": 10486}, {"name": "Fuller Heights CDP, Florida", "lat": 27.92331, "lng": -81.99657, "population": 10467}, {"name": "Union Park CDP, Florida", "lat": 28.56703, "lng": -81.23808, "population": 10452}, {"name": "Palatka city, Florida", "lat": 29.64487, "lng": -81.67674, "population": 10446}, {"name": "Port Salerno CDP, Florida", "lat": 27.14519, "lng": -80.18871, "population": 10401}, {"name": "Gateway CDP, Florida", "lat": 26.58004, "lng": -81.74765, "population": 10376}, {"name": "Citrus Springs CDP, Florida", "lat": 28.99317, "lng": -82.45949, "population": 10246}, {"name": "Milton city, Florida", "lat": 30.62964, "lng": -87.05141, "population": 10197}, {"name": "Cypress Gardens CDP, Florida", "lat": 28.00352, "lng": -81.69057, "population": 10169}, {"name": "Rotonda CDP, Florida", "lat": 26.88512, "lng": -82.27788, "population": 10114}, {"name": "West Vero Corridor CDP, Florida", "lat": 27.63497, "lng": -80.48275, "population": 10039}, {"name": "Cape Canaveral city, Florida", "lat": 28.39323, "lng": -80.60479, "population": 9972}, {"name": "Beverly Hills CDP, Florida", "lat": 28.91755, "lng": -82.45413, "population": 9961}, {"name": "Bee Ridge CDP, Florida", "lat": 27.2843, "lng": -82.47308, "population": 9955}, {"name": "Westview CDP, Florida", "lat": 25.88231, "lng": -80.24203, "population": 9923}, {"name": "Bardmoor CDP, Florida", "lat": 27.85608, "lng": -82.75324, "population": 9852}, {"name": "Bithlo CDP, Florida", "lat": 28.58187, "lng": -81.0921, "population": 9848}, {"name": "Green Cove Springs city, Florida", "lat": 29.99037, "lng": -81.68103, "population": 9786}, {"name": "Marathon city, Florida", "lat": 24.73234, "lng": -81.02512, "population": 9689}, {"name": "Avon Park city, Florida", "lat": 27.5897, "lng": -81.50728, "population": 9658}, {"name": "Pebble Creek CDP, Florida", "lat": 28.1589, "lng": -82.34115, "population": 9624}, {"name": "Micco CDP, Florida", "lat": 27.85638, "lng": -80.51129, "population": 9574}, {"name": "Wimauma CDP, Florida", "lat": 27.67491, "lng": -82.31316, "population": 9467}, {"name": "Citrus Hills CDP, Florida", "lat": 28.88683, "lng": -82.43075, "population": 9302}, {"name": "Hernando CDP, Florida", "lat": 28.95453, "lng": -82.39346, "population": 9284}, {"name": "Palm Beach town, Florida", "lat": 26.69484, "lng": -80.04186, "population": 9245}, {"name": "North Weeki Wachee CDP, Florida", "lat": 28.5615, "lng": -82.55267, "population": 9131}, {"name": "Orange Park town, Florida", "lat": 30.17085, "lng": -81.70467, "population": 9089}, {"name": "Lake Park town, Florida", "lat": 26.80006, "lng": -80.06746, "population": 9047}, {"name": "Davenport city, Florida", "lat": 28.16119, "lng": -81.61084, "population": 9043}, {"name": "Memphis CDP, Florida", "lat": 27.54495, "lng": -82.5559, "population": 9024}, {"name": "Indian Harbour Beach city, Florida", "lat": 28.15747, "lng": -80.60015, "population": 9019}, {"name": "Richmond Heights CDP, Florida", "lat": 25.63329, "lng": -80.37123, "population": 8944}, {"name": "Brooksville city, Florida", "lat": 28.51658, "lng": -82.40466, "population": 8890}, {"name": "St. Pete Beach city, Florida", "lat": 27.7168, "lng": -82.73962, "population": 8879}, {"name": "St. Augustine Shores CDP, Florida", "lat": 29.8058, "lng": -81.3122, "population": 8706}, {"name": "North Merritt Island CDP, Florida", "lat": 28.46113, "lng": -80.71314, "population": 8566}, {"name": "Westgate CDP, Florida", "lat": 26.69941, "lng": -80.09885, "population": 8435}, {"name": "Seffner CDP, Florida", "lat": 28.00164, "lng": -82.27408, "population": 8362}, {"name": "Fruitland Park city, Florida", "lat": 28.8496, "lng": -81.9369, "population": 8325}, {"name": "Beacon Square CDP, Florida", "lat": 28.21122, "lng": -82.7507, "population": 8320}, {"name": "Fern Park CDP, Florida", "lat": 28.64819, "lng": -81.34557, "population": 8205}, {"name": "North Bay Village city, Florida", "lat": 25.84913, "lng": -80.15103, "population": 8159}, {"name": "Odessa CDP, Florida", "lat": 28.18233, "lng": -82.55042, "population": 8080}, {"name": "Springfield city, Florida", "lat": 30.17118, "lng": -85.6122, "population": 8075}, {"name": "Wedgefield CDP, Florida", "lat": 28.48596, "lng": -81.08182, "population": 8017}, {"name": "Miramar Beach CDP, Florida", "lat": 30.38488, "lng": -86.34363, "population": 8002}, {"name": "McGregor CDP, Florida", "lat": 26.56155, "lng": -81.91292, "population": 7976}, {"name": "Quincy city, Florida", "lat": 30.56598, "lng": -84.58585, "population": 7970}, {"name": "Williamsburg CDP, Florida", "lat": 28.40126, "lng": -81.4478, "population": 7908}, {"name": "Broadview Park CDP, Florida", "lat": 26.09875, "lng": -80.20847, "population": 7670}, {"name": "Lely Resort CDP, Florida", "lat": 26.09638, "lng": -81.70448, "population": 7619}, {"name": "Southwest Ranches town, Florida", "lat": 26.04969, "lng": -80.37383, "population": 7607}, {"name": "Inverness city, Florida", "lat": 28.84221, "lng": -82.34229, "population": 7543}, {"name": "Longboat Key town, Florida", "lat": 27.40046, "lng": -82.64418, "population": 7505}, {"name": "Arcadia city, Florida", "lat": 27.22121, "lng": -81.85843, "population": 7420}, {"name": "Newberry city, Florida", "lat": 29.63216, "lng": -82.58992, "population": 7342}, {"name": "Gulf Gate CDP, Florida", "lat": 27.25772, "lng": -82.50755, "population": 7340}, {"name": "Mims CDP, Florida", "lat": 28.69132, "lng": -80.844, "population": 7336}, {"name": "Clewiston city, Florida", "lat": 26.75281, "lng": -80.93919, "population": 7327}, {"name": "Ormond-by-the-Sea CDP, Florida", "lat": 29.34328, "lng": -81.06861, "population": 7312}, {"name": "Macclenny city, Florida", "lat": 30.28104, "lng": -82.12525, "population": 7304}, {"name": "Dade City city, Florida", "lat": 28.35593, "lng": -82.19344, "population": 7275}, {"name": "West Miami city, Florida", "lat": 25.75781, "lng": -80.29688, "population": 7233}, {"name": "Sky Lake CDP, Florida", "lat": 28.46127, "lng": -81.39047, "population": 7226}, {"name": "Neptune Beach city, Florida", "lat": 30.31257, "lng": -81.39312, "population": 7217}, {"name": "Lake Lorraine CDP, Florida", "lat": 30.44057, "lng": -86.56536, "population": 7142}, {"name": "Islamorada, Village of Islands village, Florida", "lat": 24.98435, "lng": -80.5433, "population": 7107}, {"name": "Belle Isle city, Florida", "lat": 28.46494, "lng": -81.35125, "population": 7032}, {"name": "Inwood CDP, Florida", "lat": 28.03847, "lng": -81.76736, "population": 7031}, {"name": "Fort Pierce North CDP, Florida", "lat": 27.47494, "lng": -80.35934, "population": 6904}, {"name": "Perry city, Florida", "lat": 30.10904, "lng": -83.58207, "population": 6898}, {"name": "Heathrow CDP, Florida", "lat": 28.77868, "lng": -81.37105, "population": 6806}, {"name": "Willow Oak CDP, Florida", "lat": 27.92192, "lng": -82.02425, "population": 6806}, {"name": "Orlovista CDP, Florida", "lat": 28.54406, "lng": -81.46294, "population": 6806}, {"name": "St. Augustine Beach city, Florida", "lat": 29.84156, "lng": -81.27097, "population": 6803}, {"name": "South Apopka CDP, Florida", "lat": 28.65681, "lng": -81.50572, "population": 6803}, {"name": "Vero Lake Estates CDP, Florida", "lat": 27.74633, "lng": -80.52831, "population": 6782}, {"name": "Live Oak city, Florida", "lat": 30.29565, "lng": -82.98512, "population": 6735}, {"name": "Inverness Highlands South CDP, Florida", "lat": 28.80069, "lng": -82.33718, "population": 6698}, {"name": "Osprey CDP, Florida", "lat": 27.19039, "lng": -82.47571, "population": 6690}, {"name": "Pelican Bay CDP, Florida", "lat": 26.23489, "lng": -81.81021, "population": 6660}, {"name": "Mascotte city, Florida", "lat": 28.60436, "lng": -81.90557, "population": 6609}, {"name": "Indian River Estates CDP, Florida", "lat": 27.35522, "lng": -80.29803, "population": 6584}, {"name": "Treasure Island city, Florida", "lat": 27.76483, "lng": -82.76912, "population": 6584}, {"name": "Indiantown village, Florida", "lat": 27.04005, "lng": -80.48824, "population": 6560}, {"name": "Balm CDP, Florida", "lat": 27.75304, "lng": -82.28946, "population": 6541}, {"name": "River Park CDP, Florida", "lat": 27.3229, "lng": -80.33157, "population": 6514}, {"name": "South Patrick Shores CDP, Florida", "lat": 28.20447, "lng": -80.61125, "population": 6496}, {"name": "Kathleen CDP, Florida", "lat": 28.11917, "lng": -82.04001, "population": 6486}, {"name": "West Samoset CDP, Florida", "lat": 27.47028, "lng": -82.5552, "population": 6482}, {"name": "Sanibel city, Florida", "lat": 26.45104, "lng": -82.10568, "population": 6382}, {"name": "Lake Alfred city, Florida", "lat": 28.0988, "lng": -81.72483, "population": 6374}, {"name": "Ocean City CDP, Florida", "lat": 30.43986, "lng": -86.60725, "population": 6314}, {"name": "Gulf Breeze city, Florida", "lat": 30.36826, "lng": -87.17345, "population": 6302}, {"name": "Lecanto CDP, Florida", "lat": 28.82413, "lng": -82.50092, "population": 6301}, {"name": "Southeast Arcadia CDP, Florida", "lat": 27.18621, "lng": -81.85209, "population": 6299}, {"name": "Southgate CDP, Florida", "lat": 27.30482, "lng": -82.51229, "population": 6287}, {"name": "Pembroke Park town, Florida", "lat": 25.9851, "lng": -80.17978, "population": 6260}, {"name": "Marianna city, Florida", "lat": 30.76144, "lng": -85.25626, "population": 6245}, {"name": "Ave Maria CDP, Florida", "lat": 26.3228, "lng": -81.43942, "population": 6242}, {"name": "High Springs city, Florida", "lat": 29.79963, "lng": -82.58932, "population": 6215}, {"name": "Lauderdale-by-the-Sea town, Florida", "lat": 26.19898, "lng": -80.09461, "population": 6198}, {"name": "Tequesta village, Florida", "lat": 26.96487, "lng": -80.11324, "population": 6158}, {"name": "South Gate Ridge CDP, Florida", "lat": 27.2845, "lng": -82.49665, "population": 6024}, {"name": "Cocoa West CDP, Florida", "lat": 28.35905, "lng": -80.77128, "population": 5939}, {"name": "Jan Phyl Village CDP, Florida", "lat": 28.01621, "lng": -81.79376, "population": 5927}, {"name": "Bay Harbor Islands town, Florida", "lat": 25.88798, "lng": -80.13358, "population": 5922}, {"name": "DeFuniak Springs city, Florida", "lat": 30.71252, "lng": -86.11969, "population": 5919}, {"name": "Combee Settlement CDP, Florida", "lat": 28.06008, "lng": -81.90424, "population": 5911}, {"name": "Orangetree CDP, Florida", "lat": 26.2929, "lng": -81.57587, "population": 5896}, {"name": "Freeport city, Florida", "lat": 30.51542, "lng": -86.13624, "population": 5861}, {"name": "Lochmoor Waterway Estates CDP, Florida", "lat": 26.64249, "lng": -81.90719, "population": 5828}, {"name": "Starke city, Florida", "lat": 29.94745, "lng": -82.11289, "population": 5796}, {"name": "Fort Myers Shores CDP, Florida", "lat": 26.71389, "lng": -81.7438, "population": 5774}, {"name": "Crystal Lake CDP, Florida", "lat": 28.03598, "lng": -81.89964, "population": 5768}, {"name": "Surfside town, Florida", "lat": 25.87882, "lng": -80.12501, "population": 5689}, {"name": "Fort Myers Beach town, Florida", "lat": 26.43018, "lng": -81.91404, "population": 5582}, {"name": "Nassau Village-Ratliff CDP, Florida", "lat": 30.51083, "lng": -81.80884, "population": 5561}, {"name": "Fussels Corner CDP, Florida", "lat": 28.05763, "lng": -81.86068, "population": 5560}, {"name": "Zephyrhills West CDP, Florida", "lat": 28.2311, "lng": -82.20516, "population": 5533}, {"name": "Pensacola Station CDP, Florida", "lat": 30.35061, "lng": -87.3169, "population": 5532}, {"name": "Pahokee city, Florida", "lat": 26.82021, "lng": -80.66205, "population": 5524}, {"name": "Gifford CDP, Florida", "lat": 27.67562, "lng": -80.42516, "population": 5511}, {"name": "Three Oaks CDP, Florida", "lat": 26.47311, "lng": -81.7969, "population": 5472}, {"name": "Siesta Key CDP, Florida", "lat": 27.27481, "lng": -82.54933, "population": 5454}, {"name": "Port LaBelle CDP, Florida", "lat": 26.76065, "lng": -81.38385, "population": 5450}, {"name": "Warm Mineral Springs CDP, Florida", "lat": 27.04686, "lng": -82.27042, "population": 5442}, {"name": "Loughman CDP, Florida", "lat": 28.238, "lng": -81.56984, "population": 5417}, {"name": "Belleview city, Florida", "lat": 29.06061, "lng": -82.05587, "population": 5413}, {"name": "Rio Pinar CDP, Florida", "lat": 28.51913, "lng": -81.2612, "population": 5409}, {"name": "Sawgrass CDP, Florida", "lat": 30.19126, "lng": -81.37114, "population": 5385}, {"name": "South Pasadena city, Florida", "lat": 27.75291, "lng": -82.73925, "population": 5353}, {"name": "Connerton CDP, Florida", "lat": 28.30771, "lng": -82.46483, "population": 5282}, {"name": "Floral City CDP, Florida", "lat": 28.70668, "lng": -82.30673, "population": 5261}, {"name": "Okeechobee city, Florida", "lat": 27.24161, "lng": -80.82931, "population": 5254}, {"name": "Dundee town, Florida", "lat": 28.0118, "lng": -81.6018, "population": 5235}, {"name": "Fort Pierce South CDP, Florida", "lat": 27.40971, "lng": -80.35406, "population": 5209}, {"name": "Daytona Beach Shores city, Florida", "lat": 29.17125, "lng": -80.98075, "population": 5179}, {"name": "Timber Pines CDP, Florida", "lat": 28.46921, "lng": -82.60243, "population": 5163}, {"name": "Flagler Beach city, Florida", "lat": 29.47385, "lng": -81.13102, "population": 5160}, {"name": "South Sarasota CDP, Florida", "lat": 27.28628, "lng": -82.53313, "population": 5133}, {"name": "Naples Manor CDP, Florida", "lat": 26.08969, "lng": -81.72481, "population": 5132}, {"name": "River Ridge CDP, Florida", "lat": 28.26688, "lng": -82.62575, "population": 5107}, {"name": "Fort Meade city, Florida", "lat": 27.76588, "lng": -81.80546, "population": 5100}, {"name": "Naples Park CDP, Florida", "lat": 26.26292, "lng": -81.81132, "population": 5092}, {"name": "Rainbow Springs CDP, Florida", "lat": 29.09709, "lng": -82.44198, "population": 5091}, {"name": "St. Augustine South CDP, Florida", "lat": 29.84483, "lng": -81.31619, "population": 5066}, {"name": "Ridge Wood Heights CDP, Florida", "lat": 27.28625, "lng": -82.51204, "population": 5064}, {"name": "Kenneth City town, Florida", "lat": 27.81606, "lng": -82.71464, "population": 5047}, {"name": "The Meadows CDP, Florida", "lat": 27.36294, "lng": -82.47446, "population": 5037}, {"name": "Plantation CDP, Florida", "lat": 27.06157, "lng": -82.36962, "population": 5034}, {"name": "Palm Springs North CDP, Florida", "lat": 25.93425, "lng": -80.33103, "population": 5030}, {"name": "Bay Hill CDP, Florida", "lat": 28.46237, "lng": -81.51479, "population": 5021}, {"name": "South Highpoint CDP, Florida", "lat": 27.90852, "lng": -82.71638, "population": 5018}, {"name": "Hutchinson Island South CDP, Florida", "lat": 27.30532, "lng": -80.22024, "population": 4988}, {"name": "Zephyrhills South CDP, Florida", "lat": 28.21516, "lng": -82.1887, "population": 4985}, {"name": "Butler Beach CDP, Florida", "lat": 29.79888, "lng": -81.2648, "population": 4978}, {"name": "LaBelle city, Florida", "lat": 26.72095, "lng": -81.45248, "population": 4966}, {"name": "Wauchula city, Florida", "lat": 27.5469, "lng": -81.81009, "population": 4900}, {"name": "Samsula-Spruce Creek CDP, Florida", "lat": 29.05165, "lng": -81.06249, "population": 4877}, {"name": "South Bay city, Florida", "lat": 26.68838, "lng": -80.73553, "population": 4860}, {"name": "Tice CDP, Florida", "lat": 26.67514, "lng": -81.81727, "population": 4853}, {"name": "Crawfordville CDP, Florida", "lat": 30.19955, "lng": -84.3634, "population": 4853}, {"name": "Whiskey Creek CDP, Florida", "lat": 26.57113, "lng": -81.88856, "population": 4842}, {"name": "Fellsmere city, Florida", "lat": 27.72119, "lng": -80.60994, "population": 4834}, {"name": "Moon Lake CDP, Florida", "lat": 28.29789, "lng": -82.60558, "population": 4817}, {"name": "Valparaiso city, Florida", "lat": 30.48992, "lng": -86.51466, "population": 4752}, {"name": "Ridge Manor CDP, Florida", "lat": 28.49295, "lng": -82.18955, "population": 4743}, {"name": "Stock Island CDP, Florida", "lat": 24.56399, "lng": -81.73979, "population": 4722}, {"name": "Brookridge CDP, Florida", "lat": 28.54807, "lng": -82.48996, "population": 4658}, {"name": "Big Pine Key CDP, Florida", "lat": 24.68514, "lng": -81.36252, "population": 4521}, {"name": "Grant-Valkaria town, Florida", "lat": 27.9343, "lng": -80.56588, "population": 4509}, {"name": "Taylor Creek CDP, Florida", "lat": 27.2139, "lng": -80.79125, "population": 4470}, {"name": "Bagdad CDP, Florida", "lat": 30.58417, "lng": -87.04489, "population": 4467}, {"name": "Buckingham CDP, Florida", "lat": 26.64548, "lng": -81.74736, "population": 4443}, {"name": "Mount Plymouth CDP, Florida", "lat": 28.80388, "lng": -81.53449, "population": 4417}, {"name": "Wahneta CDP, Florida", "lat": 27.95865, "lng": -81.72878, "population": 4409}, {"name": "Lower Grand Lagoon CDP, Florida", "lat": 30.14313, "lng": -85.75222, "population": 4398}, {"name": "Laguna Beach CDP, Florida", "lat": 30.25473, "lng": -85.95115, "population": 4330}, {"name": "South Brooksville CDP, Florida", "lat": 28.51417, "lng": -82.43763, "population": 4311}, {"name": "Highland Beach town, Florida", "lat": 26.41162, "lng": -80.06435, "population": 4295}, {"name": "June Park CDP, Florida", "lat": 28.07173, "lng": -80.68779, "population": 4283}, {"name": "Belleair town, Florida", "lat": 27.93597, "lng": -82.81278, "population": 4273}, {"name": "West Bradenton CDP, Florida", "lat": 27.50099, "lng": -82.61419, "population": 4247}, {"name": "Indian River Shores town, Florida", "lat": 27.71008, "lng": -80.38203, "population": 4241}, {"name": "Samoset CDP, Florida", "lat": 27.4764, "lng": -82.54297, "population": 4146}, {"name": "Ellenton CDP, Florida", "lat": 27.52658, "lng": -82.52668, "population": 4129}, {"name": "Pine Manor CDP, Florida", "lat": 26.57372, "lng": -81.87763, "population": 4122}, {"name": "Cortez CDP, Florida", "lat": 27.46775, "lng": -82.66868, "population": 4121}, {"name": "Holden Heights CDP, Florida", "lat": 28.49855, "lng": -81.38459, "population": 4097}, {"name": "Suncoast Estates CDP, Florida", "lat": 26.71116, "lng": -81.86891, "population": 4097}, {"name": "Woodville CDP, Florida", "lat": 30.31514, "lng": -84.26885, "population": 4097}, {"name": "Alturas CDP, Florida", "lat": 27.84206, "lng": -81.68158, "population": 4084}, {"name": "Lake Panasoffkee CDP, Florida", "lat": 28.78429, "lng": -82.12307, "population": 4072}, {"name": "Parker city, Florida", "lat": 30.1284, "lng": -85.60024, "population": 4010}, {"name": "Mary Esther city, Florida", "lat": 30.41165, "lng": -86.65901, "population": 3982}, {"name": "Lake Sarasota CDP, Florida", "lat": 27.29474, "lng": -82.43318, "population": 3979}, {"name": "Mulberry city, Florida", "lat": 27.89956, "lng": -82.01222, "population": 3952}, {"name": "West DeLand CDP, Florida", "lat": 29.01622, "lng": -81.33437, "population": 3908}, {"name": "Madeira Beach city, Florida", "lat": 27.79556, "lng": -82.79157, "population": 3895}, {"name": "Vineyards CDP, Florida", "lat": 26.23047, "lng": -81.72789, "population": 3883}, {"name": "St. James City CDP, Florida", "lat": 26.54258, "lng": -82.10198, "population": 3876}, {"name": "High Point CDP, Florida", "lat": 28.54725, "lng": -82.52094, "population": 3873}, {"name": "Wallace CDP, Florida", "lat": 30.67329, "lng": -87.19585, "population": 3868}, {"name": "Juno Beach town, Florida", "lat": 26.87546, "lng": -80.05962, "population": 3858}, {"name": "Tierra Verde CDP, Florida", "lat": 27.662, "lng": -82.72425, "population": 3836}, {"name": "Pea Ridge CDP, Florida", "lat": 30.59914, "lng": -87.09972, "population": 3787}, {"name": "Charlotte Harbor CDP, Florida", "lat": 26.9615, "lng": -82.05933, "population": 3784}, {"name": "White City CDP, Florida", "lat": 27.37228, "lng": -80.34035, "population": 3779}, {"name": "San Castle CDP, Florida", "lat": 26.56511, "lng": -80.06107, "population": 3755}, {"name": "South Beach CDP, Florida", "lat": 27.57551, "lng": -80.33344, "population": 3703}, {"name": "Kensington Park CDP, Florida", "lat": 27.35666, "lng": -82.49499, "population": 3697}, {"name": "Lely CDP, Florida", "lat": 26.10549, "lng": -81.72785, "population": 3694}, {"name": "Umatilla city, Florida", "lat": 28.92701, "lng": -81.66419, "population": 3685}, {"name": "Indian Rocks Beach city, Florida", "lat": 27.89581, "lng": -82.84624, "population": 3673}, {"name": "Chipley city, Florida", "lat": 30.77525, "lng": -85.54053, "population": 3660}, {"name": "Florida Gulf Coast University CDP, Florida", "lat": 26.46768, "lng": -81.76368, "population": 3659}, {"name": "Jasper city, Florida", "lat": 30.525, "lng": -82.96153, "population": 3621}, {"name": "Feather Sound CDP, Florida", "lat": 27.91002, "lng": -82.68877, "population": 3607}, {"name": "Lake Clarke Shores town, Florida", "lat": 26.64563, "lng": -80.07528, "population": 3564}, {"name": "Flagler Estates CDP, Florida", "lat": 29.64844, "lng": -81.45773, "population": 3540}, {"name": "Midway city, Florida", "lat": 30.50271, "lng": -84.46059, "population": 3537}, {"name": "Oakland town, Florida", "lat": 28.55208, "lng": -81.63668, "population": 3516}, {"name": "North Brooksville CDP, Florida", "lat": 28.57739, "lng": -82.33187, "population": 3506}, {"name": "Watergate CDP, Florida", "lat": 26.33586, "lng": -80.2126, "population": 3459}, {"name": "North River Shores CDP, Florida", "lat": 27.22169, "lng": -80.27612, "population": 3459}, {"name": "Point Baker CDP, Florida", "lat": 30.68661, "lng": -87.05173, "population": 3443}, {"name": "Rainbow Lakes Estates CDP, Florida", "lat": 29.16046, "lng": -82.50972, "population": 3438}, {"name": "Cleveland CDP, Florida", "lat": 26.95168, "lng": -81.98995, "population": 3435}, {"name": "Harbour Heights CDP, Florida", "lat": 26.99299, "lng": -82.00599, "population": 3428}, {"name": "Venice Gardens CDP, Florida", "lat": 27.0737, "lng": -82.41325, "population": 3402}, {"name": "Crystal River city, Florida", "lat": 28.8955, "lng": -82.60187, "population": 3396}, {"name": "Goulding CDP, Florida", "lat": 30.43991, "lng": -87.22948, "population": 3392}, {"name": "Ponce Inlet town, Florida", "lat": 29.08783, "lng": -80.9299, "population": 3364}, {"name": "Port St. Joe city, Florida", "lat": 29.81756, "lng": -85.30915, "population": 3357}, {"name": "Loxahatchee Groves town, Florida", "lat": 26.72088, "lng": -80.2772, "population": 3355}, {"name": "Montura CDP, Florida", "lat": 26.64284, "lng": -81.09377, "population": 3343}, {"name": "Tiger Point CDP, Florida", "lat": 30.38007, "lng": -87.05245, "population": 3342}, {"name": "Clarcona CDP, Florida", "lat": 28.63093, "lng": -81.5013, "population": 3283}, {"name": "Bunnell city, Florida", "lat": 29.41874, "lng": -81.31948, "population": 3276}, {"name": "Dover CDP, Florida", "lat": 27.98682, "lng": -82.23115, "population": 3266}, {"name": "Tangerine CDP, Florida", "lat": 28.76017, "lng": -81.63797, "population": 3237}, {"name": "Melbourne Beach town, Florida", "lat": 28.06687, "lng": -80.5596, "population": 3231}, {"name": "Nokomis CDP, Florida", "lat": 27.1238, "lng": -82.43578, "population": 3217}, {"name": "Cedar Grove CDP, Florida", "lat": 30.18103, "lng": -85.62673, "population": 3148}, {"name": "Winter Beach CDP, Florida", "lat": 27.71487, "lng": -80.42432, "population": 3136}, {"name": "Biscayne Park village, Florida", "lat": 25.8817, "lng": -80.1811, "population": 3117}, {"name": "Sharpes CDP, Florida", "lat": 28.4436, "lng": -80.7614, "population": 3115}, {"name": "Bay Pines CDP, Florida", "lat": 27.81631, "lng": -82.77775, "population": 3106}, {"name": "Bal Harbour village, Florida", "lat": 25.8928, "lng": -80.12314, "population": 3093}, {"name": "Port Richey city, Florida", "lat": 28.27502, "lng": -82.72503, "population": 3052}, {"name": "Bushnell city, Florida", "lat": 28.68609, "lng": -82.11326, "population": 3047}, {"name": "Windermere town, Florida", "lat": 28.50254, "lng": -81.53768, "population": 3030}, {"name": "Watertown CDP, Florida", "lat": 30.18548, "lng": -82.60266, "population": 3018}, {"name": "Holmes Beach city, Florida", "lat": 27.51057, "lng": -82.71554, "population": 3010}, {"name": "Indialantic town, Florida", "lat": 28.08622, "lng": -80.5683, "population": 3010}, {"name": "Eagle Lake city, Florida", "lat": 27.97571, "lng": -81.75688, "population": 3008}, {"name": "Eglin AFB CDP, Florida", "lat": 30.46053, "lng": -86.55054, "population": 3006}, {"name": "Dade City North CDP, Florida", "lat": 28.38408, "lng": -82.19427, "population": 3002}, {"name": "Ocala Estates CDP, Florida", "lat": 29.20176, "lng": -82.30979, "population": 2991}, {"name": "Whitfield CDP (Manatee County), Florida", "lat": 27.4107, "lng": -82.56666, "population": 2989}, {"name": "Williston city, Florida", "lat": 29.39388, "lng": -82.44231, "population": 2976}, {"name": "Hilliard town, Florida", "lat": 30.68655, "lng": -81.9212, "population": 2967}, {"name": "Ridgecrest CDP, Florida", "lat": 27.88944, "lng": -82.80627, "population": 2966}, {"name": "Chattahoochee city, Florida", "lat": 30.69834, "lng": -84.83061, "population": 2955}, {"name": "Malabar town, Florida", "lat": 27.98706, "lng": -80.58245, "population": 2949}, {"name": "Geneva CDP, Florida", "lat": 28.73598, "lng": -81.09973, "population": 2913}, {"name": "Madison city, Florida", "lat": 30.47149, "lng": -83.41345, "population": 2912}, {"name": "Pretty Bayou CDP, Florida", "lat": 30.20013, "lng": -85.69772, "population": 2911}, {"name": "Frostproof city, Florida", "lat": 27.75004, "lng": -81.52435, "population": 2877}, {"name": "Big Coppitt Key CDP, Florida", "lat": 24.58022, "lng": -81.65218, "population": 2869}, {"name": "Silver Springs CDP, Florida", "lat": 29.21917, "lng": -82.05554, "population": 2844}, {"name": "Lake Helen city, Florida", "lat": 28.98386, "lng": -81.23109, "population": 2842}, {"name": "Meadow Oaks CDP, Florida", "lat": 28.34904, "lng": -82.59741, "population": 2842}, {"name": "Vamo CDP, Florida", "lat": 27.2205, "lng": -82.49992, "population": 2822}, {"name": "Island Walk CDP, Florida", "lat": 26.25103, "lng": -81.71098, "population": 2812}, {"name": "Bonifay city, Florida", "lat": 30.78135, "lng": -85.68876, "population": 2759}, {"name": "Zellwood CDP, Florida", "lat": 28.7219, "lng": -81.57323, "population": 2758}, {"name": "Roosevelt Gardens CDP, Florida", "lat": 26.14068, "lng": -80.18088, "population": 2749}, {"name": "Woodlawn Beach CDP, Florida", "lat": 30.38806, "lng": -86.99605, "population": 2741}, {"name": "Alva CDP, Florida", "lat": 26.72149, "lng": -81.62428, "population": 2725}, {"name": "Verona Walk CDP, Florida", "lat": 26.08605, "lng": -81.67974, "population": 2713}, {"name": "Polk City town, Florida", "lat": 28.18047, "lng": -81.83003, "population": 2713}, {"name": "Inverness Highlands North CDP, Florida", "lat": 28.86451, "lng": -82.37696, "population": 2707}, {"name": "Greenbriar CDP, Florida", "lat": 28.01128, "lng": -82.75272, "population": 2696}, {"name": "Hypoluxo town, Florida", "lat": 26.56725, "lng": -80.05181, "population": 2687}, {"name": "Edgewood city, Florida", "lat": 28.48151, "lng": -81.37013, "population": 2685}, {"name": "Charlotte Park CDP, Florida", "lat": 26.90438, "lng": -82.04896, "population": 2667}, {"name": "Zephyrhills North CDP, Florida", "lat": 28.25207, "lng": -82.16534, "population": 2663}, {"name": "Harbor Bluffs CDP, Florida", "lat": 27.90782, "lng": -82.82654, "population": 2646}, {"name": "De Leon Springs CDP, Florida", "lat": 29.1172, "lng": -81.35168, "population": 2619}, {"name": "Eastpoint CDP, Florida", "lat": 29.75667, "lng": -84.86172, "population": 2614}, {"name": "Campbell CDP, Florida", "lat": 28.25929, "lng": -81.45084, "population": 2610}, {"name": "Carrabelle city, Florida", "lat": 29.85439, "lng": -84.66792, "population": 2606}, {"name": "Williston Highlands CDP, Florida", "lat": 29.33361, "lng": -82.53566, "population": 2591}, {"name": "Monticello city, Florida", "lat": 30.54225, "lng": -83.87218, "population": 2589}, {"name": "Seminole Manor CDP, Florida", "lat": 26.58362, "lng": -80.10132, "population": 2562}, {"name": "Tavernier CDP, Florida", "lat": 25.02665, "lng": -80.50219, "population": 2530}, {"name": "Berkshire Lakes CDP, Florida", "lat": 26.16162, "lng": -81.7285, "population": 2527}, {"name": "Chuluota CDP, Florida", "lat": 28.63112, "lng": -81.10946, "population": 2524}, {"name": "Vilano Beach CDP, Florida", "lat": 29.93035, "lng": -81.30108, "population": 2514}, {"name": "Grenelefe CDP, Florida", "lat": 28.0492, "lng": -81.54744, "population": 2495}, {"name": "Holley CDP, Florida", "lat": 30.45289, "lng": -86.90434, "population": 2484}, {"name": "Manatee Road CDP, Florida", "lat": 29.51454, "lng": -82.91921, "population": 2484}, {"name": "Cabana Colony CDP, Florida", "lat": 26.85544, "lng": -80.08649, "population": 2460}, {"name": "Tangelo Park CDP, Florida", "lat": 28.456, "lng": -81.44644, "population": 2459}, {"name": "Pelican Marsh CDP, Florida", "lat": 26.25366, "lng": -81.78555, "population": 2453}, {"name": "Hernando Beach CDP, Florida", "lat": 28.46809, "lng": -82.66727, "population": 2452}, {"name": "Harlem CDP, Florida", "lat": 26.73237, "lng": -80.95185, "population": 2441}, {"name": "Christmas CDP, Florida", "lat": 28.55557, "lng": -80.99019, "population": 2439}, {"name": "North Sarasota CDP, Florida", "lat": 27.35664, "lng": -82.52232, "population": 2418}, {"name": "Bowling Green city, Florida", "lat": 27.63775, "lng": -81.82477, "population": 2405}, {"name": "Virginia Gardens village, Florida", "lat": 25.80952, "lng": -80.29748, "population": 2364}, {"name": "St. Leo town, Florida", "lat": 28.33613, "lng": -82.25816, "population": 2362}, {"name": "Lake Placid town, Florida", "lat": 27.3026, "lng": -81.37148, "population": 2360}, {"name": "Eatonville town, Florida", "lat": 28.61499, "lng": -81.39238, "population": 2349}, {"name": "Apalachicola city, Florida", "lat": 29.72743, "lng": -84.99405, "population": 2341}, {"name": "Chiefland city, Florida", "lat": 29.49225, "lng": -82.86633, "population": 2316}, {"name": "Belleair Bluffs city, Florida", "lat": 27.91962, "lng": -82.81975, "population": 2311}, {"name": "Homosassa CDP, Florida", "lat": 28.78487, "lng": -82.6076, "population": 2299}, {"name": "Olga CDP, Florida", "lat": 26.70818, "lng": -81.69339, "population": 2270}, {"name": "Blountstown city, Florida", "lat": 30.44285, "lng": -85.0454, "population": 2266}, {"name": "Taft CDP, Florida", "lat": 28.42832, "lng": -81.36767, "population": 2221}, {"name": "Gotha CDP, Florida", "lat": 28.53099, "lng": -81.51658, "population": 2217}, {"name": "Hill 'n Dale CDP, Florida", "lat": 28.51376, "lng": -82.29086, "population": 2212}, {"name": "Quail Ridge CDP, Florida", "lat": 28.34861, "lng": -82.5549, "population": 2195}, {"name": "Wabasso Beach CDP, Florida", "lat": 27.75366, "lng": -80.39761, "population": 2194}, {"name": "Pine Air CDP, Florida", "lat": 26.6586, "lng": -80.10742, "population": 2190}, {"name": "Haverhill town, Florida", "lat": 26.69098, "lng": -80.12168, "population": 2187}, {"name": "Hurlburt Field CDP, Florida", "lat": 30.42637, "lng": -86.71929, "population": 2176}, {"name": "Redington Shores town, Florida", "lat": 27.83172, "lng": -82.8335, "population": 2176}, {"name": "Grove City CDP, Florida", "lat": 26.90671, "lng": -82.32607, "population": 2174}, {"name": "Heritage Pines CDP, Florida", "lat": 28.42876, "lng": -82.62338, "population": 2171}, {"name": "Glencoe CDP, Florida", "lat": 29.01567, "lng": -80.97029, "population": 2170}, {"name": "Graceville city, Florida", "lat": 30.96027, "lng": -85.51283, "population": 2153}, {"name": "Atlantis city, Florida", "lat": 26.59725, "lng": -80.1041, "population": 2142}, {"name": "Mangonia Park town, Florida", "lat": 26.7586, "lng": -80.07614, "population": 2142}, {"name": "Desoto Lakes CDP, Florida", "lat": 27.38051, "lng": -82.49899, "population": 2137}, {"name": "Silver Lake CDP, Florida", "lat": 28.83215, "lng": -81.80107, "population": 2101}, {"name": "Lake Belvedere Estates CDP, Florida", "lat": 26.69067, "lng": -80.13515, "population": 2091}, {"name": "Wewahitchka city, Florida", "lat": 30.12621, "lng": -85.19071, "population": 2074}, {"name": "Fort Denaud CDP, Florida", "lat": 26.72271, "lng": -81.55411, "population": 2049}, {"name": "East Bronson CDP, Florida", "lat": 29.4593, "lng": -82.59054, "population": 2025}, {"name": "Cudjoe Key CDP, Florida", "lat": 24.67875, "lng": -81.49968, "population": 2019}, {"name": "Trenton city, Florida", "lat": 29.60918, "lng": -82.81461, "population": 2015}, {"name": "Tropical Park CDP, Florida", "lat": 28.38051, "lng": -80.70749, "population": 2013}, {"name": "Sewall's Point town, Florida", "lat": 27.19701, "lng": -80.19886, "population": 1991}, {"name": "Hillsboro Beach town, Florida", "lat": 26.28153, "lng": -80.07921, "population": 1987}, {"name": "Lake Butler city, Florida", "lat": 30.01841, "lng": -82.34264, "population": 1986}, {"name": "Oak Hill city, Florida", "lat": 28.87836, "lng": -80.81509, "population": 1986}, {"name": "El Portal village, Florida", "lat": 25.85532, "lng": -80.19616, "population": 1986}, {"name": "Royal Palm Estates CDP, Florida", "lat": 26.68166, "lng": -80.13276, "population": 1974}, {"name": "Malone town, Florida", "lat": 30.95895, "lng": -85.16215, "population": 1959}, {"name": "Washington Park CDP, Florida", "lat": 26.13248, "lng": -80.1824, "population": 1948}, {"name": "Pine Island Center CDP, Florida", "lat": 26.6238, "lng": -82.12716, "population": 1942}, {"name": "Harlem Heights CDP, Florida", "lat": 26.51513, "lng": -81.92819, "population": 1930}, {"name": "Dunnellon city, Florida", "lat": 29.05961, "lng": -82.42538, "population": 1928}, {"name": "Bear Creek CDP, Florida", "lat": 27.7581, "lng": -82.72876, "population": 1906}, {"name": "Crooked Lake Park CDP, Florida", "lat": 27.82868, "lng": -81.58994, "population": 1893}, {"name": "Burnt Store Marina CDP, Florida", "lat": 26.76709, "lng": -82.05142, "population": 1890}, {"name": "Astatula town, Florida", "lat": 28.70732, "lng": -81.73419, "population": 1889}, {"name": "Bokeelia CDP, Florida", "lat": 26.68135, "lng": -82.14163, "population": 1855}, {"name": "Lake Kerr CDP, Florida", "lat": 29.34917, "lng": -81.79239, "population": 1843}, {"name": "Ocean Ridge town, Florida", "lat": 26.53094, "lng": -80.04681, "population": 1830}, {"name": "Verandah CDP, Florida", "lat": 26.69879, "lng": -81.73967, "population": 1791}, {"name": "Lake Mary Jane CDP, Florida", "lat": 28.37897, "lng": -81.17016, "population": 1790}, {"name": "Astor CDP, Florida", "lat": 29.16383, "lng": -81.53462, "population": 1759}, {"name": "Havana town, Florida", "lat": 30.63033, "lng": -84.4138, "population": 1753}, {"name": "Old Miakka CDP, Florida", "lat": 27.31868, "lng": -82.2793, "population": 1743}, {"name": "Zolfo Springs town, Florida", "lat": 27.49258, "lng": -81.78679, "population": 1737}, {"name": "Pine Ridge CDP (Collier County), Florida", "lat": 26.23026, "lng": -81.79299, "population": 1717}, {"name": "Century town, Florida", "lat": 30.97731, "lng": -87.26472, "population": 1713}, {"name": "Sneads town, Florida", "lat": 30.70857, "lng": -84.92561, "population": 1699}, {"name": "Cross City town, Florida", "lat": 29.6386, "lng": -83.12484, "population": 1689}, {"name": "Key Vista CDP, Florida", "lat": 28.19408, "lng": -82.76981, "population": 1680}, {"name": "Oriole Beach CDP, Florida", "lat": 30.37246, "lng": -87.10049, "population": 1679}, {"name": "Rainbow Park CDP, Florida", "lat": 29.16536, "lng": -82.364, "population": 1672}, {"name": "Montverde town, Florida", "lat": 28.59406, "lng": -81.6811, "population": 1655}, {"name": "Crescent City city, Florida", "lat": 29.43454, "lng": -81.51328, "population": 1654}, {"name": "Howey-in-the-Hills town, Florida", "lat": 28.70441, "lng": -81.78405, "population": 1643}, {"name": "Belleair Beach city, Florida", "lat": 27.93124, "lng": -82.83657, "population": 1633}, {"name": "Wabasso CDP, Florida", "lat": 27.75027, "lng": -80.44337, "population": 1627}, {"name": "Punta Rassa CDP, Florida", "lat": 26.49976, "lng": -82.00211, "population": 1620}, {"name": "Roseland CDP, Florida", "lat": 27.83533, "lng": -80.48821, "population": 1591}, {"name": "East Palatka CDP, Florida", "lat": 29.6496, "lng": -81.59904, "population": 1573}, {"name": "Moore Haven city, Florida", "lat": 26.83375, "lng": -81.09845, "population": 1566}, {"name": "Pierson town, Florida", "lat": 29.24165, "lng": -81.45664, "population": 1542}, {"name": "Lake Hamilton town, Florida", "lat": 28.0492, "lng": -81.62685, "population": 1537}, {"name": "Callahan town, Florida", "lat": 30.56544, "lng": -81.8319, "population": 1526}, {"name": "Midway CDP (Seminole County), Florida", "lat": 28.7924, "lng": -81.23129, "population": 1524}, {"name": "North DeLand CDP, Florida", "lat": 29.04841, "lng": -81.29653, "population": 1510}, {"name": "Buckhead Ridge CDP, Florida", "lat": 27.13254, "lng": -80.88515, "population": 1509}, {"name": "Ocklawaha CDP, Florida", "lat": 29.04585, "lng": -81.93491, "population": 1508}, {"name": "Yalaha CDP, Florida", "lat": 28.74471, "lng": -81.8225, "population": 1505}, {"name": "North Redington Beach town, Florida", "lat": 27.8197, "lng": -82.82323, "population": 1495}, {"name": "Hawthorne city, Florida", "lat": 29.59368, "lng": -82.09447, "population": 1478}, {"name": "Inglis town, Florida", "lat": 29.03305, "lng": -82.661, "population": 1476}, {"name": "South Palm Beach town, Florida", "lat": 26.58994, "lng": -80.03802, "population": 1471}, {"name": "Plantation Mobile Home Park CDP, Florida", "lat": 26.70258, "lng": -80.13234, "population": 1462}, {"name": "Boulevard Gardens CDP, Florida", "lat": 26.12714, "lng": -80.18117, "population": 1457}, {"name": "Keystone Heights city, Florida", "lat": 29.78294, "lng": -82.03562, "population": 1446}, {"name": "Interlachen town, Florida", "lat": 29.62227, "lng": -81.89473, "population": 1441}, {"name": "Kenwood Estates CDP, Florida", "lat": 26.62762, "lng": -80.1152, "population": 1435}, {"name": "North Key Largo CDP, Florida", "lat": 25.26075, "lng": -80.32157, "population": 1431}, {"name": "Baldwin town, Florida", "lat": 30.30778, "lng": -81.97366, "population": 1396}, {"name": "Redington Beach town, Florida", "lat": 27.80949, "lng": -82.81214, "population": 1376}, {"name": "Gretna city, Florida", "lat": 30.57959, "lng": -84.71097, "population": 1357}, {"name": "Babson Park CDP, Florida", "lat": 27.83421, "lng": -81.52809, "population": 1330}, {"name": "Palm Beach Shores town, Florida", "lat": 26.77735, "lng": -80.03438, "population": 1330}, {"name": "Manasota Key CDP, Florida", "lat": 26.92427, "lng": -82.35286, "population": 1326}, {"name": "Limestone Creek CDP, Florida", "lat": 26.94329, "lng": -80.14078, "population": 1316}, {"name": "Patrick AFB CDP, Florida", "lat": 28.23223, "lng": -80.60991, "population": 1308}, {"name": "San Antonio city, Florida", "lat": 28.33952, "lng": -82.27865, "population": 1297}, {"name": "Molino CDP, Florida", "lat": 30.70275, "lng": -87.32071, "population": 1296}, {"name": "Crystal Springs CDP, Florida", "lat": 28.18303, "lng": -82.15388, "population": 1268}, {"name": "Hastings CDP, Florida", "lat": 29.71439, "lng": -81.49915, "population": 1262}, {"name": "Paradise Heights CDP, Florida", "lat": 28.62375, "lng": -81.54385, "population": 1260}, {"name": "Black Diamond CDP, Florida", "lat": 28.90671, "lng": -82.49461, "population": 1255}, {"name": "Palmona Park CDP, Florida", "lat": 26.68945, "lng": -81.8944, "population": 1240}, {"name": "Silver Springs Shores East CDP, Florida", "lat": 29.04945, "lng": -81.88303, "population": 1210}, {"name": "Palm Shores town, Florida", "lat": 28.19178, "lng": -80.65934, "population": 1200}, {"name": "Black Hammock CDP, Florida", "lat": 28.70601, "lng": -81.17732, "population": 1195}, {"name": "Indian Shores town, Florida", "lat": 27.85315, "lng": -82.84462, "population": 1190}, {"name": "Juno Ridge CDP, Florida", "lat": 26.84902, "lng": -80.06203, "population": 1186}, {"name": "Fanning Springs city, Florida", "lat": 29.58815, "lng": -82.92507, "population": 1182}, {"name": "Archer city, Florida", "lat": 29.54575, "lng": -82.51691, "population": 1140}, {"name": "Bronson town, Florida", "lat": 29.44911, "lng": -82.63847, "population": 1140}, {"name": "Weeki Wachee Gardens CDP, Florida", "lat": 28.53727, "lng": -82.62311, "population": 1138}, {"name": "Lacoochee CDP, Florida", "lat": 28.46606, "lng": -82.17042, "population": 1124}, {"name": "Navarre Beach CDP, Florida", "lat": 30.37645, "lng": -86.89367, "population": 1123}, {"name": "Heritage Bay CDP, Florida", "lat": 26.28453, "lng": -81.66241, "population": 1117}, {"name": "Masaryktown CDP, Florida", "lat": 28.44184, "lng": -82.46074, "population": 1077}, {"name": "Five Points CDP, Florida", "lat": 30.22299, "lng": -82.64374, "population": 1076}, {"name": "Chumuckla CDP, Florida", "lat": 30.78812, "lng": -87.22598, "population": 1063}, {"name": "Medley town, Florida", "lat": 25.86485, "lng": -80.35762, "population": 1056}, {"name": "DeLand Southwest CDP, Florida", "lat": 29.00771, "lng": -81.31127, "population": 1056}, {"name": "Mayo town, Florida", "lat": 30.0512, "lng": -83.1769, "population": 1055}, {"name": "Lake Hart CDP, Florida", "lat": 28.38128, "lng": -81.23185, "population": 1052}, {"name": "Steinhatchee CDP, Florida", "lat": 29.67701, "lng": -83.38591, "population": 1049}, {"name": "Fort Braden CDP, Florida", "lat": 30.42603, "lng": -84.54265, "population": 1045}, {"name": "Cypress Quarters CDP, Florida", "lat": 27.24771, "lng": -80.80977, "population": 1029}, {"name": "Franklin Park CDP, Florida", "lat": 26.13265, "lng": -80.17633, "population": 1025}, {"name": "Allentown CDP, Florida", "lat": 30.77049, "lng": -87.08443, "population": 1023}, {"name": "Homestead Base CDP, Florida", "lat": 25.49328, "lng": -80.39022, "population": 999}, {"name": "Lake Mack-Forest Hills CDP, Florida", "lat": 29.00045, "lng": -81.40635, "population": 992}, {"name": "St. George Island CDP, Florida", "lat": 29.65206, "lng": -84.88977, "population": 990}, {"name": "Lake Kathryn CDP, Florida", "lat": 28.99807, "lng": -81.48841, "population": 990}, {"name": "Rio CDP, Florida", "lat": 27.21641, "lng": -80.24078, "population": 980}, {"name": "Paisley CDP, Florida", "lat": 28.97931, "lng": -81.53219, "population": 980}, {"name": "Stacey Street CDP, Florida", "lat": 26.69784, "lng": -80.12386, "population": 978}, {"name": "Anna Maria city, Florida", "lat": 27.52983, "lng": -82.73372, "population": 968}, {"name": "Golden Beach town, Florida", "lat": 25.96327, "lng": -80.12215, "population": 961}, {"name": "Marco Shores-Hammock Bay CDP, Florida", "lat": 25.99565, "lng": -81.69586, "population": 957}, {"name": "Gulf Stream town, Florida", "lat": 26.48601, "lng": -80.05741, "population": 954}, {"name": "Indian Lake Estates CDP, Florida", "lat": 27.79865, "lng": -81.35623, "population": 926}, {"name": "Bristol city, Florida", "lat": 30.42554, "lng": -84.97729, "population": 918}, {"name": "Mexico Beach city, Florida", "lat": 29.94771, "lng": -85.41606, "population": 916}, {"name": "Harold CDP, Florida", "lat": 30.67383, "lng": -86.84737, "population": 909}, {"name": "Bradenton Beach city, Florida", "lat": 27.46168, "lng": -82.69651, "population": 908}, {"name": "Westlake city, Florida", "lat": 26.75468, "lng": -80.30148, "population": 906}, {"name": "Grand Ridge town, Florida", "lat": 30.70411, "lng": -85.02261, "population": 882}, {"name": "Cottondale town, Florida", "lat": 30.78973, "lng": -85.36604, "population": 848}, {"name": "Waldo city, Florida", "lat": 29.79204, "lng": -82.16693, "population": 846}, {"name": "Center Hill city, Florida", "lat": 28.62198, "lng": -82.01497, "population": 846}, {"name": "Sorrento CDP, Florida", "lat": 28.80909, "lng": -81.56361, "population": 845}, {"name": "Crescent Beach CDP, Florida", "lat": 29.73033, "lng": -81.24171, "population": 844}, {"name": "Andrews CDP, Florida", "lat": 29.54958, "lng": -82.88829, "population": 837}, {"name": "Penney Farms town, Florida", "lat": 29.98071, "lng": -81.81077, "population": 821}, {"name": "Pine Lakes CDP, Florida", "lat": 28.93977, "lng": -81.43059, "population": 818}, {"name": "Gun Club Estates CDP, Florida", "lat": 26.67535, "lng": -80.10841, "population": 816}, {"name": "Jupiter Island town, Florida", "lat": 27.02695, "lng": -80.10189, "population": 804}, {"name": "Schall Circle CDP, Florida", "lat": 26.71518, "lng": -80.11434, "population": 792}, {"name": "Key Colony Beach city, Florida", "lat": 24.72126, "lng": -81.02133, "population": 790}, {"name": "Pomona Park town, Florida", "lat": 29.50304, "lng": -81.58646, "population": 784}, {"name": "East Williston CDP, Florida", "lat": 29.38835, "lng": -82.41648, "population": 780}, {"name": "Webster city, Florida", "lat": 28.61141, "lng": -82.04935, "population": 778}, {"name": "Garden Grove CDP, Florida", "lat": 28.47173, "lng": -82.43449, "population": 776}, {"name": "Pioneer CDP, Florida", "lat": 26.72854, "lng": -81.2172, "population": 752}, {"name": "Jennings town, Florida", "lat": 30.59682, "lng": -83.10699, "population": 749}, {"name": "Page Park CDP, Florida", "lat": 26.57816, "lng": -81.86144, "population": 747}, {"name": "Greenville town, Florida", "lat": 30.46676, "lng": -83.63525, "population": 746}, {"name": "White Springs town, Florida", "lat": 30.33183, "lng": -82.75607, "population": 740}, {"name": "Shalimar town, Florida", "lat": 30.44329, "lng": -86.58304, "population": 737}, {"name": "Panacea CDP, Florida", "lat": 30.02642, "lng": -84.39259, "population": 735}, {"name": "Vernon city, Florida", "lat": 30.61225, "lng": -85.70025, "population": 732}, {"name": "Duck Key CDP, Florida", "lat": 24.77276, "lng": -80.90952, "population": 727}, {"name": "Avalon CDP, Florida", "lat": 30.53622, "lng": -87.10463, "population": 722}, {"name": "Desoto Acres CDP, Florida", "lat": 27.38258, "lng": -82.51802, "population": 720}, {"name": "Welaka town, Florida", "lat": 29.48521, "lng": -81.66096, "population": 714}, {"name": "Branford town, Florida", "lat": 29.96225, "lng": -82.92428, "population": 711}, {"name": "Winding Cypress CDP, Florida", "lat": 26.0616, "lng": -81.67738, "population": 697}, {"name": "Scottsmoor CDP, Florida", "lat": 28.76797, "lng": -80.87099, "population": 692}, {"name": "Cedar Key city, Florida", "lat": 29.15027, "lng": -83.03736, "population": 687}, {"name": "Wiscon CDP, Florida", "lat": 28.54098, "lng": -82.46611, "population": 681}, {"name": "Melbourne Village town, Florida", "lat": 28.08796, "lng": -80.66512, "population": 681}, {"name": "Solana CDP, Florida", "lat": 26.93722, "lng": -82.0297, "population": 671}, {"name": "Waverly CDP, Florida", "lat": 27.98528, "lng": -81.6253, "population": 661}, {"name": "Micanopy town, Florida", "lat": 29.50635, "lng": -82.2805, "population": 648}, {"name": "Coleman city, Florida", "lat": 28.80278, "lng": -82.07077, "population": 642}, {"name": "Lemon Grove CDP, Florida", "lat": 27.59313, "lng": -81.65029, "population": 637}, {"name": "Lawtey city, Florida", "lat": 30.04844, "lng": -82.07248, "population": 636}, {"name": "Fort White town, Florida", "lat": 29.92243, "lng": -82.71356, "population": 618}, {"name": "St. Lucie Village town, Florida", "lat": 27.49988, "lng": -80.34181, "population": 613}, {"name": "Roeville CDP, Florida", "lat": 30.68509, "lng": -86.99221, "population": 607}, {"name": "Matlacha CDP, Florida", "lat": 26.63644, "lng": -82.07661, "population": 598}, {"name": "Yankeetown town, Florida", "lat": 29.03192, "lng": -82.76324, "population": 588}, {"name": "Laurel Hill city, Florida", "lat": 30.96058, "lng": -86.45782, "population": 584}, {"name": "Seville CDP, Florida", "lat": 29.34015, "lng": -81.50952, "population": 580}, {"name": "Fisher Island CDP, Florida", "lat": 25.76172, "lng": -80.14228, "population": 561}, {"name": "Paxton town, Florida", "lat": 30.97259, "lng": -86.31177, "population": 556}, {"name": "Hosford CDP, Florida", "lat": 30.40339, "lng": -84.80809, "population": 551}, {"name": "Ferndale CDP, Florida", "lat": 28.61951, "lng": -81.69285, "population": 548}, {"name": "Bradley Junction CDP, Florida", "lat": 27.79457, "lng": -81.97822, "population": 542}, {"name": "Sea Ranch Lakes village, Florida", "lat": 26.19987, "lng": -80.0984, "population": 540}, {"name": "Greenwood town, Florida", "lat": 30.87269, "lng": -85.16117, "population": 539}, {"name": "Brownsdale CDP, Florida", "lat": 30.89415, "lng": -87.21502, "population": 528}, {"name": "Jay town, Florida", "lat": 30.95037, "lng": -87.15226, "population": 524}, {"name": "Bell town, Florida", "lat": 29.75685, "lng": -82.86197, "population": 518}, {"name": "Orchid town, Florida", "lat": 27.77194, "lng": -80.42446, "population": 516}, {"name": "Lake Mystic CDP, Florida", "lat": 30.39156, "lng": -84.99133, "population": 510}, {"name": "Ponce de Leon town, Florida", "lat": 30.72404, "lng": -85.93688, "population": 504}, {"name": "Briny Breezes town, Florida", "lat": 26.5089, "lng": -80.05225, "population": 502}, {"name": "Hillsboro Pines CDP, Florida", "lat": 26.32511, "lng": -80.19214, "population": 496}, {"name": "Altha town, Florida", "lat": 30.57335, "lng": -85.12608, "population": 496}, {"name": "Pinecraft CDP, Florida", "lat": 27.32315, "lng": -82.50067, "population": 486}, {"name": "Alford town, Florida", "lat": 30.69664, "lng": -85.39572, "population": 484}, {"name": "Tildenville CDP, Florida", "lat": 28.54138, "lng": -81.60636, "population": 475}, {"name": "Beverly Beach town, Florida", "lat": 29.51637, "lng": -81.14739, "population": 474}, {"name": "Pineland CDP, Florida", "lat": 26.66108, "lng": -82.1481, "population": 466}, {"name": "Spring Lake CDP, Florida", "lat": 28.49837, "lng": -82.29406, "population": 465}, {"name": "Glen St. Mary town, Florida", "lat": 30.27517, "lng": -82.1603, "population": 463}, {"name": "McIntosh town, Florida", "lat": 29.44936, "lng": -82.22074, "population": 463}, {"name": "Greensboro town, Florida", "lat": 30.57097, "lng": -84.72287, "population": 461}, {"name": "Garcon Point CDP, Florida", "lat": 30.47631, "lng": -87.08595, "population": 457}, {"name": "Cinco Bayou town, Florida", "lat": 30.42226, "lng": -86.60955, "population": 457}, {"name": "Reddick town, Florida", "lat": 29.3687, "lng": -82.19756, "population": 449}, {"name": "Spring Ridge CDP, Florida", "lat": 29.82184, "lng": -82.72445, "population": 442}, {"name": "Trilby CDP, Florida", "lat": 28.45644, "lng": -82.19398, "population": 433}, {"name": "Hampton city, Florida", "lat": 29.8643, "lng": -82.13802, "population": 432}, {"name": "Sopchoppy city, Florida", "lat": 30.05987, "lng": -84.4854, "population": 426}, {"name": "Manalapan town, Florida", "lat": 26.56664, "lng": -80.04019, "population": 419}, {"name": "Jupiter Inlet Colony town, Florida", "lat": 26.94796, "lng": -80.07517, "population": 405}, {"name": "Acacia Villas CDP, Florida", "lat": 26.64573, "lng": -80.11044, "population": 398}, {"name": "Miccosukee CDP, Florida", "lat": 30.59306, "lng": -84.04678, "population": 383}, {"name": "Worthington Springs town, Florida", "lat": 29.93361, "lng": -82.40852, "population": 378}, {"name": "Lee town, Florida", "lat": 30.4131, "lng": -83.30414, "population": 375}, {"name": "Wausau town, Florida", "lat": 30.63336, "lng": -85.58732, "population": 371}, {"name": "Gardner CDP, Florida", "lat": 27.36299, "lng": -81.78626, "population": 364}, {"name": "Wacissa CDP, Florida", "lat": 30.35352, "lng": -84.00101, "population": 362}, {"name": "Raleigh CDP, Florida", "lat": 29.44787, "lng": -82.46808, "population": 357}, {"name": "Everglades city, Florida", "lat": 25.85778, "lng": -81.38648, "population": 352}, {"name": "Berrydale CDP, Florida", "lat": 30.89701, "lng": -87.034, "population": 348}, {"name": "Chokoloskee CDP, Florida", "lat": 25.81423, "lng": -81.36011, "population": 346}, {"name": "Canal Point CDP, Florida", "lat": 26.86257, "lng": -80.62217, "population": 344}, {"name": "Esto town, Florida", "lat": 30.98166, "lng": -85.64296, "population": 341}, {"name": "Windsor CDP, Florida", "lat": 27.78678, "lng": -80.414, "population": 330}, {"name": "Munson CDP, Florida", "lat": 30.82906, "lng": -86.88972, "population": 326}, {"name": "Brooker town, Florida", "lat": 29.88763, "lng": -82.33267, "population": 322}, {"name": "Mulat CDP, Florida", "lat": 30.55977, "lng": -87.13006, "population": 322}, {"name": "Aripeka CDP, Florida", "lat": 28.42934, "lng": -82.66829, "population": 320}, {"name": "Floridatown CDP, Florida", "lat": 30.58242, "lng": -87.16094, "population": 319}, {"name": "Captiva CDP, Florida", "lat": 26.49764, "lng": -82.18721, "population": 318}, {"name": "La Crosse town, Florida", "lat": 29.85009, "lng": -82.40264, "population": 316}, {"name": "Goodland CDP, Florida", "lat": 25.92525, "lng": -81.64759, "population": 312}, {"name": "Whitfield CDP (Santa Rosa County), Florida", "lat": 30.87346, "lng": -87.06666, "population": 312}, {"name": "Chaires CDP, Florida", "lat": 30.44417, "lng": -84.13203, "population": 308}, {"name": "Homeland CDP, Florida", "lat": 27.81814, "lng": -81.82698, "population": 305}, {"name": "Caryville town, Florida", "lat": 30.77517, "lng": -85.81192, "population": 301}, {"name": "Ocean Breeze town, Florida", "lat": 27.24095, "lng": -80.22568, "population": 301}, {"name": "St. Marks city, Florida", "lat": 30.16609, "lng": -84.20829, "population": 274}, {"name": "West Canaveral Groves CDP, Florida", "lat": 28.39268, "lng": -80.84922, "population": 272}, {"name": "Westville town, Florida", "lat": 30.77108, "lng": -85.83812, "population": 261}, {"name": "Waukeenah CDP, Florida", "lat": 30.39548, "lng": -83.97552, "population": 259}, {"name": "Golf village, Florida", "lat": 26.50286, "lng": -80.10577, "population": 255}, {"name": "Pine Level CDP, Florida", "lat": 30.88915, "lng": -87.16948, "population": 253}, {"name": "Highland Park village, Florida", "lat": 27.86211, "lng": -81.56637, "population": 251}, {"name": "Capitola CDP, Florida", "lat": 30.44242, "lng": -84.07923, "population": 247}, {"name": "Hillcrest Heights town, Florida", "lat": 27.82486, "lng": -81.5362, "population": 243}, {"name": "Mount Carmel CDP, Florida", "lat": 30.99155, "lng": -87.12437, "population": 243}, {"name": "Okahumpka CDP, Florida", "lat": 28.74592, "lng": -81.89619, "population": 240}, {"name": "Ebro town, Florida", "lat": 30.43728, "lng": -85.88201, "population": 237}, {"name": "Charleston Park CDP, Florida", "lat": 26.70549, "lng": -81.58067, "population": 235}, {"name": "Yeehaw Junction CDP, Florida", "lat": 27.70324, "lng": -80.8836, "population": 235}, {"name": "Nobleton CDP, Florida", "lat": 28.64507, "lng": -82.26154, "population": 232}, {"name": "Lisbon CDP, Florida", "lat": 28.88252, "lng": -81.77432, "population": 229}, {"name": "Matlacha Isles-Matlacha Shores CDP, Florida", "lat": 26.62931, "lng": -82.05872, "population": 227}, {"name": "Pittman CDP, Florida", "lat": 28.99837, "lng": -81.64922, "population": 227}, {"name": "Raiford town, Florida", "lat": 30.06372, "lng": -82.24081, "population": 224}, {"name": "Glen Ridge town, Florida", "lat": 26.67213, "lng": -80.07669, "population": 217}, {"name": "Jacob City city, Florida", "lat": 30.88553, "lng": -85.41357, "population": 217}, {"name": "Layton city, Florida", "lat": 24.82513, "lng": -80.81162, "population": 210}, {"name": "Noma town, Florida", "lat": 30.97811, "lng": -85.62098, "population": 208}, {"name": "Ona CDP, Florida", "lat": 27.48296, "lng": -81.90973, "population": 199}, {"name": "Dixonville CDP, Florida", "lat": 30.98417, "lng": -87.05263, "population": 195}, {"name": "Campbellton town, Florida", "lat": 30.95785, "lng": -85.4086, "population": 191}, {"name": "Fort Green Springs CDP, Florida", "lat": 27.58762, "lng": -81.9402, "population": 190}, {"name": "Sumatra CDP, Florida", "lat": 30.02298, "lng": -84.98252, "population": 187}, {"name": "Lloyd CDP, Florida", "lat": 30.48341, "lng": -84.02612, "population": 187}, {"name": "Lamont CDP, Florida", "lat": 30.37967, "lng": -83.81338, "population": 170}, {"name": "Springhill CDP, Florida", "lat": 30.7472, "lng": -86.92254, "population": 169}, {"name": "Horseshoe Beach town, Florida", "lat": 29.44361, "lng": -83.28844, "population": 165}, {"name": "Morriston CDP, Florida", "lat": 29.28113, "lng": -82.44003, "population": 165}, {"name": "Dickerson City CDP, Florida", "lat": 30.4776, "lng": -87.06904, "population": 160}, {"name": "Limestone CDP, Florida", "lat": 27.36725, "lng": -81.90479, "population": 157}, {"name": "Tyndall AFB CDP, Florida", "lat": 30.08937, "lng": -85.59914, "population": 139}, {"name": "Fidelis CDP, Florida", "lat": 30.9305, "lng": -87.03074, "population": 137}, {"name": "Cloud Lake town, Florida", "lat": 26.67488, "lng": -80.07154, "population": 134}, {"name": "Istachatta CDP, Florida", "lat": 28.66186, "lng": -82.27453, "population": 126}, {"name": "Plantation Island CDP, Florida", "lat": 25.84782, "lng": -81.37698, "population": 119}, {"name": "Otter Creek town, Florida", "lat": 29.32329, "lng": -82.7751, "population": 108}, {"name": "Aucilla CDP, Florida", "lat": 30.47703, "lng": -83.7604, "population": 103}, {"name": "Altoona CDP, Florida", "lat": 28.96873, "lng": -81.64809, "population": 98}, {"name": "Lake Lindsey CDP, Florida", "lat": 28.63226, "lng": -82.36169, "population": 90}, {"name": "Day CDP, Florida", "lat": 30.19842, "lng": -83.28731, "population": 89}, {"name": "Bascom town, Florida", "lat": 30.92776, "lng": -85.11808, "population": 87}, {"name": "Indian Creek village, Florida", "lat": 25.87787, "lng": -80.1373, "population": 84}, {"name": "Cobbtown CDP, Florida", "lat": 30.87967, "lng": -87.12886, "population": 78}, {"name": "Fort Green CDP, Florida", "lat": 27.62545, "lng": -81.93971, "population": 78}, {"name": "Belleair Shore town, Florida", "lat": 27.91727, "lng": -82.84526, "population": 73}, {"name": "Pine Island CDP, Florida", "lat": 28.57244, "lng": -82.65478, "population": 62}, {"name": "Lake Harbor CDP, Florida", "lat": 26.6885, "lng": -80.80792, "population": 49}, {"name": "Bayport CDP, Florida", "lat": 28.54306, "lng": -82.64401, "population": 45}, {"name": "Lazy Lake village, Florida", "lat": 26.15635, "lng": -80.1452, "population": 33}, {"name": "Bay Lake city, Florida", "lat": 28.38922, "lng": -81.57837, "population": 29}, {"name": "Lake Buena Vista city, Florida", "lat": 28.37731, "lng": -81.52481, "population": 24}, {"name": "Weeki Wachee city, Florida", "lat": 28.51653, "lng": -82.58068, "population": 16}, {"name": "Marineland town, Florida", "lat": 29.66556, "lng": -81.21375, "population": 15}]