[{"name": "Atlanta city, Georgia", "lat": 33.76291, "lng": -84.42267, "population": 498715}, {"name": "Columbus city, Georgia", "lat": 32.5102, "lng": -84.87495, "population": 206922}, {"name": "Augusta-Richmond County consolidated government (balance), Georgia", "lat": 33.36553, "lng": -82.07342, "population": 202081}, {"name": "Macon-Bibb County, Georgia", "lat": 32.80884, "lng": -83.69419, "population": 157346}, {"name": "Savannah city, Georgia", "lat": 32.0025, "lng": -81.15359, "population": 147780}, {"name": "Athens-Clarke County unified government (balance), Georgia", "lat": 33.9496, "lng": -83.37009, "population": 127315}, {"name": "Sandy Springs city, Georgia", "lat": 33.9315, "lng": -84.36889, "population": 108080}, {"name": "South Fulton city, Georgia", "lat": 33.66047, "lng": -84.57489, "population": 107436}, {"name": "Roswell city, Georgia", "lat": 34.03945, "lng": -84.35095, "population": 92833}, {"name": "Johns Creek city, Georgia", "lat": 34.03274, "lng": -84.20385, "population": 82453}, {"name": "Warner Robins city, Georgia", "lat": 32.5971, "lng": -83.65394, "population": 80308}, {"name": "Albany city, Georgia", "lat": 31.57812, "lng": -84.17622, "population": 69647}, {"name": "Alpharetta city, Georgia", "lat": 34.07087, "lng": -84.27265, "population": 65818}, {"name": "Marietta city, Georgia", "lat": 33.95356, "lng": -84.54246, "population": 60972}, {"name": "Stonecrest city, Georgia", "lat": 33.68067, "lng": -84.14525, "population": 59194}, {"name": "Smyrna city, Georgia", "lat": 33.86256, "lng": -84.51612, "population": 55663}, {"name": "Valdosta city, Georgia", "lat": 30.85013, "lng": -83.27883, "population": 55378}, {"name": "Brookhaven city, Georgia", "lat": 33.87595, "lng": -84.33476, "population": 55161}, {"name": "Dunwoody city, Georgia", "lat": 33.94139, "lng": -84.3127, "population": 51683}, {"name": "Newnan city, Georgia", "lat": 33.37967, "lng": -84.7712, "population": 42549}, {"name": "Gainesville city, Georgia", "lat": 34.2901, "lng": -83.82911, "population": 42296}, {"name": "Peachtree Corners city, Georgia", "lat": 33.96715, "lng": -84.23233, "population": 42243}, {"name": "Milton city, Georgia", "lat": 34.14433, "lng": -84.31419, "population": 41296}, {"name": "Mableton CDP, Georgia", "lat": 33.81447, "lng": -84.56575, "population": 40834}, {"name": "East Point city, Georgia", "lat": 33.67112, "lng": -84.47343, "population": 38358}, {"name": "Peachtree City city, Georgia", "lat": 33.39189, "lng": -84.57066, "population": 38244}, {"name": "Rome city, Georgia", "lat": 34.26613, "lng": -85.18605, "population": 37713}, {"name": "Tucker city, Georgia", "lat": 33.84517, "lng": -84.20208, "population": 37005}, {"name": "Woodstock city, Georgia", "lat": 34.10314, "lng": -84.513, "population": 35065}, {"name": "Hinesville city, Georgia", "lat": 31.8267, "lng": -81.61577, "population": 34891}, {"name": "Douglasville city, Georgia", "lat": 33.73678, "lng": -84.70107, "population": 34650}, {"name": "Evans CDP, Georgia", "lat": 33.56764, "lng": -82.14056, "population": 34536}, {"name": "Martinez CDP, Georgia", "lat": 33.52042, "lng": -82.10118, "population": 34535}, {"name": "Dalton city, Georgia", "lat": 34.7679, "lng": -84.97281, "population": 34417}, {"name": "Statesboro city, Georgia", "lat": 32.43773, "lng": -81.77564, "population": 33438}, {"name": "Kennesaw city, Georgia", "lat": 34.0272, "lng": -84.61709, "population": 33036}, {"name": "Canton city, Georgia", "lat": 34.2472, "lng": -84.49072, "population": 32973}, {"name": "Duluth city, Georgia", "lat": 34.00152, "lng": -84.15046, "population": 31873}, {"name": "Redan CDP, Georgia", "lat": 33.73869, "lng": -84.16712, "population": 31749}, {"name": "LaGrange city, Georgia", "lat": 33.02698, "lng": -85.03826, "population": 30858}, {"name": "Lawrenceville city, Georgia", "lat": 33.95287, "lng": -83.99223, "population": 30629}, {"name": "Chamblee city, Georgia", "lat": 33.88113, "lng": -84.30165, "population": 30164}, {"name": "McDonough city, Georgia", "lat": 33.43779, "lng": -84.15528, "population": 29051}, {"name": "Stockbridge city, Georgia", "lat": 33.52619, "lng": -84.22819, "population": 28973}, {"name": "Union City city, Georgia", "lat": 33.59384, "lng": -84.56263, "population": 26830}, {"name": "Carrollton city, Georgia", "lat": 33.58169, "lng": -85.08398, "population": 26738}, {"name": "Pooler city, Georgia", "lat": 32.10563, "lng": -81.25603, "population": 25711}, {"name": "Sugar Hill city, Georgia", "lat": 34.08598, "lng": -84.03392, "population": 25076}, {"name": "Decatur city, Georgia", "lat": 33.77107, "lng": -84.29578, "population": 24928}, {"name": "Griffin city, Georgia", "lat": 33.24125, "lng": -84.27668, "population": 23478}, {"name": "Cartersville city, Georgia", "lat": 34.16458, "lng": -84.8017, "population": 23187}, {"name": "Candler-McAfee CDP, Georgia", "lat": 33.72622, "lng": -84.27085, "population": 22468}, {"name": "Acworth city, Georgia", "lat": 34.06199, "lng": -84.68112, "population": 22440}, {"name": "Suwanee city, Georgia", "lat": 34.05112, "lng": -84.06591, "population": 20786}, {"name": "Perry city, Georgia", "lat": 32.47201, "lng": -83.72625, "population": 20624}, {"name": "Snellville city, Georgia", "lat": 33.86022, "lng": -84.00629, "population": 20573}, {"name": "North Druid Hills CDP, Georgia", "lat": 33.81949, "lng": -84.3267, "population": 20385}, {"name": "Forest Park city, Georgia", "lat": 33.62054, "lng": -84.35818, "population": 19932}, {"name": "Fayetteville city, Georgia", "lat": 33.4491, "lng": -84.47282, "population": 18957}, {"name": "Thomasville city, Georgia", "lat": 30.83942, "lng": -83.97878, "population": 18881}, {"name": "North Decatur CDP, Georgia", "lat": 33.80734, "lng": -84.28889, "population": 18511}, {"name": "Winder city, Georgia", "lat": 33.99134, "lng": -83.72151, "population": 18338}, {"name": "Kingsland city, Georgia", "lat": 30.8461, "lng": -81.79091, "population": 18337}, {"name": "St. Marys city, Georgia", "lat": 30.75425, "lng": -81.57264, "population": 18256}, {"name": "Conyers city, Georgia", "lat": 33.66654, "lng": -83.99769, "population": 17305}, {"name": "Norcross city, Georgia", "lat": 33.93739, "lng": -84.20563, "population": 17209}, {"name": "Buford city, Georgia", "lat": 34.1193, "lng": -83.9902, "population": 17144}, {"name": "Milledgeville city, Georgia", "lat": 33.08794, "lng": -83.24061, "population": 17070}, {"name": "Tifton city, Georgia", "lat": 31.4621, "lng": -83.5205, "population": 17045}, {"name": "Villa Rica city, Georgia", "lat": 33.72836, "lng": -84.91666, "population": 16970}, {"name": "Calhoun city, Georgia", "lat": 34.49081, "lng": -84.93932, "population": 16949}, {"name": "Powder Springs city, Georgia", "lat": 33.86543, "lng": -84.68257, "population": 16887}, {"name": "Lithia Springs CDP, Georgia", "lat": 33.78249, "lng": -84.64849, "population": 16644}, {"name": "Richmond Hill city, Georgia", "lat": 31.9, "lng": -81.31096, "population": 16633}, {"name": "Fairburn city, Georgia", "lat": 33.5478, "lng": -84.58727, "population": 16483}, {"name": "Americus city, Georgia", "lat": 32.07438, "lng": -84.22283, "population": 16230}, {"name": "Holly Springs city, Georgia", "lat": 34.16723, "lng": -84.48447, "population": 16213}, {"name": "Dublin city, Georgia", "lat": 32.53597, "lng": -82.92829, "population": 16074}, {"name": "Grovetown city, Georgia", "lat": 33.44977, "lng": -82.20797, "population": 15577}, {"name": "Brunswick city, Georgia", "lat": 31.13615, "lng": -81.46694, "population": 15210}, {"name": "Riverdale city, Georgia", "lat": 33.56387, "lng": -84.41096, "population": 15129}, {"name": "Wilmington Island CDP, Georgia", "lat": 31.99971, "lng": -80.97523, "population": 15129}, {"name": "Belvedere Park CDP, Georgia", "lat": 33.74885, "lng": -84.25977, "population": 15113}, {"name": "St. Simons CDP, Georgia", "lat": 31.18015, "lng": -81.38538, "population": 14982}, {"name": "Monroe city, Georgia", "lat": 33.79748, "lng": -83.71873, "population": 14928}, {"name": "Clarkston city, Georgia", "lat": 33.81349, "lng": -84.24185, "population": 14756}, {"name": "Moultrie city, Georgia", "lat": 31.17943, "lng": -83.79079, "population": 14638}, {"name": "Lilburn city, Georgia", "lat": 33.89064, "lng": -84.13687, "population": 14502}, {"name": "Bainbridge city, Georgia", "lat": 30.90493, "lng": -84.57305, "population": 14468}, {"name": "Covington city, Georgia", "lat": 33.60544, "lng": -83.84663, "population": 14192}, {"name": "Loganville city, Georgia", "lat": 33.8365, "lng": -83.89614, "population": 14127}, {"name": "Dallas city, Georgia", "lat": 33.91562, "lng": -84.84156, "population": 14042}, {"name": "Waycross city, Georgia", "lat": 31.21101, "lng": -82.35766, "population": 13942}, {"name": "College Park city, Georgia", "lat": 33.64145, "lng": -84.4635, "population": 13930}, {"name": "Braselton town, Georgia", "lat": 34.10762, "lng": -83.81291, "population": 13403}, {"name": "Jefferson city, Georgia", "lat": 34.13624, "lng": -83.60216, "population": 13233}, {"name": "Mountain Park CDP, Georgia", "lat": 33.84668, "lng": -84.13216, "population": 13089}, {"name": "Vinings CDP, Georgia", "lat": 33.85916, "lng": -84.46784, "population": 12581}, {"name": "Georgetown CDP, Georgia", "lat": 31.98272, "lng": -81.23028, "population": 11916}, {"name": "Douglas city, Georgia", "lat": 31.50611, "lng": -82.85434, "population": 11722}, {"name": "Panthersville CDP, Georgia", "lat": 33.70832, "lng": -84.27447, "population": 11237}, {"name": "Rincon city, Georgia", "lat": 32.29469, "lng": -81.23535, "population": 10934}, {"name": "Port Wentworth city, Georgia", "lat": 32.19201, "lng": -81.20573, "population": 10878}, {"name": "Vidalia city, Georgia", "lat": 32.21208, "lng": -82.40219, "population": 10785}, {"name": "Scottdale CDP, Georgia", "lat": 33.79543, "lng": -84.26601, "population": 10698}, {"name": "Doraville city, Georgia", "lat": 33.90834, "lng": -84.26988, "population": 10623}, {"name": "Fort Oglethorpe city, Georgia", "lat": 34.93185, "lng": -85.24601, "population": 10423}, {"name": "Garden City city, Georgia", "lat": 32.08722, "lng": -81.17661, "population": 10289}, {"name": "Cordele city, Georgia", "lat": 31.95609, "lng": -83.77008, "population": 10220}, {"name": "Cedartown city, Georgia", "lat": 34.02175, "lng": -85.24753, "population": 10190}, {"name": "Cairo city, Georgia", "lat": 30.87925, "lng": -84.20492, "population": 10179}, {"name": "Lovejoy city, Georgia", "lat": 33.44152, "lng": -84.31744, "population": 10122}, {"name": "Thomaston city, Georgia", "lat": 32.89167, "lng": -84.32669, "population": 9816}, {"name": "Jesup city, Georgia", "lat": 31.59457, "lng": -81.8957, "population": 9809}, {"name": "Cusseta-Chattahoochee County unified government, Georgia", "lat": 32.34745, "lng": -84.78802, "population": 9565}, {"name": "Druid Hills CDP, Georgia", "lat": 33.78415, "lng": -84.32921, "population": 9429}, {"name": "Flowery Branch city, Georgia", "lat": 34.1713, "lng": -83.91875, "population": 9391}, {"name": "Skidaway Island CDP, Georgia", "lat": 31.93777, "lng": -81.0464, "population": 9310}, {"name": "Toccoa city, Georgia", "lat": 34.58208, "lng": -83.32717, "population": 9133}, {"name": "Fair Oaks CDP, Georgia", "lat": 33.91998, "lng": -84.54444, "population": 9028}, {"name": "Fitzgerald city, Georgia", "lat": 31.71306, "lng": -83.25087, "population": 9006}, {"name": "Bemiss CDP, Georgia", "lat": 30.93295, "lng": -83.22194, "population": 8999}, {"name": "Locust Grove city, Georgia", "lat": 33.34385, "lng": -84.10582, "population": 8947}, {"name": "Fort Stewart CDP, Georgia", "lat": 31.88117, "lng": -81.61317, "population": 8821}, {"name": "Fort Valley city, Georgia", "lat": 32.55111, "lng": -83.87994, "population": 8780}, {"name": "Irondale CDP, Georgia", "lat": 33.48327, "lng": -84.36551, "population": 8740}, {"name": "Country Club Estates CDP, Georgia", "lat": 31.20704, "lng": -81.4627, "population": 8373}, {"name": "Hampton city, Georgia", "lat": 33.37885, "lng": -84.29619, "population": 8368}, {"name": "Dock Junction CDP, Georgia", "lat": 31.20141, "lng": -81.51565, "population": 8266}, {"name": "Centerville city, Georgia", "lat": 32.63438, "lng": -83.68663, "population": 8228}, {"name": "Austell city, Georgia", "lat": 33.81977, "lng": -84.64377, "population": 7713}, {"name": "Gresham Park CDP, Georgia", "lat": 33.70702, "lng": -84.31198, "population": 7700}, {"name": "Tyrone town, Georgia", "lat": 33.47606, "lng": -84.59452, "population": 7658}, {"name": "Dahlonega city, Georgia", "lat": 34.52991, "lng": -83.97958, "population": 7537}, {"name": "Auburn city, Georgia", "lat": 34.01519, "lng": -83.83374, "population": 7495}, {"name": "Swainsboro city, Georgia", "lat": 32.58559, "lng": -82.33478, "population": 7425}, {"name": "Commerce city, Georgia", "lat": 34.2143, "lng": -83.47571, "population": 7387}, {"name": "Cumming city, Georgia", "lat": 34.20607, "lng": -84.13385, "population": 7318}, {"name": "Bremen city, Georgia", "lat": 33.71077, "lng": -85.1519, "population": 7185}, {"name": "Whitemarsh Island CDP, Georgia", "lat": 32.03031, "lng": -81.01292, "population": 6983}, {"name": "LaFayette city, Georgia", "lat": 34.70885, "lng": -85.28149, "population": 6888}, {"name": "Dacula city, Georgia", "lat": 33.98188, "lng": -83.90098, "population": 6882}, {"name": "Thomson city, Georgia", "lat": 33.46853, "lng": -82.49796, "population": 6814}, {"name": "Stone Mountain city, Georgia", "lat": 33.80258, "lng": -84.17175, "population": 6703}, {"name": "Conley CDP, Georgia", "lat": 33.64227, "lng": -84.33433, "population": 6680}, {"name": "Morrow city, Georgia", "lat": 33.5783, "lng": -84.33555, "population": 6569}, {"name": "Hapeville city, Georgia", "lat": 33.66087, "lng": -84.40932, "population": 6553}, {"name": "Fairview CDP, Georgia", "lat": 34.92953, "lng": -85.29404, "population": 6409}, {"name": "Eatonton city, Georgia", "lat": 33.32582, "lng": -83.38886, "population": 6307}, {"name": "Barnesville city, Georgia", "lat": 33.04865, "lng": -84.14928, "population": 6292}, {"name": "McRae-Helena city, Georgia", "lat": 32.06358, "lng": -82.89689, "population": 6253}, {"name": "Sandersville city, Georgia", "lat": 32.98209, "lng": -82.80969, "population": 5813}, {"name": "Waynesboro city, Georgia", "lat": 33.09128, "lng": -82.01429, "population": 5799}, {"name": "Byron city, Georgia", "lat": 32.6495, "lng": -83.74795, "population": 5702}, {"name": "Eastman city, Georgia", "lat": 32.19756, "lng": -83.17066, "population": 5658}, {"name": "Sylvester city, Georgia", "lat": 31.52974, "lng": -83.83457, "population": 5644}, {"name": "Adel city, Georgia", "lat": 31.12481, "lng": -83.42547, "population": 5571}, {"name": "Jackson city, Georgia", "lat": 33.29236, "lng": -83.96785, "population": 5557}, {"name": "Blakely city, Georgia", "lat": 31.38094, "lng": -84.92706, "population": 5371}, {"name": "Camilla city, Georgia", "lat": 31.23406, "lng": -84.20956, "population": 5187}, {"name": "Temple city, Georgia", "lat": 33.73324, "lng": -85.02729, "population": 5089}, {"name": "Palmetto city, Georgia", "lat": 33.53604, "lng": -84.67379, "population": 5071}, {"name": "Cochran city, Georgia", "lat": 32.38735, "lng": -83.3514, "population": 5026}, {"name": "Senoia city, Georgia", "lat": 33.30766, "lng": -84.55476, "population": 5016}, {"name": "Social Circle city, Georgia", "lat": 33.64614, "lng": -83.71278, "population": 4974}, {"name": "Nashville city, Georgia", "lat": 31.2045, "lng": -83.2485, "population": 4947}, {"name": "Baxley city, Georgia", "lat": 31.76475, "lng": -82.34925, "population": 4942}, {"name": "Hiram city, Georgia", "lat": 33.89079, "lng": -84.75055, "population": 4929}, {"name": "Fairfield Plantation CDP, Georgia", "lat": 33.64466, "lng": -84.92843, "population": 4898}, {"name": "Adairsville city, Georgia", "lat": 34.37085, "lng": -84.92119, "population": 4878}, {"name": "Chatsworth city, Georgia", "lat": 34.78109, "lng": -84.78247, "population": 4874}, {"name": "Oakwood city, Georgia", "lat": 34.22213, "lng": -83.88486, "population": 4822}, {"name": "Lakeview CDP, Georgia", "lat": 34.97707, "lng": -85.25363, "population": 4777}, {"name": "Rockmart city, Georgia", "lat": 34.01001, "lng": -85.04772, "population": 4732}, {"name": "Grayson city, Georgia", "lat": 33.89075, "lng": -83.95815, "population": 4730}, {"name": "Heron Bay CDP, Georgia", "lat": 33.33904, "lng": -84.19216, "population": 4679}, {"name": "Elberton city, Georgia", "lat": 34.10682, "lng": -82.87269, "population": 4640}, {"name": "Cornelia city, Georgia", "lat": 34.51663, "lng": -83.53147, "population": 4503}, {"name": "Hartwell city, Georgia", "lat": 34.34965, "lng": -82.92802, "population": 4470}, {"name": "Folkston city, Georgia", "lat": 30.83925, "lng": -82.00725, "population": 4464}, {"name": "Madison city, Georgia", "lat": 33.57904, "lng": -83.47597, "population": 4447}, {"name": "Montgomery CDP, Georgia", "lat": 31.94786, "lng": -81.09792, "population": 4443}, {"name": "Buckhead CDP, Georgia", "lat": 31.86184, "lng": -81.26031, "population": 4441}, {"name": "Summerville city, Georgia", "lat": 34.47875, "lng": -85.34907, "population": 4435}, {"name": "Dawson city, Georgia", "lat": 31.77186, "lng": -84.4435, "population": 4414}, {"name": "Bonanza CDP, Georgia", "lat": 33.45887, "lng": -84.33782, "population": 4406}, {"name": "Forsyth city, Georgia", "lat": 33.03529, "lng": -83.93893, "population": 4384}, {"name": "Ashburn city, Georgia", "lat": 31.70919, "lng": -83.65242, "population": 4291}, {"name": "Lindale CDP, Georgia", "lat": 34.18769, "lng": -85.18072, "population": 4283}, {"name": "Euharlee city, Georgia", "lat": 34.14359, "lng": -84.93275, "population": 4268}, {"name": "Lyons city, Georgia", "lat": 32.20594, "lng": -82.32142, "population": 4239}, {"name": "Jonesboro city, Georgia", "lat": 33.5208, "lng": -84.3547, "population": 4235}, {"name": "Hazlehurst city, Georgia", "lat": 31.86413, "lng": -82.59928, "population": 4088}, {"name": "Jasper city, Georgia", "lat": 34.4662, "lng": -84.43586, "population": 4084}, {"name": "Quitman city, Georgia", "lat": 30.78453, "lng": -83.56055, "population": 4064}, {"name": "Metter city, Georgia", "lat": 32.39626, "lng": -82.06195, "population": 4004}, {"name": "Rossville city, Georgia", "lat": 34.97577, "lng": -85.28957, "population": 3980}, {"name": "Hawkinsville city, Georgia", "lat": 32.30118, "lng": -83.47886, "population": 3980}, {"name": "Chattanooga Valley CDP, Georgia", "lat": 34.92411, "lng": -85.34312, "population": 3962}, {"name": "Glennville city, Georgia", "lat": 31.9388, "lng": -81.93242, "population": 3834}, {"name": "Hephzibah city, Georgia", "lat": 33.2923, "lng": -82.09573, "population": 3830}, {"name": "Washington city, Georgia", "lat": 33.73229, "lng": -82.74361, "population": 3754}, {"name": "Dawsonville city, Georgia", "lat": 34.43358, "lng": -84.12448, "population": 3720}, {"name": "West Point city, Georgia", "lat": 32.89852, "lng": -85.1415, "population": 3719}, {"name": "Echols County consolidated government, Georgia", "lat": 30.71401, "lng": -82.89738, "population": 3697}, {"name": "Walthourville city, Georgia", "lat": 31.77198, "lng": -81.62094, "population": 3680}, {"name": "Greensboro city, Georgia", "lat": 33.56357, "lng": -83.18909, "population": 3648}, {"name": "Baldwin city, Georgia", "lat": 34.48765, "lng": -83.54724, "population": 3629}, {"name": "Manchester city, Georgia", "lat": 32.85906, "lng": -84.63437, "population": 3584}, {"name": "Harlem city, Georgia", "lat": 33.43534, "lng": -82.31606, "population": 3571}, {"name": "Avondale Estates city, Georgia", "lat": 33.76873, "lng": -84.26474, "population": 3567}, {"name": "Cleveland city, Georgia", "lat": 34.59704, "lng": -83.76071, "population": 3514}, {"name": "Hardwick CDP, Georgia", "lat": 33.04559, "lng": -83.2488, "population": 3513}, {"name": "Pelham city, Georgia", "lat": 31.12664, "lng": -84.15146, "population": 3507}, {"name": "Blackshear city, Georgia", "lat": 31.29082, "lng": -82.25293, "population": 3506}, {"name": "Ocilla city, Georgia", "lat": 31.59863, "lng": -83.24981, "population": 3498}, {"name": "Leesburg city, Georgia", "lat": 31.73206, "lng": -84.16855, "population": 3480}, {"name": "Wrightsville city, Georgia", "lat": 32.72681, "lng": -82.71907, "population": 3449}, {"name": "Gray city, Georgia", "lat": 33.00202, "lng": -83.54093, "population": 3436}, {"name": "Alma city, Georgia", "lat": 31.54333, "lng": -82.47558, "population": 3433}, {"name": "Ringgold city, Georgia", "lat": 34.91364, "lng": -85.12141, "population": 3414}, {"name": "Hahira city, Georgia", "lat": 30.99648, "lng": -83.38146, "population": 3384}, {"name": "Experiment CDP, Georgia", "lat": 33.28603, "lng": -84.27464, "population": 3328}, {"name": "Hogansville city, Georgia", "lat": 33.16699, "lng": -84.90279, "population": 3267}, {"name": "Tallapoosa city, Georgia", "lat": 33.73666, "lng": -85.28736, "population": 3227}, {"name": "Nicholls city, Georgia", "lat": 31.51884, "lng": -82.63958, "population": 3147}, {"name": "Cuthbert city, Georgia", "lat": 31.77069, "lng": -84.79358, "population": 3143}, {"name": "Hannahs Mill CDP, Georgia", "lat": 32.9373, "lng": -84.34095, "population": 3121}, {"name": "Unadilla city, Georgia", "lat": 32.25728, "lng": -83.7359, "population": 3118}, {"name": "Tybee Island city, Georgia", "lat": 32.01022, "lng": -80.8559, "population": 3114}, {"name": "Grantville city, Georgia", "lat": 33.23715, "lng": -84.8301, "population": 3103}, {"name": "Montezuma city, Georgia", "lat": 32.29725, "lng": -84.01905, "population": 3047}, {"name": "Millen city, Georgia", "lat": 32.80689, "lng": -81.94204, "population": 2966}, {"name": "Lake City city, Georgia", "lat": 33.60647, "lng": -84.3411, "population": 2952}, {"name": "Chattahoochee Hills city, Georgia", "lat": 33.58107, "lng": -84.74589, "population": 2950}, {"name": "Vienna city, Georgia", "lat": 32.09275, "lng": -83.78684, "population": 2928}, {"name": "Chickamauga city, Georgia", "lat": 34.87747, "lng": -85.28835, "population": 2917}, {"name": "Watkinsville city, Georgia", "lat": 33.85967, "lng": -83.40479, "population": 2896}, {"name": "Soperton city, Georgia", "lat": 32.37827, "lng": -82.59402, "population": 2889}, {"name": "Lakeland city, Georgia", "lat": 31.04082, "lng": -83.07473, "population": 2875}, {"name": "Putney CDP, Georgia", "lat": 31.47474, "lng": -84.10524, "population": 2869}, {"name": "Donalsonville city, Georgia", "lat": 31.03969, "lng": -84.87842, "population": 2833}, {"name": "Lula city, Georgia", "lat": 34.39809, "lng": -83.66191, "population": 2822}, {"name": "Statham city, Georgia", "lat": 33.96277, "lng": -83.60375, "population": 2813}, {"name": "Raoul CDP, Georgia", "lat": 34.45769, "lng": -83.60086, "population": 2803}, {"name": "Bloomingdale city, Georgia", "lat": 32.125, "lng": -81.30839, "population": 2790}, {"name": "Reed Creek CDP, Georgia", "lat": 34.44093, "lng": -82.91368, "population": 2724}, {"name": "Springfield city, Georgia", "lat": 32.36359, "lng": -81.3029, "population": 2703}, {"name": "Abbeville city, Georgia", "lat": 31.99258, "lng": -83.30645, "population": 2685}, {"name": "Hoschton city, Georgia", "lat": 34.08526, "lng": -83.75961, "population": 2666}, {"name": "Lithonia city, Georgia", "lat": 33.71295, "lng": -84.1062, "population": 2662}, {"name": "Lakeview Estates CDP, Georgia", "lat": 33.70498, "lng": -84.03768, "population": 2660}, {"name": "Royston city, Georgia", "lat": 34.28582, "lng": -83.11179, "population": 2649}, {"name": "Sylvania city, Georgia", "lat": 32.74723, "lng": -81.64069, "population": 2634}, {"name": "Claxton city, Georgia", "lat": 32.16208, "lng": -81.90966, "population": 2602}, {"name": "Ball Ground city, Georgia", "lat": 34.33714, "lng": -84.36789, "population": 2560}, {"name": "Thunderbolt town, Georgia", "lat": 32.03573, "lng": -81.0492, "population": 2556}, {"name": "Monticello city, Georgia", "lat": 33.29588, "lng": -83.68658, "population": 2541}, {"name": "Sterling CDP, Georgia", "lat": 31.26215, "lng": -81.55308, "population": 2534}, {"name": "Reidsville city, Georgia", "lat": 32.08733, "lng": -82.12479, "population": 2515}, {"name": "Pembroke city, Georgia", "lat": 32.14453, "lng": -81.61692, "population": 2513}, {"name": "East Dublin city, Georgia", "lat": 32.54693, "lng": -82.86697, "population": 2492}, {"name": "Louisville city, Georgia", "lat": 32.99287, "lng": -82.39719, "population": 2381}, {"name": "Gumlog CDP, Georgia", "lat": 34.49887, "lng": -83.09304, "population": 2358}, {"name": "Isle of Hope CDP, Georgia", "lat": 31.98591, "lng": -81.05248, "population": 2357}, {"name": "Webster County unified government, Georgia", "lat": 32.04669, "lng": -84.55383, "population": 2348}, {"name": "Homerville city, Georgia", "lat": 31.03822, "lng": -82.74209, "population": 2344}, {"name": "Indian Springs CDP, Georgia", "lat": 34.96061, "lng": -85.15901, "population": 2336}, {"name": "Kings Bay Base CDP, Georgia", "lat": 30.7993, "lng": -81.56372, "population": 2329}, {"name": "Oxford city, Georgia", "lat": 33.62839, "lng": -83.87233, "population": 2308}, {"name": "Guyton city, Georgia", "lat": 32.33227, "lng": -81.39038, "population": 2289}, {"name": "Georgetown-Quitman County unified government, Georgia", "lat": 31.86294, "lng": -85.0048, "population": 2235}, {"name": "Wrens city, Georgia", "lat": 33.20743, "lng": -82.38758, "population": 2217}, {"name": "Deenwood CDP, Georgia", "lat": 31.24682, "lng": -82.36573, "population": 2207}, {"name": "Trenton city, Georgia", "lat": 34.87415, "lng": -85.50965, "population": 2195}, {"name": "Varnell city, Georgia", "lat": 34.90158, "lng": -84.96506, "population": 2179}, {"name": "Henderson CDP, Georgia", "lat": 32.00705, "lng": -81.2666, "population": 2178}, {"name": "Bowdon city, Georgia", "lat": 33.53784, "lng": -85.25398, "population": 2161}, {"name": "Lavonia city, Georgia", "lat": 34.43391, "lng": -83.10796, "population": 2143}, {"name": "Midway city, Georgia", "lat": 31.801, "lng": -81.41666, "population": 2141}, {"name": "Berkeley Lake city, Georgia", "lat": 33.98144, "lng": -84.18559, "population": 2054}, {"name": "Sparks town, Georgia", "lat": 31.16902, "lng": -83.44123, "population": 2043}, {"name": "Demorest city, Georgia", "lat": 34.56353, "lng": -83.54231, "population": 2022}, {"name": "Clayton city, Georgia", "lat": 34.87663, "lng": -83.40326, "population": 2003}, {"name": "Colquitt city, Georgia", "lat": 31.17321, "lng": -84.73238, "population": 2001}, {"name": "Mount Vernon city, Georgia", "lat": 32.18524, "lng": -82.59659, "population": 1990}, {"name": "Trion town, Georgia", "lat": 34.54842, "lng": -85.31077, "population": 1960}, {"name": "Shannon CDP, Georgia", "lat": 34.34032, "lng": -85.08408, "population": 1919}, {"name": "Clarkesville city, Georgia", "lat": 34.60929, "lng": -83.52747, "population": 1911}, {"name": "Arcade city, Georgia", "lat": 34.07355, "lng": -83.52811, "population": 1884}, {"name": "Butler city, Georgia", "lat": 32.55719, "lng": -84.23733, "population": 1881}, {"name": "Maysville town, Georgia", "lat": 34.25513, "lng": -83.55306, "population": 1867}, {"name": "Ellijay city, Georgia", "lat": 34.69132, "lng": -84.48392, "population": 1862}, {"name": "Davisboro city, Georgia", "lat": 32.98141, "lng": -82.60357, "population": 1832}, {"name": "Pearson city, Georgia", "lat": 31.29721, "lng": -82.85396, "population": 1821}, {"name": "Nicholson city, Georgia", "lat": 34.11662, "lng": -83.42506, "population": 1808}, {"name": "Porterdale city, Georgia", "lat": 33.57371, "lng": -83.89479, "population": 1799}, {"name": "Gordon city, Georgia", "lat": 32.88619, "lng": -83.33359, "population": 1783}, {"name": "Mount Zion city, Georgia", "lat": 33.64256, "lng": -85.181, "population": 1766}, {"name": "Warrenton city, Georgia", "lat": 33.40607, "lng": -82.66543, "population": 1744}, {"name": "Morgan city, Georgia", "lat": 31.5381, "lng": -84.60324, "population": 1741}, {"name": "Brooklet city, Georgia", "lat": 32.3891, "lng": -81.66997, "population": 1704}, {"name": "Pendergrass town, Georgia", "lat": 34.16479, "lng": -83.68863, "population": 1692}, {"name": "Unionville CDP, Georgia", "lat": 31.43655, "lng": -83.50906, "population": 1688}, {"name": "Hamilton city, Georgia", "lat": 32.76467, "lng": -84.87526, "population": 1680}, {"name": "Wadley city, Georgia", "lat": 32.86479, "lng": -82.4028, "population": 1643}, {"name": "Twin City city, Georgia", "lat": 32.58223, "lng": -82.15938, "population": 1642}, {"name": "Lookout Mountain city, Georgia", "lat": 34.96641, "lng": -85.36219, "population": 1641}, {"name": "Union Point city, Georgia", "lat": 33.61882, "lng": -83.07504, "population": 1597}, {"name": "Ellaville city, Georgia", "lat": 32.23766, "lng": -84.30911, "population": 1595}, {"name": "Ludowici city, Georgia", "lat": 31.70894, "lng": -81.74522, "population": 1590}, {"name": "Buena Vista city, Georgia", "lat": 32.31848, "lng": -84.51756, "population": 1585}, {"name": "Berry College CDP, Georgia", "lat": 34.29104, "lng": -85.18777, "population": 1565}, {"name": "East Griffin CDP, Georgia", "lat": 33.24344, "lng": -84.2326, "population": 1561}, {"name": "Comer city, Georgia", "lat": 34.06246, "lng": -83.12732, "population": 1512}, {"name": "Lincolnton city, Georgia", "lat": 33.79271, "lng": -82.47844, "population": 1480}, {"name": "Sunnyside CDP, Georgia", "lat": 31.23949, "lng": -82.34178, "population": 1472}, {"name": "Tennille city, Georgia", "lat": 32.93656, "lng": -82.81323, "population": 1469}, {"name": "Darien city, Georgia", "lat": 31.34349, "lng": -81.4241, "population": 1460}, {"name": "Aragon city, Georgia", "lat": 34.04628, "lng": -85.05671, "population": 1440}, {"name": "Cataula CDP, Georgia", "lat": 32.66503, "lng": -84.86517, "population": 1433}, {"name": "Emerson city, Georgia", "lat": 34.13133, "lng": -84.74537, "population": 1415}, {"name": "Mount Airy town, Georgia", "lat": 34.52349, "lng": -83.49717, "population": 1391}, {"name": "Richland city, Georgia", "lat": 32.08876, "lng": -84.662, "population": 1370}, {"name": "Sparta city, Georgia", "lat": 33.27791, "lng": -82.96981, "population": 1357}, {"name": "Remerton city, Georgia", "lat": 30.84379, "lng": -83.30893, "population": 1334}, {"name": "Bogart town, Georgia", "lat": 33.94763, "lng": -83.53375, "population": 1326}, {"name": "Russell CDP, Georgia", "lat": 33.979, "lng": -83.69227, "population": 1322}, {"name": "Walnut Grove city, Georgia", "lat": 33.74786, "lng": -83.84996, "population": 1322}, {"name": "Omega city, Georgia", "lat": 31.33896, "lng": -83.59372, "population": 1318}, {"name": "Moody AFB CDP, Georgia", "lat": 30.96961, "lng": -83.1943, "population": 1307}, {"name": "Fairplay CDP, Georgia", "lat": 33.6182, "lng": -84.86236, "population": 1267}, {"name": "Homer town, Georgia", "lat": 34.33796, "lng": -83.49478, "population": 1264}, {"name": "Blue Ridge city, Georgia", "lat": 34.8665, "lng": -84.32185, "population": 1253}, {"name": "Talahi Island CDP, Georgia", "lat": 32.03298, "lng": -80.97602, "population": 1247}, {"name": "Willacoochee city, Georgia", "lat": 31.33509, "lng": -83.044, "population": 1240}, {"name": "Dutch Island CDP, Georgia", "lat": 32.00358, "lng": -81.03278, "population": 1238}, {"name": "Edison city, Georgia", "lat": 31.56081, "lng": -84.7374, "population": 1230}, {"name": "Zebulon city, Georgia", "lat": 33.091, "lng": -84.33947, "population": 1225}, {"name": "Pine Mountain town, Georgia", "lat": 32.852, "lng": -84.85163, "population": 1216}, {"name": "Arlington city, Georgia", "lat": 31.43682, "lng": -84.72973, "population": 1209}, {"name": "Boston city, Georgia", "lat": 30.79119, "lng": -83.78937, "population": 1207}, {"name": "Winterville city, Georgia", "lat": 33.96663, "lng": -83.28156, "population": 1201}, {"name": "Cave Spring city, Georgia", "lat": 34.10858, "lng": -85.33971, "population": 1174}, {"name": "Rochelle city, Georgia", "lat": 31.94877, "lng": -83.45688, "population": 1167}, {"name": "Franklin Springs city, Georgia", "lat": 34.28336, "lng": -83.14609, "population": 1155}, {"name": "McCaysville city, Georgia", "lat": 34.98196, "lng": -84.37119, "population": 1149}, {"name": "Nelson city, Georgia", "lat": 34.37889, "lng": -84.37064, "population": 1145}, {"name": "Resaca town, Georgia", "lat": 34.57937, "lng": -84.94382, "population": 1142}, {"name": "Young Harris city, Georgia", "lat": 34.93461, "lng": -83.84773, "population": 1098}, {"name": "Woodbine city, Georgia", "lat": 30.95986, "lng": -81.7181, "population": 1062}, {"name": "Robins AFB CDP, Georgia", "lat": 32.61001, "lng": -83.58295, "population": 1061}, {"name": "Broxton city, Georgia", "lat": 31.62513, "lng": -82.88747, "population": 1060}, {"name": "Enigma town, Georgia", "lat": 31.4013, "lng": -83.31987, "population": 1058}, {"name": "Ellerslie CDP, Georgia", "lat": 32.63291, "lng": -84.78845, "population": 1053}, {"name": "Marshallville city, Georgia", "lat": 32.45856, "lng": -83.93976, "population": 1048}, {"name": "Ivey city, Georgia", "lat": 32.90993, "lng": -83.29985, "population": 1037}, {"name": "East Newnan CDP, Georgia", "lat": 33.3458, "lng": -84.77672, "population": 1022}, {"name": "Clermont town, Georgia", "lat": 34.48013, "lng": -83.7704, "population": 1021}, {"name": "Nahunta city, Georgia", "lat": 31.20622, "lng": -81.98122, "population": 1013}, {"name": "Oglethorpe city, Georgia", "lat": 32.29318, "lng": -84.06281, "population": 995}, {"name": "Sardis city, Georgia", "lat": 32.97507, "lng": -81.76151, "population": 995}, {"name": "Fort Gaines city, Georgia", "lat": 31.62595, "lng": -85.05867, "population": 995}, {"name": "Hiawassee city, Georgia", "lat": 34.94616, "lng": -83.74634, "population": 981}, {"name": "Jeffersonville city, Georgia", "lat": 32.68629, "lng": -83.34268, "population": 977}, {"name": "Alto town, Georgia", "lat": 34.46499, "lng": -83.57259, "population": 970}, {"name": "Lumber City city, Georgia", "lat": 31.93305, "lng": -82.6832, "population": 967}, {"name": "Norman Park city, Georgia", "lat": 31.26902, "lng": -83.68453, "population": 963}, {"name": "Tunnel Hill city, Georgia", "lat": 34.85541, "lng": -85.03678, "population": 963}, {"name": "Hagan city, Georgia", "lat": 32.15306, "lng": -81.92992, "population": 959}, {"name": "Ray City city, Georgia", "lat": 31.07276, "lng": -83.19009, "population": 956}, {"name": "Franklin city, Georgia", "lat": 33.27983, "lng": -85.09864, "population": 950}, {"name": "Buchanan city, Georgia", "lat": 33.80053, "lng": -85.17981, "population": 938}, {"name": "Lake Park city, Georgia", "lat": 30.68556, "lng": -83.1877, "population": 932}, {"name": "Meigs city, Georgia", "lat": 31.07179, "lng": -84.09268, "population": 928}, {"name": "Reynolds city, Georgia", "lat": 32.56048, "lng": -84.09436, "population": 926}, {"name": "Sunset Village CDP, Georgia", "lat": 32.89177, "lng": -84.40971, "population": 921}, {"name": "Waleska city, Georgia", "lat": 34.31702, "lng": -84.55098, "population": 921}, {"name": "Woodbury city, Georgia", "lat": 32.98522, "lng": -84.58201, "population": 908}, {"name": "Mountain City town, Georgia", "lat": 34.92148, "lng": -83.3811, "population": 904}, {"name": "Rock Spring CDP, Georgia", "lat": 34.81467, "lng": -85.23887, "population": 891}, {"name": "Lumpkin city, Georgia", "lat": 32.04804, "lng": -84.79815, "population": 891}, {"name": "Dasher town, Georgia", "lat": 30.74227, "lng": -83.22252, "population": 890}, {"name": "West Brow CDP, Georgia", "lat": 34.91482, "lng": -85.41858, "population": 887}, {"name": "Homeland city, Georgia", "lat": 30.86014, "lng": -82.0208, "population": 886}, {"name": "Bowman city, Georgia", "lat": 34.20539, "lng": -83.03114, "population": 872}, {"name": "Rutledge city, Georgia", "lat": 33.62565, "lng": -83.6097, "population": 871}, {"name": "Jekyll Island CDP, Georgia", "lat": 31.06371, "lng": -81.41873, "population": 866}, {"name": "Shellman city, Georgia", "lat": 31.75709, "lng": -84.6159, "population": 861}, {"name": "Baconton city, Georgia", "lat": 31.38038, "lng": -84.15918, "population": 856}, {"name": "Glenwood city, Georgia", "lat": 32.1803, "lng": -82.67084, "population": 850}, {"name": "Crescent CDP, Georgia", "lat": 31.51866, "lng": -81.37022, "population": 838}, {"name": "Flemington city, Georgia", "lat": 31.84936, "lng": -81.56187, "population": 825}, {"name": "Eton city, Georgia", "lat": 34.82815, "lng": -84.76784, "population": 824}, {"name": "Crawford city, Georgia", "lat": 33.88323, "lng": -83.15539, "population": 821}, {"name": "Lincoln Park CDP, Georgia", "lat": 32.86738, "lng": -84.3356, "population": 817}, {"name": "Allenhurst city, Georgia", "lat": 31.77986, "lng": -81.61131, "population": 816}, {"name": "Roberta city, Georgia", "lat": 32.71978, "lng": -84.01038, "population": 813}, {"name": "Greenville city, Georgia", "lat": 33.03093, "lng": -84.71633, "population": 794}, {"name": "Luthersville city, Georgia", "lat": 33.20963, "lng": -84.7443, "population": 776}, {"name": "Fairmount city, Georgia", "lat": 34.43863, "lng": -84.6994, "population": 772}, {"name": "Milner city, Georgia", "lat": 33.11607, "lng": -84.18768, "population": 772}, {"name": "Alamo town, Georgia", "lat": 32.14761, "lng": -82.77977, "population": 771}, {"name": "Screven city, Georgia", "lat": 31.48415, "lng": -82.01688, "population": 769}, {"name": "Cohutta city, Georgia", "lat": 34.95525, "lng": -84.96715, "population": 764}, {"name": "Poulan city, Georgia", "lat": 31.51451, "lng": -83.78982, "population": 760}, {"name": "Pine Lake city, Georgia", "lat": 33.79071, "lng": -84.20584, "population": 752}, {"name": "Lenox town, Georgia", "lat": 31.261, "lng": -83.46687, "population": 752}, {"name": "Patterson city, Georgia", "lat": 31.3849, "lng": -82.13543, "population": 749}, {"name": "Blythe city, Georgia", "lat": 33.30307, "lng": -82.20736, "population": 744}, {"name": "Talbotton city, Georgia", "lat": 32.67725, "lng": -84.54065, "population": 742}, {"name": "Doerun city, Georgia", "lat": 31.3228, "lng": -83.91653, "population": 738}, {"name": "Kingston city, Georgia", "lat": 34.23197, "lng": -84.94449, "population": 722}, {"name": "Bethlehem town, Georgia", "lat": 33.93795, "lng": -83.70998, "population": 715}, {"name": "Carnesville city, Georgia", "lat": 34.37527, "lng": -83.22753, "population": 713}, {"name": "Sycamore city, Georgia", "lat": 31.67165, "lng": -83.63553, "population": 692}, {"name": "Crooked Creek CDP, Georgia", "lat": 33.26569, "lng": -83.27525, "population": 685}, {"name": "Williamson city, Georgia", "lat": 33.17827, "lng": -84.35757, "population": 681}, {"name": "Newborn town, Georgia", "lat": 33.51608, "lng": -83.69574, "population": 676}, {"name": "Ochlocknee town, Georgia", "lat": 30.97544, "lng": -84.05064, "population": 672}, {"name": "Epworth CDP, Georgia", "lat": 34.95103, "lng": -84.38079, "population": 668}, {"name": "White city, Georgia", "lat": 34.28223, "lng": -84.74803, "population": 661}, {"name": "Appling CDP, Georgia", "lat": 33.57096, "lng": -82.31015, "population": 658}, {"name": "Yonah CDP, Georgia", "lat": 34.64418, "lng": -83.743, "population": 657}, {"name": "Dexter town, Georgia", "lat": 32.43319, "lng": -83.05913, "population": 655}, {"name": "Danielsville city, Georgia", "lat": 34.12397, "lng": -83.22036, "population": 654}, {"name": "East Ellijay city, Georgia", "lat": 34.67915, "lng": -84.47191, "population": 650}, {"name": "Canon city, Georgia", "lat": 34.34168, "lng": -83.11177, "population": 643}, {"name": "Flovilla city, Georgia", "lat": 33.25241, "lng": -83.9029, "population": 643}, {"name": "Ty Ty city, Georgia", "lat": 31.47188, "lng": -83.65027, "population": 641}, {"name": "Phillipsburg CDP, Georgia", "lat": 31.43888, "lng": -83.52032, "population": 640}, {"name": "Portal town, Georgia", "lat": 32.5382, "lng": -81.92875, "population": 638}, {"name": "Waverly Hall town, Georgia", "lat": 32.68289, "lng": -84.72833, "population": 638}, {"name": "Colbert city, Georgia", "lat": 34.03724, "lng": -83.2131, "population": 630}, {"name": "Gibson city, Georgia", "lat": 33.23169, "lng": -82.60098, "population": 630}, {"name": "Milstead CDP, Georgia", "lat": 33.68795, "lng": -83.99073, "population": 628}, {"name": "Pavo city, Georgia", "lat": 30.95937, "lng": -83.73933, "population": 622}, {"name": "Blairsville city, Georgia", "lat": 34.87567, "lng": -83.95466, "population": 616}, {"name": "Riceboro city, Georgia", "lat": 31.72444, "lng": -81.44234, "population": 615}, {"name": "Antioch CDP, Georgia", "lat": 32.68281, "lng": -85.05363, "population": 613}, {"name": "Milan city, Georgia", "lat": 32.0192, "lng": -83.06228, "population": 613}, {"name": "Newton city, Georgia", "lat": 31.31675, "lng": -84.33947, "population": 602}, {"name": "Whitesburg city, Georgia", "lat": 33.49207, "lng": -84.9143, "population": 596}, {"name": "Smithville city, Georgia", "lat": 31.9011, "lng": -84.25517, "population": 593}, {"name": "Dudley city, Georgia", "lat": 32.53348, "lng": -83.08362, "population": 593}, {"name": "Mountain Park city, Georgia", "lat": 34.08304, "lng": -84.41363, "population": 583}, {"name": "McIntyre town, Georgia", "lat": 32.84686, "lng": -83.20091, "population": 575}, {"name": "Plains city, Georgia", "lat": 32.03307, "lng": -84.39453, "population": 573}, {"name": "Brooks town, Georgia", "lat": 33.29334, "lng": -84.45137, "population": 568}, {"name": "North High Shoals town, Georgia", "lat": 33.82875, "lng": -83.50165, "population": 552}, {"name": "Adrian city, Georgia", "lat": 32.52995, "lng": -82.59151, "population": 552}, {"name": "Clyattville CDP, Georgia", "lat": 30.68152, "lng": -83.31095, "population": 552}, {"name": "New England CDP, Georgia", "lat": 34.91803, "lng": -85.48137, "population": 546}, {"name": "Collins city, Georgia", "lat": 32.17921, "lng": -82.10987, "population": 540}, {"name": "Waco city, Georgia", "lat": 33.7026, "lng": -85.18924, "population": 536}, {"name": "Helen city, Georgia", "lat": 34.7084, "lng": -83.72763, "population": 531}, {"name": "Irwinton city, Georgia", "lat": 32.81076, "lng": -83.1737, "population": 531}, {"name": "Dearing town, Georgia", "lat": 33.41519, "lng": -82.38648, "population": 529}, {"name": "Coolidge city, Georgia", "lat": 31.01077, "lng": -83.86648, "population": 528}, {"name": "Chester town, Georgia", "lat": 32.39445, "lng": -83.15568, "population": 525}, {"name": "Leary city, Georgia", "lat": 31.48438, "lng": -84.51173, "population": 524}, {"name": "Ailey city, Georgia", "lat": 32.18836, "lng": -82.57557, "population": 519}, {"name": "Oak Park town, Georgia", "lat": 32.36441, "lng": -82.32402, "population": 512}, {"name": "Berlin city, Georgia", "lat": 31.06808, "lng": -83.6233, "population": 511}, {"name": "Morven city, Georgia", "lat": 30.94398, "lng": -83.49998, "population": 506}, {"name": "Warwick city, Georgia", "lat": 31.82979, "lng": -83.92063, "population": 504}, {"name": "Bolingbroke CDP, Georgia", "lat": 32.93845, "lng": -83.79959, "population": 497}, {"name": "Satilla CDP, Georgia", "lat": 31.79187, "lng": -82.55917, "population": 487}, {"name": "Tignall town, Georgia", "lat": 33.86696, "lng": -82.74215, "population": 485}, {"name": "Sky Valley city, Georgia", "lat": 34.985, "lng": -83.33399, "population": 482}, {"name": "Alapaha town, Georgia", "lat": 31.38314, "lng": -83.22371, "population": 481}, {"name": "Hoboken city, Georgia", "lat": 31.18047, "lng": -82.1309, "population": 480}, {"name": "Menlo city, Georgia", "lat": 34.48349, "lng": -85.47761, "population": 480}, {"name": "Crawfordville city, Georgia", "lat": 33.55464, "lng": -82.89669, "population": 479}, {"name": "Ephesus city, Georgia", "lat": 33.40694, "lng": -85.25676, "population": 471}, {"name": "Warm Springs city, Georgia", "lat": 32.8872, "lng": -84.67862, "population": 465}, {"name": "Odum city, Georgia", "lat": 31.67186, "lng": -82.02418, "population": 463}, {"name": "Pineview town, Georgia", "lat": 32.10428, "lng": -83.50887, "population": 454}, {"name": "Attapulgus city, Georgia", "lat": 30.74949, "lng": -84.48389, "population": 454}, {"name": "Lyerly town, Georgia", "lat": 34.40343, "lng": -85.40409, "population": 454}, {"name": "Offerman city, Georgia", "lat": 31.40994, "lng": -82.11428, "population": 450}, {"name": "Arabi town, Georgia", "lat": 31.81936, "lng": -83.71921, "population": 447}, {"name": "Sumner town, Georgia", "lat": 31.51034, "lng": -83.73684, "population": 445}, {"name": "Bowersville town, Georgia", "lat": 34.37306, "lng": -83.08431, "population": 444}, {"name": "Mansfield city, Georgia", "lat": 33.51799, "lng": -83.73491, "population": 442}, {"name": "Stillmore city, Georgia", "lat": 32.44161, "lng": -82.21448, "population": 439}, {"name": "Uvalda city, Georgia", "lat": 32.03808, "lng": -82.50746, "population": 439}, {"name": "Piney Grove CDP, Georgia", "lat": 32.61546, "lng": -85.03881, "population": 434}, {"name": "Arnoldsville city, Georgia", "lat": 33.91495, "lng": -83.21843, "population": 431}, {"name": "Whigham city, Georgia", "lat": 30.88389, "lng": -84.32737, "population": 428}, {"name": "Tiger town, Georgia", "lat": 34.84607, "lng": -83.43256, "population": 422}, {"name": "Byromville town, Georgia", "lat": 32.20163, "lng": -83.90724, "population": 422}, {"name": "Ideal city, Georgia", "lat": 32.37288, "lng": -84.18901, "population": 407}, {"name": "Shiloh city, Georgia", "lat": 32.81158, "lng": -84.69871, "population": 402}, {"name": "Stapleton city, Georgia", "lat": 33.21689, "lng": -82.46724, "population": 402}, {"name": "Between town, Georgia", "lat": 33.81767, "lng": -83.8011, "population": 402}, {"name": "Funston city, Georgia", "lat": 31.19592, "lng": -83.88114, "population": 402}, {"name": "Yatesville town, Georgia", "lat": 32.91342, "lng": -84.14271, "population": 394}, {"name": "Molena city, Georgia", "lat": 33.01408, "lng": -84.50706, "population": 392}, {"name": "Jenkinsburg city, Georgia", "lat": 33.32058, "lng": -84.03731, "population": 391}, {"name": "Midville city, Georgia", "lat": 32.82127, "lng": -82.23527, "population": 385}, {"name": "Toomsboro city, Georgia", "lat": 32.82237, "lng": -83.08264, "population": 383}, {"name": "Wildwood CDP, Georgia", "lat": 34.96694, "lng": -85.4215, "population": 382}, {"name": "Kennesaw State University CDP, Georgia", "lat": 34.03786, "lng": -84.58264, "population": 382}, {"name": "Moreland town, Georgia", "lat": 33.28636, "lng": -84.76958, "population": 382}, {"name": "Cadwell town, Georgia", "lat": 32.34013, "lng": -83.04064, "population": 381}, {"name": "Bostwick city, Georgia", "lat": 33.7377, "lng": -83.5139, "population": 378}, {"name": "Concord city, Georgia", "lat": 33.09213, "lng": -84.43884, "population": 378}, {"name": "Waresboro CDP, Georgia", "lat": 31.2475, "lng": -82.47203, "population": 375}, {"name": "Barwick city, Georgia", "lat": 30.89369, "lng": -83.73884, "population": 363}, {"name": "Axson CDP, Georgia", "lat": 31.27994, "lng": -82.72715, "population": 360}, {"name": "Plainville city, Georgia", "lat": 34.40526, "lng": -85.03149, "population": 356}, {"name": "Braswell town, Georgia", "lat": 33.98354, "lng": -84.9584, "population": 355}, {"name": "Sale City city, Georgia", "lat": 31.26292, "lng": -84.02082, "population": 354}, {"name": "Eulonia CDP, Georgia", "lat": 31.53338, "lng": -81.43606, "population": 351}, {"name": "Ila city, Georgia", "lat": 34.17367, "lng": -83.29311, "population": 350}, {"name": "Centralhatchee town, Georgia", "lat": 33.3689, "lng": -85.10372, "population": 348}, {"name": "Turin town, Georgia", "lat": 33.32298, "lng": -84.63869, "population": 347}, {"name": "Leslie city, Georgia", "lat": 31.9548, "lng": -84.08709, "population": 344}, {"name": "Cobbtown city, Georgia", "lat": 32.27922, "lng": -82.13833, "population": 341}, {"name": "Good Hope city, Georgia", "lat": 33.79007, "lng": -83.61745, "population": 339}, {"name": "Harrison town, Georgia", "lat": 32.82642, "lng": -82.72585, "population": 339}, {"name": "Dillard city, Georgia", "lat": 34.97147, "lng": -83.38116, "population": 337}, {"name": "Martin town, Georgia", "lat": 34.48577, "lng": -83.19745, "population": 336}, {"name": "Bronwood town, Georgia", "lat": 31.83055, "lng": -84.36433, "population": 334}, {"name": "Sautee-Nacoochee CDP, Georgia", "lat": 34.68881, "lng": -83.68308, "population": 332}, {"name": "Bishop town, Georgia", "lat": 33.81873, "lng": -83.43816, "population": 332}, {"name": "Waynesville CDP, Georgia", "lat": 31.22722, "lng": -81.78359, "population": 331}, {"name": "Sharpsburg town, Georgia", "lat": 33.33711, "lng": -84.65091, "population": 327}, {"name": "Ambrose city, Georgia", "lat": 31.59514, "lng": -83.01489, "population": 327}, {"name": "Empire CDP, Georgia", "lat": 32.33705, "lng": -83.28297, "population": 319}, {"name": "Higgston town, Georgia", "lat": 32.2161, "lng": -82.46479, "population": 314}, {"name": "Rentz city, Georgia", "lat": 32.38289, "lng": -82.99182, "population": 312}, {"name": "Iron City town, Georgia", "lat": 31.01358, "lng": -84.81331, "population": 312}, {"name": "Hiltonia town, Georgia", "lat": 32.88334, "lng": -81.66149, "population": 310}, {"name": "Pinehurst city, Georgia", "lat": 32.19621, "lng": -83.75952, "population": 309}, {"name": "Salem CDP, Georgia", "lat": 32.75859, "lng": -84.19362, "population": 307}, {"name": "Gillsville city, Georgia", "lat": 34.3076, "lng": -83.63813, "population": 306}, {"name": "Woodland city, Georgia", "lat": 32.78822, "lng": -84.56122, "population": 305}, {"name": "Box Springs CDP, Georgia", "lat": 32.54456, "lng": -84.65752, "population": 303}, {"name": "Keysville city, Georgia", "lat": 33.23619, "lng": -82.22933, "population": 300}, {"name": "Rhine town, Georgia", "lat": 31.98932, "lng": -83.20043, "population": 295}, {"name": "Newington town, Georgia", "lat": 32.58916, "lng": -81.50599, "population": 290}, {"name": "Juliette CDP, Georgia", "lat": 33.11371, "lng": -83.80842, "population": 290}, {"name": "Chauncey city, Georgia", "lat": 32.11181, "lng": -83.06801, "population": 289}, {"name": "Sasser town, Georgia", "lat": 31.71992, "lng": -84.34776, "population": 287}, {"name": "Morganton city, Georgia", "lat": 34.87505, "lng": -84.24427, "population": 285}, {"name": "Cecil city, Georgia", "lat": 31.04658, "lng": -83.39095, "population": 284}, {"name": "Waverly CDP, Georgia", "lat": 31.10981, "lng": -81.72762, "population": 281}, {"name": "Climax city, Georgia", "lat": 30.87567, "lng": -84.43117, "population": 276}, {"name": "Meansville city, Georgia", "lat": 33.05145, "lng": -84.31046, "population": 266}, {"name": "Woodville city, Georgia", "lat": 33.6655, "lng": -83.11809, "population": 264}, {"name": "Carlton city, Georgia", "lat": 34.04096, "lng": -83.04222, "population": 263}, {"name": "Graham city, Georgia", "lat": 31.82491, "lng": -82.49757, "population": 263}, {"name": "Talmo town, Georgia", "lat": 34.17937, "lng": -83.71742, "population": 257}, {"name": "Garfield city, Georgia", "lat": 32.64921, "lng": -82.09729, "population": 257}, {"name": "Pitts city, Georgia", "lat": 31.94618, "lng": -83.54176, "population": 252}, {"name": "Shady Dale town, Georgia", "lat": 33.40148, "lng": -83.58727, "population": 252}, {"name": "Taylorsville town, Georgia", "lat": 34.08513, "lng": -84.98563, "population": 252}, {"name": "Hortense CDP, Georgia", "lat": 31.32896, "lng": -81.95398, "population": 252}, {"name": "Fargo city, Georgia", "lat": 30.68688, "lng": -82.57145, "population": 250}, {"name": "Hilltop CDP, Georgia", "lat": 33.10824, "lng": -84.43714, "population": 245}, {"name": "White Plains city, Georgia", "lat": 33.48031, "lng": -83.03634, "population": 239}, {"name": "Andersonville city, Georgia", "lat": 32.19743, "lng": -84.14557, "population": 237}, {"name": "Gumbranch city, Georgia", "lat": 31.83673, "lng": -81.6838, "population": 235}, {"name": "Hickox CDP, Georgia", "lat": 31.14512, "lng": -81.99493, "population": 234}, {"name": "Avalon town, Georgia", "lat": 34.49714, "lng": -83.1982, "population": 233}, {"name": "Roopville town, Georgia", "lat": 33.45664, "lng": -85.13041, "population": 231}, {"name": "Wenona CDP, Georgia", "lat": 31.91094, "lng": -83.75107, "population": 231}, {"name": "Rockingham CDP, Georgia", "lat": 31.54193, "lng": -82.41769, "population": 230}, {"name": "Hull city, Georgia", "lat": 34.01761, "lng": -83.29365, "population": 230}, {"name": "Avera city, Georgia", "lat": 33.19342, "lng": -82.52873, "population": 223}, {"name": "Mineral Bluff CDP, Georgia", "lat": 34.91415, "lng": -84.27761, "population": 223}, {"name": "Orchard Hill town, Georgia", "lat": 33.18516, "lng": -84.21204, "population": 219}, {"name": "Smarr CDP, Georgia", "lat": 32.98702, "lng": -83.88302, "population": 218}, {"name": "Brinson town, Georgia", "lat": 30.97844, "lng": -84.73794, "population": 217}, {"name": "Damascus city, Georgia", "lat": 31.29851, "lng": -84.7172, "population": 212}, {"name": "Pulaski town, Georgia", "lat": 32.39065, "lng": -81.95344, "population": 211}, {"name": "Oliver city, Georgia", "lat": 32.52308, "lng": -81.53626, "population": 210}, {"name": "Ellenton town, Georgia", "lat": 31.1767, "lng": -83.58707, "population": 210}, {"name": "Carl town, Georgia", "lat": 34.00295, "lng": -83.81403, "population": 209}, {"name": "Rebecca town, Georgia", "lat": 31.80723, "lng": -83.48758, "population": 208}, {"name": "Woolsey town, Georgia", "lat": 33.3629, "lng": -84.40704, "population": 206}, {"name": "Santa Claus city, Georgia", "lat": 32.17065, "lng": -82.32959, "population": 204}, {"name": "Sunny Side city, Georgia", "lat": 33.34328, "lng": -84.29174, "population": 203}, {"name": "Lexington city, Georgia", "lat": 33.87007, "lng": -83.11015, "population": 203}, {"name": "Montrose town, Georgia", "lat": 32.55923, "lng": -83.15315, "population": 203}, {"name": "Norwood city, Georgia", "lat": 33.4627, "lng": -82.70596, "population": 202}, {"name": "Culloden city, Georgia", "lat": 32.86491, "lng": -84.094, "population": 200}, {"name": "Tallulah Falls town, Georgia", "lat": 34.72584, "lng": -83.38751, "population": 199}, {"name": "Maxeys town, Georgia", "lat": 33.75491, "lng": -83.17264, "population": 198}, {"name": "Oconee city, Georgia", "lat": 32.85345, "lng": -82.95767, "population": 197}, {"name": "Seville CDP, Georgia", "lat": 31.96095, "lng": -83.60064, "population": 197}, {"name": "Allentown city, Georgia", "lat": 32.58733, "lng": -83.2263, "population": 195}, {"name": "Siloam town, Georgia", "lat": 33.54091, "lng": -83.08489, "population": 194}, {"name": "Surrency town, Georgia", "lat": 31.72192, "lng": -82.19782, "population": 194}, {"name": "Buckhead town, Georgia", "lat": 33.5684, "lng": -83.36123, "population": 194}, {"name": "Argyle town, Georgia", "lat": 31.07321, "lng": -82.64888, "population": 190}, {"name": "Denton city, Georgia", "lat": 31.72013, "lng": -82.69224, "population": 189}, {"name": "Bartow town, Georgia", "lat": 32.88122, "lng": -82.47233, "population": 186}, {"name": "Dixie Union CDP, Georgia", "lat": 31.3464, "lng": -82.4603, "population": 184}, {"name": "Girard town, Georgia", "lat": 33.03389, "lng": -81.71551, "population": 184}, {"name": "The Rock CDP, Georgia", "lat": 32.96072, "lng": -84.23918, "population": 179}, {"name": "Alston town, Georgia", "lat": 32.0866, "lng": -82.48021, "population": 178}, {"name": "Scotland city, Georgia", "lat": 32.04725, "lng": -82.81762, "population": 173}, {"name": "Haralson town, Georgia", "lat": 33.22935, "lng": -84.56871, "population": 172}, {"name": "Rocky Ford town, Georgia", "lat": 32.66351, "lng": -81.83546, "population": 167}, {"name": "Danville town, Georgia", "lat": 32.60601, "lng": -83.24606, "population": 165}, {"name": "Dewy Rose CDP, Georgia", "lat": 34.17151, "lng": -82.94267, "population": 161}, {"name": "Kite city, Georgia", "lat": 32.69152, "lng": -82.51243, "population": 160}, {"name": "Daisy city, Georgia", "lat": 32.15096, "lng": -81.83596, "population": 159}, {"name": "Rayle town, Georgia", "lat": 33.79134, "lng": -82.90855, "population": 158}, {"name": "Everett CDP, Georgia", "lat": 31.39762, "lng": -81.63704, "population": 158}, {"name": "Register town, Georgia", "lat": 32.36453, "lng": -81.88049, "population": 157}, {"name": "Mitchell town, Georgia", "lat": 33.22171, "lng": -82.70125, "population": 153}, {"name": "Boykin CDP, Georgia", "lat": 31.10033, "lng": -84.68403, "population": 151}, {"name": "Jersey city, Georgia", "lat": 33.71689, "lng": -83.80425, "population": 146}, {"name": "Matthews CDP, Georgia", "lat": 33.21933, "lng": -82.30166, "population": 146}, {"name": "Camak town, Georgia", "lat": 33.45076, "lng": -82.64952, "population": 141}, {"name": "Naylor CDP, Georgia", "lat": 30.91018, "lng": -83.07418, "population": 139}, {"name": "Vernonburg town, Georgia", "lat": 31.96617, "lng": -81.12056, "population": 139}, {"name": "Eagle Grove CDP, Georgia", "lat": 34.28558, "lng": -83.00072, "population": 139}, {"name": "Junction City town, Georgia", "lat": 32.60362, "lng": -84.4582, "population": 138}, {"name": "Gough CDP, Georgia", "lat": 33.08411, "lng": -82.23133, "population": 137}, {"name": "Faceville CDP, Georgia", "lat": 30.7537, "lng": -84.63723, "population": 136}, {"name": "Stockton CDP, Georgia", "lat": 30.94642, "lng": -83.00361, "population": 135}, {"name": "Nunez city, Georgia", "lat": 32.49195, "lng": -82.34669, "population": 134}, {"name": "Du Pont town, Georgia", "lat": 30.9891, "lng": -82.86908, "population": 134}, {"name": "Warthen CDP, Georgia", "lat": 33.09475, "lng": -82.80492, "population": 132}, {"name": "Jakin city, Georgia", "lat": 31.09005, "lng": -84.98226, "population": 131}, {"name": "Calvary CDP, Georgia", "lat": 30.71831, "lng": -84.35708, "population": 129}, {"name": "Lilly city, Georgia", "lat": 32.14654, "lng": -83.87746, "population": 129}, {"name": "Bellville city, Georgia", "lat": 32.15502, "lng": -81.97823, "population": 127}, {"name": "De Soto city, Georgia", "lat": 31.95479, "lng": -84.06364, "population": 124}, {"name": "Mendes CDP, Georgia", "lat": 31.99475, "lng": -81.97044, "population": 124}, {"name": "Bristol CDP, Georgia", "lat": 31.4517, "lng": -82.21483, "population": 122}, {"name": "Summertown city, Georgia", "lat": 32.74524, "lng": -82.27686, "population": 121}, {"name": "Dixie CDP, Georgia", "lat": 30.78845, "lng": -83.66808, "population": 121}, {"name": "Parrott town, Georgia", "lat": 31.89438, "lng": -84.51175, "population": 120}, {"name": "Deepstep town, Georgia", "lat": 33.01581, "lng": -82.96511, "population": 117}, {"name": "Coleman CDP, Georgia", "lat": 31.6686, "lng": -84.89296, "population": 116}, {"name": "Lone Oak town, Georgia", "lat": 33.17235, "lng": -84.81733, "population": 114}, {"name": "Bluffton town, Georgia", "lat": 31.51982, "lng": -84.86912, "population": 113}, {"name": "Jacksonville city, Georgia", "lat": 31.81335, "lng": -82.9758, "population": 111}, {"name": "Gay town, Georgia", "lat": 33.09576, "lng": -84.57936, "population": 110}, {"name": "Godfrey CDP, Georgia", "lat": 33.44588, "lng": -83.50062, "population": 108}, {"name": "Ranger town, Georgia", "lat": 34.50126, "lng": -84.71107, "population": 107}, {"name": "Musella CDP, Georgia", "lat": 32.80187, "lng": -84.03238, "population": 104}, {"name": "Sharon city, Georgia", "lat": 33.56268, "lng": -82.79544, "population": 104}, {"name": "Vidette city, Georgia", "lat": 33.03612, "lng": -82.24403, "population": 103}, {"name": "Glenn CDP, Georgia", "lat": 33.14769, "lng": -85.21402, "population": 101}, {"name": "Cherry Log CDP, Georgia", "lat": 34.78509, "lng": -84.38105, "population": 99}, {"name": "Manor CDP, Georgia", "lat": 31.10307, "lng": -82.56671, "population": 94}, {"name": "Perkins CDP, Georgia", "lat": 32.91926, "lng": -81.94435, "population": 93}, {"name": "Tazewell CDP, Georgia", "lat": 32.375, "lng": -84.43796, "population": 93}, {"name": "Talking Rock town, Georgia", "lat": 34.52922, "lng": -84.49195, "population": 91}, {"name": "Gardi CDP, Georgia", "lat": 31.54179, "lng": -81.79954, "population": 91}, {"name": "Riddleville town, Georgia", "lat": 32.90274, "lng": -82.66498, "population": 80}, {"name": "Cedar Springs CDP, Georgia", "lat": 31.1873, "lng": -85.03244, "population": 75}, {"name": "Geneva town, Georgia", "lat": 32.57823, "lng": -84.55307, "population": 75}, {"name": "Millwood CDP, Georgia", "lat": 31.2654, "lng": -82.6572, "population": 72}, {"name": "Canoochee CDP, Georgia", "lat": 32.6854, "lng": -82.17361, "population": 70}, {"name": "Dooling town, Georgia", "lat": 32.22998, "lng": -83.92892, "population": 68}, {"name": "Tarrytown town, Georgia", "lat": 32.319, "lng": -82.55991, "population": 66}, {"name": "Knoxville CDP, Georgia", "lat": 32.72326, "lng": -83.99593, "population": 65}, {"name": "Manassas city, Georgia", "lat": 32.16112, "lng": -82.02404, "population": 59}, {"name": "Norristown CDP, Georgia", "lat": 32.50704, "lng": -82.49863, "population": 54}, {"name": "Howard CDP, Georgia", "lat": 32.6041, "lng": -84.3791, "population": 50}, {"name": "Rest Haven town, Georgia", "lat": 34.13625, "lng": -83.97471, "population": 45}, {"name": "Mershon CDP, Georgia", "lat": 31.46326, "lng": -82.2528, "population": 44}, {"name": "Ohoopee CDP, Georgia", "lat": 32.1817, "lng": -82.22199, "population": 29}, {"name": "Tate City CDP, Georgia", "lat": 34.97637, "lng": -83.55147, "population": 27}, {"name": "Cogdell CDP, Georgia", "lat": 31.16626, "lng": -82.72164, "population": 23}, {"name": "Edge Hill city, Georgia", "lat": 33.15342, "lng": -82.62499, "population": 22}]