[{"name": "Des Moines city, Iowa", "lat": 41.57259, "lng": -93.61024, "population": 214133}, {"name": "Cedar Rapids city, Iowa", "lat": 41.96624, "lng": -91.67793, "population": 137710}, {"name": "Davenport city, Iowa", "lat": 41.55682, "lng": -90.60395, "population": 101724}, {"name": "Sioux City city, Iowa", "lat": 42.49567, "lng": -96.39052, "population": 85797}, {"name": "Iowa City city, Iowa", "lat": 41.65566, "lng": -91.53086, "population": 74828}, {"name": "West Des Moines city, Iowa", "lat": 41.54994, "lng": -93.78135, "population": 68723}, {"name": "Ankeny city, Iowa", "lat": 41.72872, "lng": -93.60252, "population": 67887}, {"name": "Waterloo city, Iowa", "lat": 42.49233, "lng": -92.35195, "population": 67314}, {"name": "Ames city, Iowa", "lat": 42.02528, "lng": -93.62109, "population": 66427}, {"name": "Council Bluffs city, Iowa", "lat": 41.236, "lng": -95.85315, "population": 62799}, {"name": "Dubuque city, Iowa", "lat": 42.4989, "lng": -90.70726, "population": 59667}, {"name": "Urbandale city, Iowa", "lat": 41.63679, "lng": -93.77983, "population": 45580}, {"name": "Marion city, Iowa", "lat": 42.04539, "lng": -91.58616, "population": 41535}, {"name": "Cedar Falls city, Iowa", "lat": 42.51952, "lng": -92.454, "population": 40713}, {"name": "Bettendorf city, Iowa", "lat": 41.56684, "lng": -90.47688, "population": 39102}, {"name": "Marshalltown city, Iowa", "lat": 42.0343, "lng": -92.90627, "population": 27591}, {"name": "Mason City city, Iowa", "lat": 43.14858, "lng": -93.19984, "population": 27338}, {"name": "Ottumwa city, Iowa", "lat": 41.02225, "lng": -92.42326, "population": 25529}, {"name": "Fort Dodge city, Iowa", "lat": 42.50986, "lng": -94.17567, "population": 24871}, {"name": "Clinton city, Iowa", "lat": 41.84237, "lng": -90.24282, "population": 24469}, {"name": "Johnston city, Iowa", "lat": 41.69195, "lng": -93.72446, "population": 24064}, {"name": "Burlington city, Iowa", "lat": 40.8071, "lng": -91.12368, "population": 23982}, {"name": "Waukee city, Iowa", "lat": 41.59048, "lng": -93.88282, "population": 23940}, {"name": "Muscatine city, Iowa", "lat": 41.41906, "lng": -91.06795, "population": 23797}, {"name": "Coralville city, Iowa", "lat": 41.69879, "lng": -91.5968, "population": 22318}, {"name": "North Liberty city, Iowa", "lat": 41.7438, "lng": -91.61126, "population": 20479}, {"name": "Altoona city, Iowa", "lat": 41.64635, "lng": -93.47861, "population": 19565}, {"name": "Clive city, Iowa", "lat": 41.61324, "lng": -93.79787, "population": 18601}, {"name": "Indianola city, Iowa", "lat": 41.36289, "lng": -93.56516, "population": 15833}, {"name": "Newton city, Iowa", "lat": 41.69629, "lng": -93.04027, "population": 15760}, {"name": "Grimes city, Iowa", "lat": 41.67785, "lng": -93.80231, "population": 15392}, {"name": "Norwalk city, Iowa", "lat": 41.49168, "lng": -93.70212, "population": 12799}, {"name": "Boone city, Iowa", "lat": 42.04926, "lng": -93.87253, "population": 12460}, {"name": "Oskaloosa city, Iowa", "lat": 41.29221, "lng": -92.64085, "population": 11558}, {"name": "Spencer city, Iowa", "lat": 43.14702, "lng": -95.15269, "population": 11325}, {"name": "Storm Lake city, Iowa", "lat": 42.6431, "lng": -95.19603, "population": 11269}, {"name": "Le Mars city, Iowa", "lat": 42.78151, "lng": -96.17331, "population": 10571}, {"name": "Pella city, Iowa", "lat": 41.40472, "lng": -92.91922, "population": 10464}, {"name": "Waverly city, Iowa", "lat": 42.72205, "lng": -92.46946, "population": 10394}, {"name": "Carroll city, Iowa", "lat": 42.06983, "lng": -94.86464, "population": 10321}, {"name": "Fort Madison city, Iowa", "lat": 40.62078, "lng": -91.34947, "population": 10270}, {"name": "Pleasant Hill city, Iowa", "lat": 41.58725, "lng": -93.49782, "population": 10147}, {"name": "Keokuk city, Iowa", "lat": 40.40955, "lng": -91.40251, "population": 9900}, {"name": "Grinnell city, Iowa", "lat": 41.73524, "lng": -92.7249, "population": 9564}, {"name": "Fairfield city, Iowa", "lat": 41.00638, "lng": -91.96663, "population": 9416}, {"name": "Mount Pleasant city, Iowa", "lat": 40.9622, "lng": -91.54716, "population": 9274}, {"name": "Denison city, Iowa", "lat": 42.01644, "lng": -95.35286, "population": 8373}, {"name": "Sioux Center city, Iowa", "lat": 43.07482, "lng": -96.17072, "population": 8229}, {"name": "Perry city, Iowa", "lat": 41.83898, "lng": -94.09349, "population": 7836}, {"name": "Webster City city, Iowa", "lat": 42.46241, "lng": -93.81648, "population": 7825}, {"name": "Clear Lake city, Iowa", "lat": 43.13509, "lng": -93.37365, "population": 7687}, {"name": "Knoxville city, Iowa", "lat": 41.31848, "lng": -93.10262, "population": 7595}, {"name": "Decorah city, Iowa", "lat": 43.30162, "lng": -91.78475, "population": 7587}, {"name": "Creston city, Iowa", "lat": 41.06031, "lng": -94.36473, "population": 7536}, {"name": "Charles City city, Iowa", "lat": 43.06476, "lng": -92.67446, "population": 7396}, {"name": "Bondurant city, Iowa", "lat": 41.698, "lng": -93.45774, "population": 7365}, {"name": "Washington city, Iowa", "lat": 41.29789, "lng": -91.69234, "population": 7352}, {"name": "Hiawatha city, Iowa", "lat": 42.0562, "lng": -91.6888, "population": 7183}, {"name": "Nevada city, Iowa", "lat": 42.01847, "lng": -93.46389, "population": 6925}, {"name": "Atlantic city, Iowa", "lat": 41.39299, "lng": -95.02188, "population": 6792}, {"name": "Eldridge city, Iowa", "lat": 41.63903, "lng": -90.58092, "population": 6726}, {"name": "Orange City city, Iowa", "lat": 43.00234, "lng": -96.0566, "population": 6267}, {"name": "Adel city, Iowa", "lat": 41.60939, "lng": -94.01266, "population": 6153}, {"name": "Maquoketa city, Iowa", "lat": 42.06053, "lng": -90.66386, "population": 6128}, {"name": "Independence city, Iowa", "lat": 42.46219, "lng": -91.90315, "population": 6064}, {"name": "Asbury city, Iowa", "lat": 42.51195, "lng": -90.77995, "population": 5943}, {"name": "Oelwein city, Iowa", "lat": 42.67158, "lng": -91.91279, "population": 5920}, {"name": "Estherville city, Iowa", "lat": 43.39973, "lng": -94.83422, "population": 5904}, {"name": "Red Oak city, Iowa", "lat": 41.01413, "lng": -95.22437, "population": 5596}, {"name": "Polk City city, Iowa", "lat": 41.78184, "lng": -93.72261, "population": 5543}, {"name": "DeWitt city, Iowa", "lat": 41.82271, "lng": -90.54409, "population": 5514}, {"name": "Sheldon city, Iowa", "lat": 43.17974, "lng": -95.8437, "population": 5512}, {"name": "Algona city, Iowa", "lat": 43.07398, "lng": -94.23115, "population": 5487}, {"name": "Anamosa city, Iowa", "lat": 42.10883, "lng": -91.2752, "population": 5450}, {"name": "Spirit Lake city, Iowa", "lat": 43.41666, "lng": -95.11307, "population": 5439}, {"name": "Osceola city, Iowa", "lat": 41.02973, "lng": -93.78526, "population": 5415}, {"name": "Centerville city, Iowa", "lat": 40.72984, "lng": -92.87203, "population": 5412}, {"name": "Clarinda city, Iowa", "lat": 40.73771, "lng": -95.03375, "population": 5369}, {"name": "Winterset city, Iowa", "lat": 41.3499, "lng": -94.01807, "population": 5353}, {"name": "Windsor Heights city, Iowa", "lat": 41.60446, "lng": -93.7128, "population": 5252}, {"name": "Cherokee city, Iowa", "lat": 42.75012, "lng": -95.55281, "population": 5199}, {"name": "Iowa Falls city, Iowa", "lat": 42.51917, "lng": -93.26605, "population": 5106}, {"name": "Glenwood city, Iowa", "lat": 41.0447, "lng": -95.74061, "population": 5073}, {"name": "Manchester city, Iowa", "lat": 42.48534, "lng": -91.45609, "population": 5065}, {"name": "Sergeant Bluff city, Iowa", "lat": 42.39755, "lng": -96.35093, "population": 5015}, {"name": "Vinton city, Iowa", "lat": 42.16311, "lng": -92.02621, "population": 4938}, {"name": "Shenandoah city, Iowa", "lat": 40.75819, "lng": -95.37203, "population": 4925}, {"name": "Harlan city, Iowa", "lat": 41.64954, "lng": -95.32679, "population": 4893}, {"name": "Humboldt city, Iowa", "lat": 42.72293, "lng": -94.22502, "population": 4792}, {"name": "Le Claire city, Iowa", "lat": 41.59559, "lng": -90.37701, "population": 4710}, {"name": "Camanche city, Iowa", "lat": 41.79271, "lng": -90.27623, "population": 4570}, {"name": "Evansdale city, Iowa", "lat": 42.4657, "lng": -92.2694, "population": 4561}, {"name": "Mount Vernon city, Iowa", "lat": 41.92365, "lng": -91.42376, "population": 4527}, {"name": "Tiffin city, Iowa", "lat": 41.70503, "lng": -91.6544, "population": 4512}, {"name": "Dyersville city, Iowa", "lat": 42.48147, "lng": -91.11844, "population": 4477}, {"name": "Hampton city, Iowa", "lat": 42.74199, "lng": -93.20499, "population": 4337}, {"name": "Forest City city, Iowa", "lat": 43.25707, "lng": -93.63654, "population": 4285}, {"name": "Huxley city, Iowa", "lat": 41.89654, "lng": -93.59198, "population": 4244}, {"name": "Chariton city, Iowa", "lat": 41.01745, "lng": -93.30963, "population": 4193}, {"name": "Jefferson city, Iowa", "lat": 42.01774, "lng": -94.37942, "population": 4182}, {"name": "Carlisle city, Iowa", "lat": 41.51359, "lng": -93.49681, "population": 4160}, {"name": "Rock Valley city, Iowa", "lat": 43.20258, "lng": -96.28904, "population": 4059}, {"name": "Monticello city, Iowa", "lat": 42.23042, "lng": -91.18592, "population": 4040}, {"name": "Cresco city, Iowa", "lat": 43.37175, "lng": -92.11629, "population": 3888}, {"name": "West Liberty city, Iowa", "lat": 41.57299, "lng": -91.26264, "population": 3858}, {"name": "Waukon city, Iowa", "lat": 43.26855, "lng": -91.47848, "population": 3827}, {"name": "Carter Lake city, Iowa", "lat": 41.28853, "lng": -95.91687, "population": 3791}, {"name": "Albia city, Iowa", "lat": 41.02676, "lng": -92.80374, "population": 3721}, {"name": "Emmetsburg city, Iowa", "lat": 43.1148, "lng": -94.67958, "population": 3706}, {"name": "Osage city, Iowa", "lat": 43.28267, "lng": -92.81132, "population": 3627}, {"name": "Eagle Grove city, Iowa", "lat": 42.66624, "lng": -93.90241, "population": 3601}, {"name": "Saylorville CDP, Iowa", "lat": 41.68075, "lng": -93.627, "population": 3584}, {"name": "New Hampton city, Iowa", "lat": 43.05622, "lng": -92.31472, "population": 3494}, {"name": "Robins city, Iowa", "lat": 42.07874, "lng": -91.67397, "population": 3353}, {"name": "Story City city, Iowa", "lat": 42.18622, "lng": -93.58561, "population": 3352}, {"name": "Williamsburg city, Iowa", "lat": 41.66888, "lng": -92.01325, "population": 3346}, {"name": "Milford city, Iowa", "lat": 43.34172, "lng": -95.14571, "population": 3321}, {"name": "West Burlington city, Iowa", "lat": 40.82155, "lng": -91.17547, "population": 3197}, {"name": "Tipton city, Iowa", "lat": 41.77012, "lng": -91.12828, "population": 3149}, {"name": "Tama city, Iowa", "lat": 41.96512, "lng": -92.5738, "population": 3130}, {"name": "Garner city, Iowa", "lat": 43.09997, "lng": -93.60312, "population": 3065}, {"name": "Solon city, Iowa", "lat": 41.80555, "lng": -91.49609, "population": 3018}, {"name": "Wilton city, Iowa", "lat": 41.58911, "lng": -91.02548, "population": 2924}, {"name": "Onawa city, Iowa", "lat": 42.02648, "lng": -96.09092, "population": 2906}, {"name": "Sibley city, Iowa", "lat": 43.40148, "lng": -95.74303, "population": 2860}, {"name": "Fairfax city, Iowa", "lat": 41.92871, "lng": -91.77716, "population": 2828}, {"name": "Clarion city, Iowa", "lat": 42.73197, "lng": -93.72981, "population": 2810}, {"name": "Madrid city, Iowa", "lat": 41.87569, "lng": -93.82053, "population": 2802}, {"name": "Grundy Center city, Iowa", "lat": 42.36373, "lng": -92.77402, "population": 2796}, {"name": "Park View CDP, Iowa", "lat": 41.69435, "lng": -90.53898, "population": 2709}, {"name": "Hawarden city, Iowa", "lat": 43.00131, "lng": -96.48291, "population": 2700}, {"name": "Bloomfield city, Iowa", "lat": 40.74911, "lng": -92.41703, "population": 2682}, {"name": "Missouri Valley city, Iowa", "lat": 41.55916, "lng": -95.90278, "population": 2678}, {"name": "Eldora city, Iowa", "lat": 42.36053, "lng": -93.10129, "population": 2663}, {"name": "Kalona city, Iowa", "lat": 41.48738, "lng": -91.70183, "population": 2630}, {"name": "Rock Rapids city, Iowa", "lat": 43.4267, "lng": -96.16639, "population": 2611}, {"name": "Center Point city, Iowa", "lat": 42.18478, "lng": -91.77985, "population": 2579}, {"name": "Hudson city, Iowa", "lat": 42.43488, "lng": -92.45128, "population": 2546}, {"name": "West Branch city, Iowa", "lat": 41.66616, "lng": -91.3442, "population": 2509}, {"name": "Jesup city, Iowa", "lat": 42.47456, "lng": -92.06568, "population": 2508}, {"name": "Postville city, Iowa", "lat": 43.08416, "lng": -91.56766, "population": 2503}, {"name": "West Union city, Iowa", "lat": 42.95887, "lng": -91.81302, "population": 2490}, {"name": "Mitchellville city, Iowa", "lat": 41.66723, "lng": -93.36585, "population": 2485}, {"name": "Belmond city, Iowa", "lat": 42.84643, "lng": -93.60845, "population": 2463}, {"name": "Marengo city, Iowa", "lat": 41.79621, "lng": -92.06806, "population": 2435}, {"name": "Cascade city, Iowa", "lat": 42.3018, "lng": -91.00465, "population": 2386}, {"name": "Hull city, Iowa", "lat": 43.18945, "lng": -96.13416, "population": 2384}, {"name": "Toledo city, Iowa", "lat": 41.99017, "lng": -92.58034, "population": 2369}, {"name": "Bellevue city, Iowa", "lat": 42.2627, "lng": -90.43146, "population": 2363}, {"name": "Belle Plaine city, Iowa", "lat": 41.89559, "lng": -92.27572, "population": 2330}, {"name": "Ely city, Iowa", "lat": 41.88033, "lng": -91.58632, "population": 2328}, {"name": "La Porte City city, Iowa", "lat": 42.31376, "lng": -92.19088, "population": 2284}, {"name": "Colfax city, Iowa", "lat": 41.67979, "lng": -93.23628, "population": 2255}, {"name": "Rockwell City city, Iowa", "lat": 42.39813, "lng": -94.62887, "population": 2240}, {"name": "Lisbon city, Iowa", "lat": 41.92048, "lng": -91.3916, "population": 2233}, {"name": "Lake Mills city, Iowa", "lat": 43.41708, "lng": -93.53159, "population": 2143}, {"name": "Alta city, Iowa", "lat": 42.67168, "lng": -95.30451, "population": 2087}, {"name": "Wapello city, Iowa", "lat": 41.17725, "lng": -91.18737, "population": 2084}, {"name": "Kent Estates CDP, Iowa", "lat": 41.46649, "lng": -91.05686, "population": 2074}, {"name": "Northwood city, Iowa", "lat": 43.44409, "lng": -93.21597, "population": 2072}, {"name": "Sac City city, Iowa", "lat": 42.42204, "lng": -94.99744, "population": 2063}, {"name": "Greenfield city, Iowa", "lat": 41.30569, "lng": -94.45933, "population": 2062}, {"name": "Atkins city, Iowa", "lat": 41.99423, "lng": -91.85865, "population": 2056}, {"name": "Audubon city, Iowa", "lat": 41.71802, "lng": -94.92837, "population": 2053}, {"name": "Ida Grove city, Iowa", "lat": 42.34425, "lng": -95.47337, "population": 2051}, {"name": "Britt city, Iowa", "lat": 43.09855, "lng": -93.80301, "population": 2044}, {"name": "Sumner city, Iowa", "lat": 42.84937, "lng": -92.09715, "population": 2030}, {"name": "Epworth city, Iowa", "lat": 42.44654, "lng": -90.93139, "population": 2023}, {"name": "Parkersburg city, Iowa", "lat": 42.57384, "lng": -92.77848, "population": 2015}, {"name": "Ogden city, Iowa", "lat": 42.03948, "lng": -94.02829, "population": 2007}, {"name": "Sigourney city, Iowa", "lat": 41.33397, "lng": -92.20445, "population": 2004}, {"name": "Lamoni city, Iowa", "lat": 40.61958, "lng": -93.93048, "population": 1969}, {"name": "Monroe city, Iowa", "lat": 41.51895, "lng": -93.10374, "population": 1967}, {"name": "Denver city, Iowa", "lat": 42.66822, "lng": -92.33394, "population": 1919}, {"name": "New London city, Iowa", "lat": 40.92311, "lng": -91.40119, "population": 1910}, {"name": "Peosta city, Iowa", "lat": 42.44774, "lng": -90.84473, "population": 1908}, {"name": "Dallas Center city, Iowa", "lat": 41.68539, "lng": -93.98168, "population": 1901}, {"name": "Durant city, Iowa", "lat": 41.60109, "lng": -90.9139, "population": 1871}, {"name": "Pocahontas city, Iowa", "lat": 42.73702, "lng": -94.66605, "population": 1867}, {"name": "Columbus Junction city, Iowa", "lat": 41.27917, "lng": -91.36401, "population": 1830}, {"name": "Leon city, Iowa", "lat": 40.74134, "lng": -93.75557, "population": 1822}, {"name": "Guttenberg city, Iowa", "lat": 42.78856, "lng": -91.10877, "population": 1817}, {"name": "Stuart city, Iowa", "lat": 41.50039, "lng": -94.31824, "population": 1782}, {"name": "Farley city, Iowa", "lat": 42.44374, "lng": -91.0092, "population": 1766}, {"name": "Lake City city, Iowa", "lat": 42.26767, "lng": -94.73105, "population": 1731}, {"name": "Manson city, Iowa", "lat": 42.52864, "lng": -94.54006, "population": 1709}, {"name": "Prairie City city, Iowa", "lat": 41.59542, "lng": -93.23928, "population": 1700}, {"name": "Mediapolis city, Iowa", "lat": 41.0079, "lng": -91.1637, "population": 1688}, {"name": "Moville city, Iowa", "lat": 42.49023, "lng": -96.06792, "population": 1687}, {"name": "Avoca city, Iowa", "lat": 41.48282, "lng": -95.33726, "population": 1683}, {"name": "Remsen city, Iowa", "lat": 42.81583, "lng": -95.97263, "population": 1678}, {"name": "Pleasantville city, Iowa", "lat": 41.38701, "lng": -93.27279, "population": 1676}, {"name": "Blue Grass city, Iowa", "lat": 41.51018, "lng": -90.76691, "population": 1666}, {"name": "Reinbeck city, Iowa", "lat": 42.32251, "lng": -92.59426, "population": 1662}, {"name": "Granger city, Iowa", "lat": 41.7617, "lng": -93.82358, "population": 1654}, {"name": "Woodbine city, Iowa", "lat": 41.73551, "lng": -95.70736, "population": 1625}, {"name": "Mount Ayr city, Iowa", "lat": 40.71407, "lng": -94.23722, "population": 1623}, {"name": "Hartley city, Iowa", "lat": 43.17906, "lng": -95.47675, "population": 1605}, {"name": "Ackley city, Iowa", "lat": 42.5517, "lng": -93.05227, "population": 1599}, {"name": "Guthrie Center city, Iowa", "lat": 41.67793, "lng": -94.49915, "population": 1593}, {"name": "Traer city, Iowa", "lat": 42.18958, "lng": -92.46404, "population": 1583}, {"name": "Corning city, Iowa", "lat": 40.99279, "lng": -94.73972, "population": 1564}, {"name": "Akron city, Iowa", "lat": 42.82677, "lng": -96.55703, "population": 1558}, {"name": "Urbana city, Iowa", "lat": 42.22859, "lng": -91.88665, "population": 1554}, {"name": "Nashua city, Iowa", "lat": 42.95039, "lng": -92.54254, "population": 1551}, {"name": "Walcott city, Iowa", "lat": 41.58732, "lng": -90.78052, "population": 1551}, {"name": "Slater city, Iowa", "lat": 41.88072, "lng": -93.69115, "population": 1543}, {"name": "Corydon city, Iowa", "lat": 40.75777, "lng": -93.31751, "population": 1526}, {"name": "Oakland city, Iowa", "lat": 41.31037, "lng": -95.3997, "population": 1524}, {"name": "Wellman city, Iowa", "lat": 41.46925, "lng": -91.83527, "population": 1524}, {"name": "Bedford city, Iowa", "lat": 40.67115, "lng": -94.72429, "population": 1508}, {"name": "Brooklyn city, Iowa", "lat": 41.73205, "lng": -92.44498, "population": 1502}, {"name": "Holstein city, Iowa", "lat": 42.48715, "lng": -95.54288, "population": 1501}, {"name": "Van Meter city, Iowa", "lat": 41.52464, "lng": -93.94418, "population": 1484}, {"name": "Monona city, Iowa", "lat": 43.0504, "lng": -91.39099, "population": 1471}, {"name": "Manning city, Iowa", "lat": 41.90963, "lng": -95.06444, "population": 1455}, {"name": "Montezuma city, Iowa", "lat": 41.58299, "lng": -92.52783, "population": 1442}, {"name": "Earlham city, Iowa", "lat": 41.49441, "lng": -94.12228, "population": 1410}, {"name": "Palo city, Iowa", "lat": 42.06423, "lng": -91.79928, "population": 1407}, {"name": "Logan city, Iowa", "lat": 41.64525, "lng": -95.79132, "population": 1397}, {"name": "Kingsley city, Iowa", "lat": 42.58643, "lng": -95.96795, "population": 1396}, {"name": "Sanborn city, Iowa", "lat": 43.18143, "lng": -95.65533, "population": 1392}, {"name": "State Center city, Iowa", "lat": 42.01482, "lng": -93.1653, "population": 1391}, {"name": "Nora Springs city, Iowa", "lat": 43.14408, "lng": -93.00893, "population": 1369}, {"name": "Walford city, Iowa", "lat": 41.87985, "lng": -91.83056, "population": 1366}, {"name": "Roland city, Iowa", "lat": 42.16602, "lng": -93.50298, "population": 1362}, {"name": "Lone Tree city, Iowa", "lat": 41.4859, "lng": -91.42669, "population": 1357}, {"name": "Woodward city, Iowa", "lat": 41.85276, "lng": -93.92073, "population": 1346}, {"name": "Lenox city, Iowa", "lat": 40.88318, "lng": -94.55793, "population": 1339}, {"name": "Dike city, Iowa", "lat": 42.46412, "lng": -92.62557, "population": 1304}, {"name": "Coon Rapids city, Iowa", "lat": 41.8747, "lng": -94.67845, "population": 1300}, {"name": "Dysart city, Iowa", "lat": 42.17207, "lng": -92.30909, "population": 1281}, {"name": "Shell Rock city, Iowa", "lat": 42.71234, "lng": -92.58166, "population": 1268}, {"name": "Lake Panorama CDP, Iowa", "lat": 41.72154, "lng": -94.40402, "population": 1266}, {"name": "Central City city, Iowa", "lat": 42.20143, "lng": -91.52298, "population": 1264}, {"name": "Clarksville city, Iowa", "lat": 42.77924, "lng": -92.66841, "population": 1264}, {"name": "Laurens city, Iowa", "lat": 42.8475, "lng": -94.84794, "population": 1264}, {"name": "New Sharon city, Iowa", "lat": 41.47007, "lng": -92.65097, "population": 1262}, {"name": "Fayette city, Iowa", "lat": 42.84175, "lng": -91.80375, "population": 1256}, {"name": "Manly city, Iowa", "lat": 43.28825, "lng": -93.20082, "population": 1256}, {"name": "Alton city, Iowa", "lat": 42.98766, "lng": -96.00943, "population": 1248}, {"name": "University Heights city, Iowa", "lat": 41.65507, "lng": -91.55897, "population": 1228}, {"name": "Jewell Junction city, Iowa", "lat": 42.31165, "lng": -93.63871, "population": 1216}, {"name": "Gilbert city, Iowa", "lat": 42.1062, "lng": -93.64605, "population": 1211}, {"name": "Elkader city, Iowa", "lat": 42.85739, "lng": -91.40283, "population": 1209}, {"name": "Melcher-Dallas city, Iowa", "lat": 41.22696, "lng": -93.24163, "population": 1195}, {"name": "Tripoli city, Iowa", "lat": 42.80837, "lng": -92.25784, "population": 1191}, {"name": "Buffalo city, Iowa", "lat": 41.46129, "lng": -90.76888, "population": 1176}, {"name": "Lake Park city, Iowa", "lat": 43.44694, "lng": -95.32495, "population": 1167}, {"name": "Mapleton city, Iowa", "lat": 42.16732, "lng": -95.79087, "population": 1165}, {"name": "St. Ansgar city, Iowa", "lat": 43.37989, "lng": -92.9178, "population": 1160}, {"name": "Strawberry Point city, Iowa", "lat": 42.68049, "lng": -91.53478, "population": 1155}, {"name": "Springville city, Iowa", "lat": 42.04054, "lng": -91.46116, "population": 1154}, {"name": "Glidden city, Iowa", "lat": 42.05767, "lng": -94.72661, "population": 1151}, {"name": "Villisca city, Iowa", "lat": 40.92988, "lng": -94.98111, "population": 1132}, {"name": "Sheffield city, Iowa", "lat": 42.88876, "lng": -93.20714, "population": 1130}, {"name": "Calmar city, Iowa", "lat": 43.18105, "lng": -91.86785, "population": 1125}, {"name": "Aplington city, Iowa", "lat": 42.58192, "lng": -92.88352, "population": 1116}, {"name": "Lake View city, Iowa", "lat": 42.302, "lng": -95.03576, "population": 1113}, {"name": "Fairbank city, Iowa", "lat": 42.64014, "lng": -92.04779, "population": 1111}, {"name": "Arnolds Park city, Iowa", "lat": 43.36037, "lng": -95.12918, "population": 1110}, {"name": "Conrad city, Iowa", "lat": 42.22339, "lng": -92.87408, "population": 1093}, {"name": "Panora city, Iowa", "lat": 41.69113, "lng": -94.36391, "population": 1091}, {"name": "Marcus city, Iowa", "lat": 42.8224, "lng": -95.80684, "population": 1079}, {"name": "George city, Iowa", "lat": 43.34187, "lng": -96.00326, "population": 1077}, {"name": "Rockwell city, Iowa", "lat": 42.97997, "lng": -93.18718, "population": 1071}, {"name": "Sidney city, Iowa", "lat": 40.74589, "lng": -95.64473, "population": 1070}, {"name": "Elk Run Heights city, Iowa", "lat": 42.46885, "lng": -92.25605, "population": 1069}, {"name": "North English city, Iowa", "lat": 41.5168, "lng": -92.07766, "population": 1065}, {"name": "Riverside city, Iowa", "lat": 41.48324, "lng": -91.57219, "population": 1060}, {"name": "Malvern city, Iowa", "lat": 41.00375, "lng": -95.58414, "population": 1046}, {"name": "Sloan city, Iowa", "lat": 42.23306, "lng": -96.22483, "population": 1042}, {"name": "Clarence city, Iowa", "lat": 41.88575, "lng": -91.05792, "population": 1039}, {"name": "Dunlap city, Iowa", "lat": 41.85248, "lng": -95.60124, "population": 1038}, {"name": "Janesville city, Iowa", "lat": 42.64581, "lng": -92.4624, "population": 1034}, {"name": "Winfield city, Iowa", "lat": 41.1259, "lng": -91.43813, "population": 1033}, {"name": "Treynor city, Iowa", "lat": 41.23203, "lng": -95.60637, "population": 1032}, {"name": "Mechanicsville city, Iowa", "lat": 41.90559, "lng": -91.25327, "population": 1020}, {"name": "Tabor city, Iowa", "lat": 40.89493, "lng": -95.67363, "population": 1014}, {"name": "Odebolt city, Iowa", "lat": 42.31183, "lng": -95.25441, "population": 994}, {"name": "Griswold city, Iowa", "lat": 41.23433, "lng": -95.13937, "population": 994}, {"name": "Greene city, Iowa", "lat": 42.89651, "lng": -92.80354, "population": 990}, {"name": "Fredericksburg city, Iowa", "lat": 42.96478, "lng": -92.1965, "population": 987}, {"name": "Paullina city, Iowa", "lat": 42.97986, "lng": -95.68344, "population": 982}, {"name": "Eddyville city, Iowa", "lat": 41.15939, "lng": -92.63034, "population": 970}, {"name": "Aurelia city, Iowa", "lat": 42.71307, "lng": -95.43685, "population": 968}, {"name": "Lansing city, Iowa", "lat": 43.35983, "lng": -91.22286, "population": 968}, {"name": "Allison city, Iowa", "lat": 42.75199, "lng": -92.79572, "population": 966}, {"name": "Wayland city, Iowa", "lat": 41.14835, "lng": -91.65753, "population": 964}, {"name": "Anita city, Iowa", "lat": 41.44372, "lng": -94.76596, "population": 963}, {"name": "Fruitland city, Iowa", "lat": 41.34742, "lng": -91.12879, "population": 963}, {"name": "Baxter city, Iowa", "lat": 41.8252, "lng": -93.15246, "population": 962}, {"name": "Shellsburg city, Iowa", "lat": 42.09288, "lng": -91.87126, "population": 961}, {"name": "Underwood city, Iowa", "lat": 41.38024, "lng": -95.68251, "population": 954}, {"name": "Gowrie city, Iowa", "lat": 42.27793, "lng": -94.28973, "population": 952}, {"name": "Preston city, Iowa", "lat": 42.04918, "lng": -90.39696, "population": 949}, {"name": "Lawton city, Iowa", "lat": 42.47697, "lng": -96.18509, "population": 943}, {"name": "Keosauqua city, Iowa", "lat": 40.73464, "lng": -91.96031, "population": 936}, {"name": "Hinton city, Iowa", "lat": 42.62123, "lng": -96.29765, "population": 935}, {"name": "Inwood city, Iowa", "lat": 43.30921, "lng": -96.43436, "population": 928}, {"name": "Danville city, Iowa", "lat": 40.85995, "lng": -91.31452, "population": 927}, {"name": "Larchwood city, Iowa", "lat": 43.45465, "lng": -96.43634, "population": 926}, {"name": "Princeton city, Iowa", "lat": 41.66946, "lng": -90.3576, "population": 923}, {"name": "West Point city, Iowa", "lat": 40.71454, "lng": -91.45283, "population": 921}, {"name": "Neola city, Iowa", "lat": 41.4502, "lng": -95.61721, "population": 918}, {"name": "De Soto city, Iowa", "lat": 41.53778, "lng": -94.00995, "population": 915}, {"name": "Swisher city, Iowa", "lat": 41.84412, "lng": -91.69382, "population": 914}, {"name": "Edgewood city, Iowa", "lat": 42.64422, "lng": -91.40241, "population": 909}, {"name": "Newell city, Iowa", "lat": 42.60968, "lng": -95.00398, "population": 906}, {"name": "Le Grand city, Iowa", "lat": 42.00719, "lng": -92.77506, "population": 905}, {"name": "Keota city, Iowa", "lat": 41.36513, "lng": -91.95331, "population": 897}, {"name": "Primghar city, Iowa", "lat": 43.08639, "lng": -95.62074, "population": 896}, {"name": "Hamburg city, Iowa", "lat": 40.60621, "lng": -95.65472, "population": 890}, {"name": "Donnellson city, Iowa", "lat": 40.64532, "lng": -91.5641, "population": 885}, {"name": "Elkhart city, Iowa", "lat": 41.79387, "lng": -93.52402, "population": 882}, {"name": "Sully city, Iowa", "lat": 41.578, "lng": -92.84679, "population": 881}, {"name": "Beaverdale CDP, Iowa", "lat": 40.84857, "lng": -91.20225, "population": 880}, {"name": "Newhall city, Iowa", "lat": 41.99325, "lng": -91.96722, "population": 876}, {"name": "Armstrong city, Iowa", "lat": 43.39439, "lng": -94.48341, "population": 875}, {"name": "Victor city, Iowa", "lat": 41.7306, "lng": -92.29485, "population": 875}, {"name": "Afton city, Iowa", "lat": 41.02759, "lng": -94.1953, "population": 874}, {"name": "Washburn CDP, Iowa", "lat": 42.41029, "lng": -92.26687, "population": 870}, {"name": "Hills city, Iowa", "lat": 41.55684, "lng": -91.53616, "population": 863}, {"name": "Hubbard city, Iowa", "lat": 42.30582, "lng": -93.30214, "population": 860}, {"name": "Maxwell city, Iowa", "lat": 41.89143, "lng": -93.39606, "population": 859}, {"name": "Buffalo Center city, Iowa", "lat": 43.38937, "lng": -93.94282, "population": 857}, {"name": "Readlyn city, Iowa", "lat": 42.7037, "lng": -92.22503, "population": 845}, {"name": "Colo city, Iowa", "lat": 42.01453, "lng": -93.31859, "population": 845}, {"name": "Dunkerton city, Iowa", "lat": 42.56782, "lng": -92.16603, "population": 842}, {"name": "Long Grove city, Iowa", "lat": 41.69224, "lng": -90.58027, "population": 838}, {"name": "Graettinger city, Iowa", "lat": 43.23702, "lng": -94.75047, "population": 832}, {"name": "Schleswig city, Iowa", "lat": 42.16103, "lng": -95.43465, "population": 830}, {"name": "Cambridge city, Iowa", "lat": 41.90168, "lng": -93.53656, "population": 827}, {"name": "Winthrop city, Iowa", "lat": 42.47077, "lng": -91.73738, "population": 823}, {"name": "Lowden city, Iowa", "lat": 41.85893, "lng": -90.92291, "population": 807}, {"name": "Riceville city, Iowa", "lat": 43.36156, "lng": -92.55332, "population": 806}, {"name": "Ossian city, Iowa", "lat": 43.14698, "lng": -91.76456, "population": 802}, {"name": "Gladbrook city, Iowa", "lat": 42.18611, "lng": -92.71509, "population": 799}, {"name": "Gilbertville city, Iowa", "lat": 42.41828, "lng": -92.21412, "population": 794}, {"name": "Adair city, Iowa", "lat": 41.50023, "lng": -94.64405, "population": 791}, {"name": "West Bend city, Iowa", "lat": 42.95997, "lng": -94.44573, "population": 791}, {"name": "Exira city, Iowa", "lat": 41.5919, "lng": -94.88111, "population": 787}, {"name": "Melbourne city, Iowa", "lat": 41.94162, "lng": -93.1023, "population": 786}, {"name": "Eldon city, Iowa", "lat": 40.918, "lng": -92.21823, "population": 783}, {"name": "Milo city, Iowa", "lat": 41.28927, "lng": -93.44037, "population": 778}, {"name": "Wheatland city, Iowa", "lat": 41.83306, "lng": -90.83801, "population": 775}, {"name": "Manilla city, Iowa", "lat": 41.89256, "lng": -95.23451, "population": 775}, {"name": "Van Horne city, Iowa", "lat": 42.00831, "lng": -92.08972, "population": 774}, {"name": "Dayton city, Iowa", "lat": 42.26221, "lng": -94.07111, "population": 772}, {"name": "Okoboji city, Iowa", "lat": 43.38808, "lng": -95.13324, "population": 768}, {"name": "Carson city, Iowa", "lat": 41.23566, "lng": -95.41981, "population": 766}, {"name": "Correctionville city, Iowa", "lat": 42.47759, "lng": -95.78316, "population": 766}, {"name": "Alden city, Iowa", "lat": 42.51158, "lng": -93.38031, "population": 763}, {"name": "Garnavillo city, Iowa", "lat": 42.86669, "lng": -91.23624, "population": 763}, {"name": "Raymond city, Iowa", "lat": 42.46938, "lng": -92.22965, "population": 759}, {"name": "Dakota City city, Iowa", "lat": 42.72383, "lng": -94.19712, "population": 759}, {"name": "Rockford city, Iowa", "lat": 43.05244, "lng": -92.94769, "population": 758}, {"name": "Wall Lake city, Iowa", "lat": 42.26732, "lng": -95.09323, "population": 755}, {"name": "Morning Sun city, Iowa", "lat": 41.09414, "lng": -91.2506, "population": 752}, {"name": "Sioux Rapids city, Iowa", "lat": 42.89167, "lng": -95.14854, "population": 748}, {"name": "Walnut city, Iowa", "lat": 41.48945, "lng": -95.21967, "population": 747}, {"name": "Whiting city, Iowa", "lat": 42.12722, "lng": -96.15068, "population": 745}, {"name": "McGregor city, Iowa", "lat": 43.02829, "lng": -91.18566, "population": 742}, {"name": "Montrose city, Iowa", "lat": 40.52535, "lng": -91.41841, "population": 738}, {"name": "Hartford city, Iowa", "lat": 41.45773, "lng": -93.4038, "population": 733}, {"name": "Redfield city, Iowa", "lat": 41.59049, "lng": -94.19625, "population": 731}, {"name": "Shueyville city, Iowa", "lat": 41.84625, "lng": -91.65127, "population": 731}, {"name": "Schaller city, Iowa", "lat": 42.49653, "lng": -95.29627, "population": 729}, {"name": "Hedrick city, Iowa", "lat": 41.17133, "lng": -92.30791, "population": 728}, {"name": "Shelby city, Iowa", "lat": 41.50669, "lng": -95.45058, "population": 727}, {"name": "Ruthven city, Iowa", "lat": 43.13005, "lng": -94.89869, "population": 725}, {"name": "Grand Junction city, Iowa", "lat": 42.03299, "lng": -94.23695, "population": 725}, {"name": "Oxford city, Iowa", "lat": 41.72277, "lng": -91.79109, "population": 722}, {"name": "Essex city, Iowa", "lat": 40.83265, "lng": -95.30383, "population": 722}, {"name": "Wellsburg city, Iowa", "lat": 42.43386, "lng": -92.92662, "population": 720}, {"name": "Hospers city, Iowa", "lat": 43.07214, "lng": -95.90392, "population": 718}, {"name": "Merrill city, Iowa", "lat": 42.72046, "lng": -96.25194, "population": 717}, {"name": "Earlville city, Iowa", "lat": 42.48267, "lng": -91.27011, "population": 716}, {"name": "Blairstown city, Iowa", "lat": 41.90598, "lng": -92.08223, "population": 713}, {"name": "Hazleton city, Iowa", "lat": 42.61854, "lng": -91.90611, "population": 713}, {"name": "Ventura city, Iowa", "lat": 43.12887, "lng": -93.46591, "population": 711}, {"name": "Fremont city, Iowa", "lat": 41.21246, "lng": -92.43381, "population": 708}, {"name": "Stratford city, Iowa", "lat": 42.26959, "lng": -93.92742, "population": 707}, {"name": "Boyden city, Iowa", "lat": 43.18912, "lng": -96.00315, "population": 701}, {"name": "Coggon city, Iowa", "lat": 42.27927, "lng": -91.52985, "population": 701}, {"name": "Battle Creek city, Iowa", "lat": 42.31702, "lng": -95.60001, "population": 700}, {"name": "Lakeside city, Iowa", "lat": 42.61749, "lng": -95.17736, "population": 700}, {"name": "Bancroft city, Iowa", "lat": 43.29287, "lng": -94.21758, "population": 699}, {"name": "Walker city, Iowa", "lat": 42.28755, "lng": -91.78148, "population": 688}, {"name": "Elgin city, Iowa", "lat": 42.95542, "lng": -91.63537, "population": 685}, {"name": "Murray city, Iowa", "lat": 41.04134, "lng": -93.94882, "population": 684}, {"name": "Stanton city, Iowa", "lat": 40.98123, "lng": -95.10277, "population": 678}, {"name": "Albert City city, Iowa", "lat": 42.7816, "lng": -94.94914, "population": 677}, {"name": "Fontanelle city, Iowa", "lat": 41.29004, "lng": -94.5602, "population": 676}, {"name": "Alburnett city, Iowa", "lat": 42.14894, "lng": -91.62011, "population": 675}, {"name": "Kanawha city, Iowa", "lat": 42.93416, "lng": -93.79318, "population": 658}, {"name": "Olin city, Iowa", "lat": 41.99747, "lng": -91.14124, "population": 651}, {"name": "Coalville CDP, Iowa", "lat": 42.44014, "lng": -94.11579, "population": 651}, {"name": "St. Charles city, Iowa", "lat": 41.28715, "lng": -93.80745, "population": 640}, {"name": "Dexter city, Iowa", "lat": 41.51539, "lng": -94.22762, "population": 640}, {"name": "Stanwood city, Iowa", "lat": 41.8927, "lng": -91.14876, "population": 637}, {"name": "Moravia city, Iowa", "lat": 40.89166, "lng": -92.81997, "population": 637}, {"name": "Fonda city, Iowa", "lat": 42.5817, "lng": -94.84552, "population": 636}, {"name": "Seymour city, Iowa", "lat": 40.68214, "lng": -93.1211, "population": 634}, {"name": "Dumont city, Iowa", "lat": 42.7522, "lng": -92.97365, "population": 634}, {"name": "Goldfield city, Iowa", "lat": 42.73562, "lng": -93.91791, "population": 634}, {"name": "Sutherland city, Iowa", "lat": 42.97294, "lng": -95.49524, "population": 629}, {"name": "Crescent city, Iowa", "lat": 41.36527, "lng": -95.85894, "population": 628}, {"name": "Hopkinton city, Iowa", "lat": 42.34287, "lng": -91.24905, "population": 622}, {"name": "Agency city, Iowa", "lat": 40.99698, "lng": -92.30728, "population": 620}, {"name": "Doon city, Iowa", "lat": 43.27897, "lng": -96.23291, "population": 619}, {"name": "Grand Mound city, Iowa", "lat": 41.82375, "lng": -90.65067, "population": 615}, {"name": "What Cheer city, Iowa", "lat": 41.40035, "lng": -92.35709, "population": 607}, {"name": "Moulton city, Iowa", "lat": 40.68553, "lng": -92.67631, "population": 607}, {"name": "Kellogg city, Iowa", "lat": 41.71804, "lng": -92.90716, "population": 606}, {"name": "Elk Horn city, Iowa", "lat": 41.59311, "lng": -95.06126, "population": 601}, {"name": "Brighton city, Iowa", "lat": 41.17469, "lng": -91.82118, "population": 600}, {"name": "Minden city, Iowa", "lat": 41.46941, "lng": -95.5432, "population": 600}, {"name": "Keystone city, Iowa", "lat": 41.99948, "lng": -92.19819, "population": 599}, {"name": "Ireton city, Iowa", "lat": 42.9749, "lng": -96.32161, "population": 590}, {"name": "Early city, Iowa", "lat": 42.4611, "lng": -95.15241, "population": 587}, {"name": "Clermont city, Iowa", "lat": 42.99959, "lng": -91.65225, "population": 586}, {"name": "Farmington city, Iowa", "lat": 40.63881, "lng": -91.73896, "population": 579}, {"name": "Everly city, Iowa", "lat": 43.16513, "lng": -95.31753, "population": 575}, {"name": "New Hartford city, Iowa", "lat": 42.5682, "lng": -92.62139, "population": 570}, {"name": "Quasqueton city, Iowa", "lat": 42.39477, "lng": -91.75768, "population": 570}, {"name": "Swea City city, Iowa", "lat": 43.38348, "lng": -94.31032, "population": 566}, {"name": "Radcliffe city, Iowa", "lat": 42.31771, "lng": -93.43431, "population": 555}, {"name": "Anthon city, Iowa", "lat": 42.38809, "lng": -95.86555, "population": 545}, {"name": "Middle Amana CDP, Iowa", "lat": 41.79476, "lng": -91.90154, "population": 543}, {"name": "Richland city, Iowa", "lat": 41.18554, "lng": -91.99357, "population": 542}, {"name": "Delmar city, Iowa", "lat": 41.99888, "lng": -90.60787, "population": 542}, {"name": "Gilman city, Iowa", "lat": 41.87888, "lng": -92.78812, "population": 542}, {"name": "Charter Oak city, Iowa", "lat": 42.06784, "lng": -95.58953, "population": 535}, {"name": "Zearing city, Iowa", "lat": 42.15893, "lng": -93.29718, "population": 528}, {"name": "Pomeroy city, Iowa", "lat": 42.55195, "lng": -94.67788, "population": 526}, {"name": "Arcadia city, Iowa", "lat": 42.08619, "lng": -95.04323, "population": 525}, {"name": "Wyoming city, Iowa", "lat": 42.05954, "lng": -91.00519, "population": 523}, {"name": "Badger city, Iowa", "lat": 42.61413, "lng": -94.1446, "population": 522}, {"name": "Orleans city, Iowa", "lat": 43.45272, "lng": -95.08587, "population": 521}, {"name": "Dows city, Iowa", "lat": 42.65836, "lng": -93.50204, "population": 521}, {"name": "Scranton city, Iowa", "lat": 42.01917, "lng": -94.54918, "population": 511}, {"name": "Ainsworth city, Iowa", "lat": 41.29005, "lng": -91.55427, "population": 511}, {"name": "Titonka city, Iowa", "lat": 43.23718, "lng": -94.04143, "population": 511}, {"name": "Rolfe city, Iowa", "lat": 42.8132, "lng": -94.53185, "population": 509}, {"name": "Truro city, Iowa", "lat": 41.20979, "lng": -93.84671, "population": 509}, {"name": "Ellsworth city, Iowa", "lat": 42.31024, "lng": -93.58188, "population": 508}, {"name": "Sabula city, Iowa", "lat": 42.07019, "lng": -90.1825, "population": 506}, {"name": "Elma city, Iowa", "lat": 43.24571, "lng": -92.43869, "population": 505}, {"name": "Breda city, Iowa", "lat": 42.18397, "lng": -94.97501, "population": 500}, {"name": "New Virginia city, Iowa", "lat": 41.18177, "lng": -93.73107, "population": 498}, {"name": "Whittemore city, Iowa", "lat": 43.06334, "lng": -94.42525, "population": 497}, {"name": "Thompson city, Iowa", "lat": 43.3699, "lng": -93.7747, "population": 495}, {"name": "Collins city, Iowa", "lat": 41.90238, "lng": -93.30807, "population": 495}, {"name": "Farragut city, Iowa", "lat": 40.7201, "lng": -95.4808, "population": 490}, {"name": "University Park city, Iowa", "lat": 41.28556, "lng": -92.61499, "population": 487}, {"name": "Gilmore City city, Iowa", "lat": 42.7268, "lng": -94.43682, "population": 487}, {"name": "Dow City city, Iowa", "lat": 41.92746, "lng": -95.49442, "population": 485}, {"name": "Garwin city, Iowa", "lat": 42.09348, "lng": -92.67912, "population": 481}, {"name": "Latimer city, Iowa", "lat": 42.76304, "lng": -93.36583, "population": 477}, {"name": "Maynard city, Iowa", "lat": 42.77331, "lng": -91.87802, "population": 476}, {"name": "Holiday Lake CDP, Iowa", "lat": 41.81797, "lng": -92.45352, "population": 473}, {"name": "Lime Springs city, Iowa", "lat": 43.4499, "lng": -92.28406, "population": 473}, {"name": "Russell city, Iowa", "lat": 40.9804, "lng": -93.20112, "population": 472}, {"name": "Lovilia city, Iowa", "lat": 41.13484, "lng": -92.90788, "population": 472}, {"name": "Norway city, Iowa", "lat": 41.90219, "lng": -91.9228, "population": 466}, {"name": "Humeston city, Iowa", "lat": 40.86073, "lng": -93.4973, "population": 465}, {"name": "Stacyville city, Iowa", "lat": 43.43921, "lng": -92.78393, "population": 458}, {"name": "Runnells city, Iowa", "lat": 41.51397, "lng": -93.3601, "population": 457}, {"name": "Albion city, Iowa", "lat": 42.11254, "lng": -92.98857, "population": 448}, {"name": "Beacon city, Iowa", "lat": 41.27457, "lng": -92.68135, "population": 445}, {"name": "Klemme city, Iowa", "lat": 43.00964, "lng": -93.60134, "population": 441}, {"name": "Ocheyedan city, Iowa", "lat": 43.41821, "lng": -95.53666, "population": 439}, {"name": "Little Rock city, Iowa", "lat": 43.44707, "lng": -95.88043, "population": 439}, {"name": "Hawkeye city, Iowa", "lat": 42.93779, "lng": -91.9504, "population": 438}, {"name": "Grandview city, Iowa", "lat": 41.27712, "lng": -91.18808, "population": 437}, {"name": "Ashton city, Iowa", "lat": 43.30908, "lng": -95.79372, "population": 436}, {"name": "Cumming city, Iowa", "lat": 41.48672, "lng": -93.7561, "population": 436}, {"name": "Galva city, Iowa", "lat": 42.50566, "lng": -95.41804, "population": 435}, {"name": "Lost Nation city, Iowa", "lat": 41.96755, "lng": -90.81814, "population": 434}, {"name": "New Albin city, Iowa", "lat": 43.49699, "lng": -91.28787, "population": 432}, {"name": "Allerton city, Iowa", "lat": 40.70827, "lng": -93.36864, "population": 430}, {"name": "Batavia city, Iowa", "lat": 40.99495, "lng": -92.16735, "population": 430}, {"name": "Otho city, Iowa", "lat": 42.42221, "lng": -94.14938, "population": 429}, {"name": "Lamont city, Iowa", "lat": 42.59855, "lng": -91.64039, "population": 429}, {"name": "Marquette city, Iowa", "lat": 43.0433, "lng": -91.19242, "population": 429}, {"name": "Denmark CDP, Iowa", "lat": 40.73432, "lng": -91.3384, "population": 425}, {"name": "Oxford Junction city, Iowa", "lat": 41.98375, "lng": -90.95434, "population": 424}, {"name": "Alleman city, Iowa", "lat": 41.8149, "lng": -93.60923, "population": 423}, {"name": "Martensdale city, Iowa", "lat": 41.37375, "lng": -93.7388, "population": 421}, {"name": "Delhi city, Iowa", "lat": 42.43372, "lng": -91.32595, "population": 420}, {"name": "Arlington city, Iowa", "lat": 42.74875, "lng": -91.67101, "population": 419}, {"name": "Burt city, Iowa", "lat": 43.19911, "lng": -94.22131, "population": 418}, {"name": "Miles city, Iowa", "lat": 42.04812, "lng": -90.31332, "population": 408}, {"name": "Lawler city, Iowa", "lat": 43.07182, "lng": -92.15389, "population": 406}, {"name": "Bayard city, Iowa", "lat": 41.85214, "lng": -94.55861, "population": 405}, {"name": "Emerson city, Iowa", "lat": 41.01798, "lng": -95.40273, "population": 403}, {"name": "Thornton city, Iowa", "lat": 42.94422, "lng": -93.38702, "population": 400}, {"name": "Union city, Iowa", "lat": 42.24353, "lng": -93.0625, "population": 399}, {"name": "Earling city, Iowa", "lat": 41.77627, "lng": -95.41898, "population": 397}, {"name": "Vail city, Iowa", "lat": 42.05971, "lng": -95.20045, "population": 396}, {"name": "Lehigh city, Iowa", "lat": 42.3582, "lng": -94.05337, "population": 395}, {"name": "Salem city, Iowa", "lat": 40.85217, "lng": -91.62066, "population": 394}, {"name": "Plainfield city, Iowa", "lat": 42.84452, "lng": -92.53568, "population": 393}, {"name": "Columbus City city, Iowa", "lat": 41.25918, "lng": -91.37474, "population": 392}, {"name": "Wesley city, Iowa", "lat": 43.08911, "lng": -93.99291, "population": 391}, {"name": "Charlotte city, Iowa", "lat": 41.96217, "lng": -90.46825, "population": 389}, {"name": "Amana CDP, Iowa", "lat": 41.80363, "lng": -91.87524, "population": 388}, {"name": "Bussey city, Iowa", "lat": 41.20543, "lng": -92.88429, "population": 387}, {"name": "Casey city, Iowa", "lat": 41.50746, "lng": -94.52137, "population": 387}, {"name": "Colesburg city, Iowa", "lat": 42.63876, "lng": -91.20112, "population": 386}, {"name": "Lorimor city, Iowa", "lat": 41.12674, "lng": -94.05685, "population": 386}, {"name": "New Market city, Iowa", "lat": 40.73257, "lng": -94.90004, "population": 385}, {"name": "Spillville city, Iowa", "lat": 43.20284, "lng": -91.95221, "population": 385}, {"name": "Farnhamville city, Iowa", "lat": 42.27647, "lng": -94.40771, "population": 383}, {"name": "New Vienna city, Iowa", "lat": 42.54772, "lng": -91.11388, "population": 382}, {"name": "Worthington city, Iowa", "lat": 42.39793, "lng": -91.1207, "population": 382}, {"name": "Duncombe city, Iowa", "lat": 42.46979, "lng": -93.99679, "population": 381}, {"name": "Livermore city, Iowa", "lat": 42.86806, "lng": -94.18417, "population": 381}, {"name": "Lohrville city, Iowa", "lat": 42.26694, "lng": -94.55155, "population": 381}, {"name": "Andrew city, Iowa", "lat": 42.15319, "lng": -90.59228, "population": 380}, {"name": "Lynnville city, Iowa", "lat": 41.57286, "lng": -92.78689, "population": 380}, {"name": "Milton city, Iowa", "lat": 40.67153, "lng": -92.16195, "population": 380}, {"name": "Riverdale city, Iowa", "lat": 41.53728, "lng": -90.46358, "population": 379}, {"name": "Royal city, Iowa", "lat": 43.06444, "lng": -95.28372, "population": 379}, {"name": "Plymouth city, Iowa", "lat": 43.24639, "lng": -93.12328, "population": 375}, {"name": "Diamondhead Lake CDP, Iowa", "lat": 41.55465, "lng": -94.25996, "population": 371}, {"name": "Orient city, Iowa", "lat": 41.20321, "lng": -94.41729, "population": 368}, {"name": "Callender city, Iowa", "lat": 42.36163, "lng": -94.29547, "population": 368}, {"name": "Birmingham city, Iowa", "lat": 40.87849, "lng": -91.9479, "population": 367}, {"name": "Ringsted city, Iowa", "lat": 43.29507, "lng": -94.50741, "population": 365}, {"name": "Churdan city, Iowa", "lat": 42.15407, "lng": -94.47786, "population": 365}, {"name": "Stanhope city, Iowa", "lat": 42.28893, "lng": -93.79599, "population": 364}, {"name": "Letts city, Iowa", "lat": 41.33002, "lng": -91.23539, "population": 363}, {"name": "Middletown city, Iowa", "lat": 40.82786, "lng": -91.26223, "population": 363}, {"name": "Bonaparte city, Iowa", "lat": 40.70124, "lng": -91.8007, "population": 359}, {"name": "Massena city, Iowa", "lat": 41.25063, "lng": -94.76986, "population": 359}, {"name": "Rudd city, Iowa", "lat": 43.12626, "lng": -92.90472, "population": 358}, {"name": "Lewis city, Iowa", "lat": 41.3064, "lng": -95.08427, "population": 357}, {"name": "Calamus city, Iowa", "lat": 41.82641, "lng": -90.75967, "population": 356}, {"name": "Holy Cross city, Iowa", "lat": 42.60108, "lng": -90.99618, "population": 356}, {"name": "McCallsburg city, Iowa", "lat": 42.16481, "lng": -93.39061, "population": 353}, {"name": "Templeton city, Iowa", "lat": 41.91802, "lng": -94.94131, "population": 352}, {"name": "Conesville city, Iowa", "lat": 41.37964, "lng": -91.34858, "population": 352}, {"name": "Ryan city, Iowa", "lat": 42.35234, "lng": -91.48494, "population": 350}, {"name": "Bennett city, Iowa", "lat": 41.73978, "lng": -90.97359, "population": 347}, {"name": "Wahpeton city, Iowa", "lat": 43.36951, "lng": -95.17591, "population": 345}, {"name": "Lacona city, Iowa", "lat": 41.1901, "lng": -93.38506, "population": 345}, {"name": "Menlo city, Iowa", "lat": 41.52218, "lng": -94.40448, "population": 345}, {"name": "Diagonal city, Iowa", "lat": 40.8109, "lng": -94.34185, "population": 344}, {"name": "Garrison city, Iowa", "lat": 42.14503, "lng": -92.1442, "population": 344}, {"name": "Brandon city, Iowa", "lat": 42.31505, "lng": -92.00314, "population": 341}, {"name": "Nichols city, Iowa", "lat": 41.47972, "lng": -91.30793, "population": 340}, {"name": "Mondamin city, Iowa", "lat": 41.71003, "lng": -96.02147, "population": 339}, {"name": "Ute city, Iowa", "lat": 42.05026, "lng": -95.70578, "population": 338}, {"name": "Elliott city, Iowa", "lat": 41.14937, "lng": -95.16295, "population": 338}, {"name": "Pierson city, Iowa", "lat": 42.54359, "lng": -95.86654, "population": 337}, {"name": "Donahue city, Iowa", "lat": 41.69153, "lng": -90.67463, "population": 335}, {"name": "Terril city, Iowa", "lat": 43.30579, "lng": -94.96892, "population": 334}, {"name": "Minburn city, Iowa", "lat": 41.75756, "lng": -94.02848, "population": 325}, {"name": "Mystic city, Iowa", "lat": 40.7792, "lng": -92.94463, "population": 322}, {"name": "Peterson city, Iowa", "lat": 42.91732, "lng": -95.34312, "population": 322}, {"name": "Mooar CDP, Iowa", "lat": 40.43194, "lng": -91.44461, "population": 321}, {"name": "Danbury city, Iowa", "lat": 42.23643, "lng": -95.72158, "population": 320}, {"name": "Irwin city, Iowa", "lat": 41.79009, "lng": -95.20679, "population": 319}, {"name": "Twin Lakes CDP, Iowa", "lat": 42.481, "lng": -94.62976, "population": 316}, {"name": "Floyd city, Iowa", "lat": 43.12819, "lng": -92.73994, "population": 313}, {"name": "McCausland city, Iowa", "lat": 41.74341, "lng": -90.44588, "population": 313}, {"name": "Fort Atkinson city, Iowa", "lat": 43.14426, "lng": -91.93449, "population": 312}, {"name": "Granville city, Iowa", "lat": 42.98534, "lng": -95.87501, "population": 310}, {"name": "West Okoboji city, Iowa", "lat": 43.3477, "lng": -95.1664, "population": 308}, {"name": "Williams city, Iowa", "lat": 42.48919, "lng": -93.54125, "population": 307}, {"name": "Fertile city, Iowa", "lat": 43.2623, "lng": -93.4232, "population": 305}, {"name": "Kelley city, Iowa", "lat": 41.95103, "lng": -93.66557, "population": 304}, {"name": "Bode city, Iowa", "lat": 42.86798, "lng": -94.28624, "population": 302}, {"name": "Mingo city, Iowa", "lat": 41.76621, "lng": -93.28253, "population": 302}, {"name": "Luana city, Iowa", "lat": 43.05942, "lng": -91.45573, "population": 301}, {"name": "Persia city, Iowa", "lat": 41.57856, "lng": -95.57011, "population": 297}, {"name": "Sandusky CDP, Iowa", "lat": 40.448, "lng": -91.38905, "population": 297}, {"name": "Sheldahl city, Iowa", "lat": 41.86456, "lng": -93.69674, "population": 297}, {"name": "Atalissa city, Iowa", "lat": 41.5716, "lng": -91.16645, "population": 296}, {"name": "Lester city, Iowa", "lat": 43.44029, "lng": -96.33142, "population": 296}, {"name": "Salix city, Iowa", "lat": 42.31192, "lng": -96.29219, "population": 295}, {"name": "Bronson city, Iowa", "lat": 42.40902, "lng": -96.21053, "population": 294}, {"name": "Kimballton city, Iowa", "lat": 41.6272, "lng": -95.07467, "population": 291}, {"name": "Liscomb city, Iowa", "lat": 42.19126, "lng": -93.00628, "population": 291}, {"name": "Cincinnati city, Iowa", "lat": 40.63095, "lng": -92.9222, "population": 290}, {"name": "Moscow CDP, Iowa", "lat": 41.57066, "lng": -91.07431, "population": 290}, {"name": "Westside city, Iowa", "lat": 42.0757, "lng": -95.10138, "population": 285}, {"name": "Lytton city, Iowa", "lat": 42.42325, "lng": -94.86087, "population": 282}, {"name": "Clearfield city, Iowa", "lat": 40.80064, "lng": -94.48302, "population": 278}, {"name": "Crawfordsville city, Iowa", "lat": 41.21391, "lng": -91.53663, "population": 277}, {"name": "Maharishi Vedic City city, Iowa", "lat": 41.05445, "lng": -92.01461, "population": 277}, {"name": "Ridgeway city, Iowa", "lat": 43.29711, "lng": -91.99242, "population": 275}, {"name": "Blakesburg city, Iowa", "lat": 40.96195, "lng": -92.63471, "population": 274}, {"name": "Libertyville city, Iowa", "lat": 40.95822, "lng": -92.04962, "population": 274}, {"name": "Modale city, Iowa", "lat": 41.61823, "lng": -96.01208, "population": 273}, {"name": "Stockport city, Iowa", "lat": 40.85727, "lng": -91.83335, "population": 272}, {"name": "Rhodes city, Iowa", "lat": 41.92782, "lng": -93.18372, "population": 271}, {"name": "Farmersburg city, Iowa", "lat": 42.95934, "lng": -91.36671, "population": 271}, {"name": "Fenton city, Iowa", "lat": 43.21843, "lng": -94.4279, "population": 271}, {"name": "Marble Rock city, Iowa", "lat": 42.96461, "lng": -92.86777, "population": 271}, {"name": "Rowley city, Iowa", "lat": 42.36854, "lng": -91.84428, "population": 270}, {"name": "Malcom city, Iowa", "lat": 41.7061, "lng": -92.55531, "population": 270}, {"name": "Protivin city, Iowa", "lat": 43.21671, "lng": -92.08894, "population": 269}, {"name": "Bertram city, Iowa", "lat": 41.95168, "lng": -91.53784, "population": 269}, {"name": "Holland city, Iowa", "lat": 42.40013, "lng": -92.79883, "population": 269}, {"name": "Yale city, Iowa", "lat": 41.77512, "lng": -94.3578, "population": 267}, {"name": "Kiron city, Iowa", "lat": 42.19416, "lng": -95.32708, "population": 267}, {"name": "Lakota city, Iowa", "lat": 43.37865, "lng": -94.0963, "population": 267}, {"name": "Macedonia city, Iowa", "lat": 41.19226, "lng": -95.42654, "population": 267}, {"name": "Corwith city, Iowa", "lat": 42.98888, "lng": -93.95816, "population": 266}, {"name": "Auburn city, Iowa", "lat": 42.24955, "lng": -94.87773, "population": 265}, {"name": "Maurice city, Iowa", "lat": 42.96614, "lng": -96.18203, "population": 265}, {"name": "Pulaski city, Iowa", "lat": 40.69436, "lng": -92.27417, "population": 264}, {"name": "Steamboat Rock city, Iowa", "lat": 42.40806, "lng": -93.06617, "population": 264}, {"name": "Delta city, Iowa", "lat": 41.32277, "lng": -92.33057, "population": 264}, {"name": "Harcourt city, Iowa", "lat": 42.26056, "lng": -94.17449, "population": 264}, {"name": "Harpers Ferry city, Iowa", "lat": 43.20041, "lng": -91.15171, "population": 262}, {"name": "Lu Verne city, Iowa", "lat": 42.90946, "lng": -94.08359, "population": 258}, {"name": "Kensett city, Iowa", "lat": 43.35338, "lng": -93.2108, "population": 257}, {"name": "Mallard city, Iowa", "lat": 42.93939, "lng": -94.68339, "population": 257}, {"name": "Hornick city, Iowa", "lat": 42.23092, "lng": -96.0966, "population": 255}, {"name": "Crystal Lake city, Iowa", "lat": 43.22302, "lng": -93.79271, "population": 253}, {"name": "Conroy CDP, Iowa", "lat": 41.72661, "lng": -91.99853, "population": 252}, {"name": "Cumberland city, Iowa", "lat": 41.27318, "lng": -94.8705, "population": 251}, {"name": "Deloit city, Iowa", "lat": 42.09719, "lng": -95.31734, "population": 250}, {"name": "Low Moor city, Iowa", "lat": 41.80294, "lng": -90.35499, "population": 250}, {"name": "Pisgah city, Iowa", "lat": 41.83053, "lng": -95.92622, "population": 249}, {"name": "Quimby city, Iowa", "lat": 42.62908, "lng": -95.64414, "population": 249}, {"name": "Deep River city, Iowa", "lat": 41.58164, "lng": -92.37293, "population": 249}, {"name": "Leland city, Iowa", "lat": 43.33403, "lng": -93.63182, "population": 249}, {"name": "Martelle city, Iowa", "lat": 42.02043, "lng": -91.35782, "population": 249}, {"name": "Riverton city, Iowa", "lat": 40.68687, "lng": -95.56861, "population": 245}, {"name": "Silver City city, Iowa", "lat": 41.11147, "lng": -95.63785, "population": 245}, {"name": "Defiance city, Iowa", "lat": 41.82531, "lng": -95.34024, "population": 245}, {"name": "Luxemburg city, Iowa", "lat": 42.60404, "lng": -91.07258, "population": 245}, {"name": "Lockridge city, Iowa", "lat": 40.99359, "lng": -91.75066, "population": 244}, {"name": "Halbur city, Iowa", "lat": 42.00506, "lng": -94.97239, "population": 243}, {"name": "Kellerton city, Iowa", "lat": 40.71041, "lng": -94.04993, "population": 243}, {"name": "Keswick city, Iowa", "lat": 41.45455, "lng": -92.23832, "population": 242}, {"name": "Cleghorn city, Iowa", "lat": 42.81252, "lng": -95.71273, "population": 240}, {"name": "Goose Lake city, Iowa", "lat": 41.96764, "lng": -90.38183, "population": 239}, {"name": "La Motte city, Iowa", "lat": 42.29564, "lng": -90.62329, "population": 237}, {"name": "New Providence city, Iowa", "lat": 42.28133, "lng": -93.17162, "population": 236}, {"name": "Harvey city, Iowa", "lat": 41.31795, "lng": -92.92271, "population": 236}, {"name": "Panama city, Iowa", "lat": 41.72621, "lng": -95.47538, "population": 235}, {"name": "Renwick city, Iowa", "lat": 42.82693, "lng": -93.98134, "population": 234}, {"name": "Bagley city, Iowa", "lat": 41.84644, "lng": -94.43032, "population": 233}, {"name": "Blencoe city, Iowa", "lat": 41.93032, "lng": -96.08206, "population": 233}, {"name": "Cushing city, Iowa", "lat": 42.46507, "lng": -95.67573, "population": 230}, {"name": "Fostoria city, Iowa", "lat": 43.24296, "lng": -95.15494, "population": 230}, {"name": "Marathon city, Iowa", "lat": 42.86019, "lng": -94.98287, "population": 230}, {"name": "Waucoma city, Iowa", "lat": 43.05563, "lng": -92.03446, "population": 229}, {"name": "Chelsea city, Iowa", "lat": 41.92046, "lng": -92.39445, "population": 229}, {"name": "Ladora city, Iowa", "lat": 41.75574, "lng": -92.18592, "population": 229}, {"name": "Alta Vista city, Iowa", "lat": 43.19668, "lng": -92.41694, "population": 227}, {"name": "Ionia city, Iowa", "lat": 43.03588, "lng": -92.4584, "population": 226}, {"name": "Cantril city, Iowa", "lat": 40.6429, "lng": -92.06837, "population": 224}, {"name": "Dedham city, Iowa", "lat": 41.90842, "lng": -94.82332, "population": 224}, {"name": "Arthur city, Iowa", "lat": 42.33535, "lng": -95.34691, "population": 222}, {"name": "Fredonia city, Iowa", "lat": 41.28431, "lng": -91.33917, "population": 222}, {"name": "Meservey city, Iowa", "lat": 42.91565, "lng": -93.47328, "population": 222}, {"name": "Paton city, Iowa", "lat": 42.16439, "lng": -94.25503, "population": 221}, {"name": "Rippey city, Iowa", "lat": 41.93389, "lng": -94.20072, "population": 220}, {"name": "Laurel city, Iowa", "lat": 41.884, "lng": -92.92231, "population": 220}, {"name": "Coulter city, Iowa", "lat": 42.73304, "lng": -93.37006, "population": 219}, {"name": "Greeley city, Iowa", "lat": 42.5849, "lng": -91.34173, "population": 217}, {"name": "Grafton city, Iowa", "lat": 43.33068, "lng": -93.06871, "population": 216}, {"name": "Clutier city, Iowa", "lat": 42.07933, "lng": -92.40356, "population": 213}, {"name": "Rembrandt city, Iowa", "lat": 42.82572, "lng": -95.16561, "population": 209}, {"name": "Wadena city, Iowa", "lat": 42.83968, "lng": -91.6594, "population": 209}, {"name": "Washta city, Iowa", "lat": 42.57558, "lng": -95.72012, "population": 209}, {"name": "Joice city, Iowa", "lat": 43.36415, "lng": -93.45731, "population": 208}, {"name": "Alvord city, Iowa", "lat": 43.34175, "lng": -96.30367, "population": 206}, {"name": "Hanlontown city, Iowa", "lat": 43.28093, "lng": -93.37891, "population": 206}, {"name": "Fairport CDP, Iowa", "lat": 41.43968, "lng": -90.92408, "population": 204}, {"name": "Frederika city, Iowa", "lat": 42.88339, "lng": -92.30602, "population": 204}, {"name": "Volga city, Iowa", "lat": 42.80294, "lng": -91.5423, "population": 203}, {"name": "Montour city, Iowa", "lat": 41.98031, "lng": -92.71506, "population": 203}, {"name": "Rickardsville city, Iowa", "lat": 42.58154, "lng": -90.87621, "population": 202}, {"name": "South English city, Iowa", "lat": 41.45215, "lng": -92.09033, "population": 202}, {"name": "Dixon city, Iowa", "lat": 41.74212, "lng": -90.78237, "population": 202}, {"name": "Ollie city, Iowa", "lat": 41.19919, "lng": -92.09234, "population": 201}, {"name": "Onslow city, Iowa", "lat": 42.10685, "lng": -91.01506, "population": 201}, {"name": "Oakville city, Iowa", "lat": 41.09799, "lng": -91.04379, "population": 200}, {"name": "Hancock city, Iowa", "lat": 41.39461, "lng": -95.35969, "population": 200}, {"name": "Linden city, Iowa", "lat": 41.64274, "lng": -94.27002, "population": 200}, {"name": "Melvin city, Iowa", "lat": 43.28646, "lng": -95.60863, "population": 199}, {"name": "Moorhead city, Iowa", "lat": 41.92327, "lng": -95.85142, "population": 199}, {"name": "Dundee city, Iowa", "lat": 42.57928, "lng": -91.54646, "population": 198}, {"name": "Grand River city, Iowa", "lat": 40.81901, "lng": -93.96306, "population": 196}, {"name": "Jamaica city, Iowa", "lat": 41.84536, "lng": -94.30696, "population": 195}, {"name": "Lineville city, Iowa", "lat": 40.58703, "lng": -93.52319, "population": 195}, {"name": "Parnell city, Iowa", "lat": 41.5837, "lng": -92.00442, "population": 194}, {"name": "Frytown CDP, Iowa", "lat": 41.57195, "lng": -91.73213, "population": 193}, {"name": "Olds city, Iowa", "lat": 41.13429, "lng": -91.54403, "population": 192}, {"name": "Westgate city, Iowa", "lat": 42.76833, "lng": -91.99567, "population": 192}, {"name": "Prescott city, Iowa", "lat": 41.02359, "lng": -94.61282, "population": 191}, {"name": "Stout city, Iowa", "lat": 42.52696, "lng": -92.71153, "population": 191}, {"name": "Magnolia city, Iowa", "lat": 41.69205, "lng": -95.87395, "population": 190}, {"name": "Randolph city, Iowa", "lat": 40.87313, "lng": -95.56473, "population": 189}, {"name": "Sherrill city, Iowa", "lat": 42.60457, "lng": -90.78417, "population": 189}, {"name": "Woden city, Iowa", "lat": 43.23076, "lng": -93.9114, "population": 188}, {"name": "Sun Valley Lake CDP, Iowa", "lat": 40.84918, "lng": -94.06749, "population": 187}, {"name": "Oak Hills CDP, Iowa", "lat": 40.75551, "lng": -91.14971, "population": 186}, {"name": "Rake city, Iowa", "lat": 43.48058, "lng": -93.91965, "population": 186}, {"name": "Stone City CDP, Iowa", "lat": 42.10543, "lng": -91.3502, "population": 186}, {"name": "Montpelier CDP, Iowa", "lat": 41.46143, "lng": -90.8114, "population": 186}, {"name": "Soldier city, Iowa", "lat": 41.98431, "lng": -95.78044, "population": 184}, {"name": "Elberon city, Iowa", "lat": 42.00553, "lng": -92.31611, "population": 184}, {"name": "Packwood city, Iowa", "lat": 41.13271, "lng": -92.08252, "population": 183}, {"name": "Portsmouth city, Iowa", "lat": 41.6503, "lng": -95.51949, "population": 182}, {"name": "Smithland city, Iowa", "lat": 42.2289, "lng": -95.93158, "population": 181}, {"name": "Thor city, Iowa", "lat": 42.6881, "lng": -94.0496, "population": 181}, {"name": "Boxholm city, Iowa", "lat": 42.17363, "lng": -94.10608, "population": 181}, {"name": "Davis City city, Iowa", "lat": 40.64001, "lng": -93.81259, "population": 179}, {"name": "Kamrar city, Iowa", "lat": 42.38965, "lng": -93.72786, "population": 179}, {"name": "Van Wert city, Iowa", "lat": 40.87074, "lng": -93.79218, "population": 178}, {"name": "Oakland Acres city, Iowa", "lat": 41.72086, "lng": -92.81987, "population": 176}, {"name": "Patterson city, Iowa", "lat": 41.34843, "lng": -93.87759, "population": 176}, {"name": "Stockton city, Iowa", "lat": 41.59083, "lng": -90.85643, "population": 176}, {"name": "Blairsburg city, Iowa", "lat": 42.47837, "lng": -93.6428, "population": 176}, {"name": "Coin city, Iowa", "lat": 40.65583, "lng": -95.23488, "population": 176}, {"name": "Barnum city, Iowa", "lat": 42.50618, "lng": -94.36568, "population": 175}, {"name": "Decatur City city, Iowa", "lat": 40.74266, "lng": -93.8328, "population": 175}, {"name": "Garden Grove city, Iowa", "lat": 40.82672, "lng": -93.60688, "population": 174}, {"name": "Lambs Grove city, Iowa", "lat": 41.70076, "lng": -93.07933, "population": 174}, {"name": "College Springs city, Iowa", "lat": 40.62135, "lng": -95.12099, "population": 172}, {"name": "Lucas city, Iowa", "lat": 41.03241, "lng": -93.4616, "population": 172}, {"name": "Burr Oak CDP, Iowa", "lat": 43.45798, "lng": -91.86193, "population": 171}, {"name": "Aurora city, Iowa", "lat": 42.61944, "lng": -91.72949, "population": 169}, {"name": "Moorland city, Iowa", "lat": 42.44153, "lng": -94.29539, "population": 168}, {"name": "St. Lucas city, Iowa", "lat": 43.06647, "lng": -91.93406, "population": 167}, {"name": "Thurman city, Iowa", "lat": 40.82012, "lng": -95.74881, "population": 167}, {"name": "Lidderdale city, Iowa", "lat": 42.12242, "lng": -94.78364, "population": 166}, {"name": "Little Sioux city, Iowa", "lat": 41.80818, "lng": -96.02703, "population": 166}, {"name": "South Amana CDP, Iowa", "lat": 41.77036, "lng": -91.95991, "population": 165}, {"name": "Wallingford city, Iowa", "lat": 43.32028, "lng": -94.79218, "population": 165}, {"name": "Haverhill city, Iowa", "lat": 41.94414, "lng": -92.96072, "population": 165}, {"name": "Alexander city, Iowa", "lat": 42.80442, "lng": -93.47865, "population": 164}, {"name": "Drakesville city, Iowa", "lat": 40.79856, "lng": -92.48131, "population": 164}, {"name": "Pilot Mound city, Iowa", "lat": 42.15925, "lng": -94.01831, "population": 163}, {"name": "Hillsboro city, Iowa", "lat": 40.83716, "lng": -91.71132, "population": 163}, {"name": "Linn Grove city, Iowa", "lat": 42.89389, "lng": -95.24365, "population": 163}, {"name": "Mount Auburn city, Iowa", "lat": 42.25728, "lng": -92.09386, "population": 162}, {"name": "Beaman city, Iowa", "lat": 42.22011, "lng": -92.82157, "population": 161}, {"name": "Meriden city, Iowa", "lat": 42.79454, "lng": -95.63414, "population": 161}, {"name": "Prairieburg city, Iowa", "lat": 42.23753, "lng": -91.42573, "population": 160}, {"name": "Exline city, Iowa", "lat": 40.64909, "lng": -92.84324, "population": 160}, {"name": "Shambaugh city, Iowa", "lat": 40.65746, "lng": -95.03526, "population": 159}, {"name": "Leighton city, Iowa", "lat": 41.33885, "lng": -92.78636, "population": 158}, {"name": "Rose Hill city, Iowa", "lat": 41.32039, "lng": -92.46359, "population": 157}, {"name": "Kirkville city, Iowa", "lat": 41.14229, "lng": -92.50356, "population": 157}, {"name": "Barnes City city, Iowa", "lat": 41.50702, "lng": -92.46953, "population": 156}, {"name": "Douds CDP, Iowa", "lat": 40.84463, "lng": -92.07324, "population": 156}, {"name": "Maysville city, Iowa", "lat": 41.64955, "lng": -90.71849, "population": 156}, {"name": "Randall city, Iowa", "lat": 42.23703, "lng": -93.60258, "population": 154}, {"name": "Gravity city, Iowa", "lat": 40.76353, "lng": -94.74442, "population": 154}, {"name": "Mineola CDP, Iowa", "lat": 41.14145, "lng": -95.69477, "population": 154}, {"name": "Reasnor city, Iowa", "lat": 41.57885, "lng": -93.0229, "population": 152}, {"name": "Hastings city, Iowa", "lat": 41.02515, "lng": -95.49474, "population": 152}, {"name": "Luther city, Iowa", "lat": 41.9669, "lng": -93.81764, "population": 152}, {"name": "Harris city, Iowa", "lat": 43.4451, "lng": -95.4372, "population": 151}, {"name": "Rock Falls city, Iowa", "lat": 43.20715, "lng": -93.08679, "population": 150}, {"name": "Bridgewater city, Iowa", "lat": 41.24711, "lng": -94.66895, "population": 148}, {"name": "Braddyville city, Iowa", "lat": 40.5806, "lng": -95.03124, "population": 147}, {"name": "Calumet city, Iowa", "lat": 42.94502, "lng": -95.55143, "population": 146}, {"name": "Woodburn city, Iowa", "lat": 41.01085, "lng": -93.59632, "population": 146}, {"name": "Dickens city, Iowa", "lat": 43.13381, "lng": -95.02224, "population": 146}, {"name": "Lone Rock city, Iowa", "lat": 43.22085, "lng": -94.32529, "population": 146}, {"name": "McClelland city, Iowa", "lat": 41.33162, "lng": -95.6814, "population": 146}, {"name": "Bristow city, Iowa", "lat": 42.77377, "lng": -92.90795, "population": 145}, {"name": "Castalia city, Iowa", "lat": 43.11257, "lng": -91.67694, "population": 145}, {"name": "Swaledale city, Iowa", "lat": 42.97645, "lng": -93.3155, "population": 144}, {"name": "West Chester city, Iowa", "lat": 41.34004, "lng": -91.81695, "population": 144}, {"name": "Woolstock city, Iowa", "lat": 42.56478, "lng": -93.84313, "population": 144}, {"name": "Henderson city, Iowa", "lat": 41.13991, "lng": -95.43029, "population": 144}, {"name": "Springbrook city, Iowa", "lat": 42.16574, "lng": -90.47917, "population": 143}, {"name": "Brayton city, Iowa", "lat": 41.54466, "lng": -94.93026, "population": 143}, {"name": "Rochester CDP, Iowa", "lat": 41.67415, "lng": -91.14431, "population": 142}, {"name": "Delaware city, Iowa", "lat": 42.47211, "lng": -91.33827, "population": 142}, {"name": "Houghton city, Iowa", "lat": 40.78367, "lng": -91.61002, "population": 141}, {"name": "West Amana CDP, Iowa", "lat": 41.80846, "lng": -91.96554, "population": 140}, {"name": "Clemons city, Iowa", "lat": 42.11391, "lng": -93.15868, "population": 140}, {"name": "Goodell city, Iowa", "lat": 42.92383, "lng": -93.6141, "population": 140}, {"name": "Panorama Park city, Iowa", "lat": 41.5557, "lng": -90.45377, "population": 139}, {"name": "Chester city, Iowa", "lat": 43.49158, "lng": -92.36396, "population": 139}, {"name": "New Liberty city, Iowa", "lat": 41.71596, "lng": -90.87798, "population": 138}, {"name": "Palmer city, Iowa", "lat": 42.6301, "lng": -94.59852, "population": 138}, {"name": "Webb city, Iowa", "lat": 42.94976, "lng": -95.01292, "population": 138}, {"name": "Tingley city, Iowa", "lat": 40.85284, "lng": -94.19575, "population": 136}, {"name": "Weldon city, Iowa", "lat": 40.89731, "lng": -93.73502, "population": 136}, {"name": "Clare city, Iowa", "lat": 42.58744, "lng": -94.34441, "population": 136}, {"name": "Geneva city, Iowa", "lat": 42.67485, "lng": -93.12983, "population": 136}, {"name": "Homestead CDP, Iowa", "lat": 41.7612, "lng": -91.87114, "population": 135}, {"name": "Millersburg city, Iowa", "lat": 41.57335, "lng": -92.15936, "population": 135}, {"name": "Ayrshire city, Iowa", "lat": 43.03961, "lng": -94.83397, "population": 133}, {"name": "Superior city, Iowa", "lat": 43.43365, "lng": -94.94663, "population": 132}, {"name": "Franklin city, Iowa", "lat": 40.6668, "lng": -91.51182, "population": 131}, {"name": "Vincent city, Iowa", "lat": 42.59183, "lng": -94.01888, "population": 130}, {"name": "Havelock city, Iowa", "lat": 42.83302, "lng": -94.70103, "population": 130}, {"name": "Searsboro city, Iowa", "lat": 41.57912, "lng": -92.70412, "population": 129}, {"name": "Brunsville city, Iowa", "lat": 42.81098, "lng": -96.26636, "population": 129}, {"name": "Monmouth city, Iowa", "lat": 42.0751, "lng": -90.88223, "population": 129}, {"name": "Somers city, Iowa", "lat": 42.37875, "lng": -94.43099, "population": 128}, {"name": "Bouton city, Iowa", "lat": 41.85115, "lng": -94.01056, "population": 127}, {"name": "Westphalia city, Iowa", "lat": 41.71925, "lng": -95.39366, "population": 126}, {"name": "Blockton city, Iowa", "lat": 40.61688, "lng": -94.47784, "population": 125}, {"name": "Sperry CDP, Iowa", "lat": 40.96196, "lng": -91.16412, "population": 124}, {"name": "Mitchell city, Iowa", "lat": 43.32019, "lng": -92.87107, "population": 124}, {"name": "Rowan city, Iowa", "lat": 42.73994, "lng": -93.55029, "population": 123}, {"name": "Westfield city, Iowa", "lat": 42.75621, "lng": -96.60553, "population": 123}, {"name": "Larrabee city, Iowa", "lat": 42.8615, "lng": -95.54474, "population": 123}, {"name": "Welton city, Iowa", "lat": 41.90795, "lng": -90.59685, "population": 121}, {"name": "Leando CDP, Iowa", "lat": 40.8212, "lng": -92.07452, "population": 121}, {"name": "Ledyard city, Iowa", "lat": 43.41922, "lng": -94.15927, "population": 121}, {"name": "Lincoln city, Iowa", "lat": 42.26272, "lng": -92.69233, "population": 121}, {"name": "Mount Union CDP, Iowa", "lat": 41.0577, "lng": -91.3914, "population": 120}, {"name": "St. Donatus city, Iowa", "lat": 42.36244, "lng": -90.54221, "population": 120}, {"name": "Williamson city, Iowa", "lat": 41.08823, "lng": -93.25696, "population": 120}, {"name": "Hamilton city, Iowa", "lat": 41.17049, "lng": -92.90409, "population": 119}, {"name": "Lanesboro city, Iowa", "lat": 42.18254, "lng": -94.68977, "population": 119}, {"name": "Harper city, Iowa", "lat": 41.36372, "lng": -92.05089, "population": 118}, {"name": "Archer city, Iowa", "lat": 43.11502, "lng": -95.74422, "population": 117}, {"name": "Watkins CDP, Iowa", "lat": 41.8931, "lng": -91.98499, "population": 116}, {"name": "Centralia city, Iowa", "lat": 42.4723, "lng": -90.83621, "population": 116}, {"name": "Dawson city, Iowa", "lat": 41.84309, "lng": -94.22032, "population": 116}, {"name": "Floris city, Iowa", "lat": 40.8645, "lng": -92.33265, "population": 116}, {"name": "Ackworth city, Iowa", "lat": 41.36423, "lng": -93.4723, "population": 115}, {"name": "East Peru city, Iowa", "lat": 41.22703, "lng": -93.92951, "population": 115}, {"name": "Rome city, Iowa", "lat": 40.98218, "lng": -91.6812, "population": 114}, {"name": "Bernard city, Iowa", "lat": 42.31327, "lng": -90.83176, "population": 114}, {"name": "Rutland city, Iowa", "lat": 42.7614, "lng": -94.29517, "population": 113}, {"name": "Green Mountain CDP, Iowa", "lat": 42.10192, "lng": -92.81963, "population": 113}, {"name": "High Amana CDP, Iowa", "lat": 41.80113, "lng": -91.94187, "population": 113}, {"name": "McIntire city, Iowa", "lat": 43.43595, "lng": -92.59363, "population": 113}, {"name": "North Washington city, Iowa", "lat": 43.11713, "lng": -92.41511, "population": 112}, {"name": "Downey CDP, Iowa", "lat": 41.61192, "lng": -91.34725, "population": 112}, {"name": "Luzerne city, Iowa", "lat": 41.90543, "lng": -92.18037, "population": 112}, {"name": "Keomah Village city, Iowa", "lat": 41.28858, "lng": -92.53687, "population": 110}, {"name": "Marne city, Iowa", "lat": 41.44886, "lng": -95.1109, "population": 110}, {"name": "Martinsburg city, Iowa", "lat": 41.17877, "lng": -92.25189, "population": 110}, {"name": "Melrose city, Iowa", "lat": 40.9791, "lng": -93.05083, "population": 110}, {"name": "North Buena Vista city, Iowa", "lat": 42.67271, "lng": -90.96126, "population": 109}, {"name": "Ricketts city, Iowa", "lat": 42.12796, "lng": -95.57486, "population": 109}, {"name": "St. Paul city, Iowa", "lat": 40.76785, "lng": -91.51642, "population": 109}, {"name": "Andover city, Iowa", "lat": 41.98006, "lng": -90.25284, "population": 109}, {"name": "Waterville city, Iowa", "lat": 43.20768, "lng": -91.29659, "population": 109}, {"name": "St. Marys city, Iowa", "lat": 41.30769, "lng": -93.73385, "population": 108}, {"name": "Castana city, Iowa", "lat": 42.07336, "lng": -95.91039, "population": 107}, {"name": "St. Olaf city, Iowa", "lat": 42.92681, "lng": -91.3877, "population": 106}, {"name": "Cromwell city, Iowa", "lat": 41.04049, "lng": -94.46178, "population": 105}, {"name": "Toronto city, Iowa", "lat": 41.90312, "lng": -90.86281, "population": 102}, {"name": "Westwood city, Iowa", "lat": 40.96496, "lng": -91.62677, "population": 101}, {"name": "Wever CDP, Iowa", "lat": 40.70566, "lng": -91.2281, "population": 101}, {"name": "Fraser city, Iowa", "lat": 42.12717, "lng": -93.97421, "population": 101}, {"name": "Center Junction CDP, Iowa", "lat": 42.11413, "lng": -91.09034, "population": 100}, {"name": "Whitten city, Iowa", "lat": 42.26445, "lng": -93.01063, "population": 100}, {"name": "Garden City CDP, Iowa", "lat": 42.24552, "lng": -93.39538, "population": 100}, {"name": "Swedesburg CDP, Iowa", "lat": 41.106, "lng": -91.55323, "population": 99}, {"name": "Baldwin city, Iowa", "lat": 42.07313, "lng": -90.83858, "population": 99}, {"name": "Masonville city, Iowa", "lat": 42.47981, "lng": -91.59151, "population": 99}, {"name": "Morrison city, Iowa", "lat": 42.34297, "lng": -92.6733, "population": 98}, {"name": "Arion city, Iowa", "lat": 41.94776, "lng": -95.46235, "population": 97}, {"name": "Climbing Hill CDP, Iowa", "lat": 42.33937, "lng": -96.08109, "population": 97}, {"name": "Ferguson city, Iowa", "lat": 41.93859, "lng": -92.86291, "population": 97}, {"name": "Macksburg city, Iowa", "lat": 41.2147, "lng": -94.18507, "population": 97}, {"name": "Pacific Junction city, Iowa", "lat": 41.01797, "lng": -95.79945, "population": 96}, {"name": "Arispe city, Iowa", "lat": 40.94897, "lng": -94.219, "population": 96}, {"name": "Morley city, Iowa", "lat": 42.00614, "lng": -91.24588, "population": 96}, {"name": "Sageville city, Iowa", "lat": 42.54959, "lng": -90.70646, "population": 95}, {"name": "Webster city, Iowa", "lat": 41.43846, "lng": -92.17172, "population": 94}, {"name": "Bentley CDP, Iowa", "lat": 41.37555, "lng": -95.6225, "population": 93}, {"name": "Oyens city, Iowa", "lat": 42.81982, "lng": -96.05804, "population": 92}, {"name": "Spragueville city, Iowa", "lat": 42.07153, "lng": -90.43274, "population": 92}, {"name": "Hartwick city, Iowa", "lat": 41.78561, "lng": -92.34519, "population": 92}, {"name": "Argyle CDP, Iowa", "lat": 40.53585, "lng": -91.5677, "population": 91}, {"name": "Wiota city, Iowa", "lat": 41.40078, "lng": -94.88733, "population": 91}, {"name": "Derby city, Iowa", "lat": 40.9303, "lng": -93.45652, "population": 90}, {"name": "Promise City city, Iowa", "lat": 40.74765, "lng": -93.14835, "population": 88}, {"name": "Carpenter city, Iowa", "lat": 43.41512, "lng": -93.01724, "population": 87}, {"name": "Cylinder city, Iowa", "lat": 43.09025, "lng": -94.55123, "population": 87}, {"name": "Buckeye city, Iowa", "lat": 42.41953, "lng": -93.37583, "population": 86}, {"name": "Grant city, Iowa", "lat": 41.14327, "lng": -94.98417, "population": 86}, {"name": "Pleasant Plain city, Iowa", "lat": 41.14718, "lng": -91.85962, "population": 84}, {"name": "Bradford CDP, Iowa", "lat": 42.63672, "lng": -93.25239, "population": 84}, {"name": "Zwingle city, Iowa", "lat": 42.2972, "lng": -90.68745, "population": 84}, {"name": "Hansell city, Iowa", "lat": 42.75775, "lng": -93.10412, "population": 82}, {"name": "Ralston city, Iowa", "lat": 42.04185, "lng": -94.62929, "population": 81}, {"name": "Stanley city, Iowa", "lat": 42.64196, "lng": -91.81189, "population": 81}, {"name": "Kingston CDP, Iowa", "lat": 40.97923, "lng": -91.04579, "population": 81}, {"name": "Kinross city, Iowa", "lat": 41.45906, "lng": -91.9873, "population": 80}, {"name": "Balltown city, Iowa", "lat": 42.63722, "lng": -90.86979, "population": 79}, {"name": "Craig city, Iowa", "lat": 42.89553, "lng": -96.30957, "population": 79}, {"name": "Tennant city, Iowa", "lat": 41.59413, "lng": -95.44497, "population": 78}, {"name": "Weston CDP, Iowa", "lat": 41.34226, "lng": -95.74482, "population": 78}, {"name": "New Haven CDP, Iowa", "lat": 43.28392, "lng": -92.64219, "population": 77}, {"name": "Popejoy city, Iowa", "lat": 42.59377, "lng": -93.42782, "population": 77}, {"name": "St. Anthony city, Iowa", "lat": 42.12355, "lng": -93.19751, "population": 76}, {"name": "Swan city, Iowa", "lat": 41.4676, "lng": -93.30955, "population": 76}, {"name": "Chillicothe city, Iowa", "lat": 41.08594, "lng": -92.52967, "population": 76}, {"name": "Garber city, Iowa", "lat": 42.74424, "lng": -91.26066, "population": 76}, {"name": "Graf city, Iowa", "lat": 42.49386, "lng": -90.87323, "population": 76}, {"name": "Unionville city, Iowa", "lat": 40.81814, "lng": -92.69589, "population": 75}, {"name": "Bradgate city, Iowa", "lat": 42.803, "lng": -94.42056, "population": 75}, {"name": "Chatsworth city, Iowa", "lat": 42.9163, "lng": -96.5145, "population": 75}, {"name": "Nodaway city, Iowa", "lat": 40.9361, "lng": -94.89737, "population": 74}, {"name": "Scarville city, Iowa", "lat": 43.47067, "lng": -93.61525, "population": 74}, {"name": "Trenton CDP, Iowa", "lat": 41.06597, "lng": -91.6395, "population": 74}, {"name": "California Junction CDP, Iowa", "lat": 41.56017, "lng": -95.99475, "population": 74}, {"name": "Matlock city, Iowa", "lat": 43.24431, "lng": -95.93438, "population": 74}, {"name": "Shannon City city, Iowa", "lat": 40.89875, "lng": -94.26365, "population": 73}, {"name": "Willey city, Iowa", "lat": 41.97878, "lng": -94.8224, "population": 73}, {"name": "Oto city, Iowa", "lat": 42.28217, "lng": -95.89455, "population": 72}, {"name": "Sharpsburg city, Iowa", "lat": 40.80449, "lng": -94.63815, "population": 72}, {"name": "Turin city, Iowa", "lat": 42.02088, "lng": -95.96616, "population": 72}, {"name": "Chapin CDP, Iowa", "lat": 42.83526, "lng": -93.22204, "population": 71}, {"name": "Greenville city, Iowa", "lat": 43.01698, "lng": -95.14612, "population": 71}, {"name": "Lowell CDP, Iowa", "lat": 40.83435, "lng": -91.4386, "population": 70}, {"name": "Truesdale city, Iowa", "lat": 42.72926, "lng": -95.18341, "population": 69}, {"name": "Numa city, Iowa", "lat": 40.6853, "lng": -92.98029, "population": 68}, {"name": "Orchard city, Iowa", "lat": 43.22753, "lng": -92.77589, "population": 68}, {"name": "Spring Hill city, Iowa", "lat": 41.41218, "lng": -93.65004, "population": 68}, {"name": "Varina city, Iowa", "lat": 42.65858, "lng": -94.89801, "population": 68}, {"name": "Struble city, Iowa", "lat": 42.89442, "lng": -96.19445, "population": 67}, {"name": "Clio city, Iowa", "lat": 40.63603, "lng": -93.45139, "population": 67}, {"name": "Nemaha city, Iowa", "lat": 42.51469, "lng": -95.08852, "population": 66}, {"name": "Dolliver city, Iowa", "lat": 43.46356, "lng": -94.61427, "population": 65}, {"name": "East Amana CDP, Iowa", "lat": 41.80855, "lng": -91.8527, "population": 64}, {"name": "Little Cedar CDP, Iowa", "lat": 43.38005, "lng": -92.72568, "population": 64}, {"name": "Redding city, Iowa", "lat": 40.60543, "lng": -94.38195, "population": 63}, {"name": "Gibson city, Iowa", "lat": 41.48025, "lng": -92.39216, "population": 63}, {"name": "Gruver city, Iowa", "lat": 43.39308, "lng": -94.70356, "population": 63}, {"name": "Guernsey city, Iowa", "lat": 41.65055, "lng": -92.34602, "population": 63}, {"name": "Aredale city, Iowa", "lat": 42.83324, "lng": -93.00544, "population": 62}, {"name": "Dougherty city, Iowa", "lat": 42.92202, "lng": -93.03613, "population": 62}, {"name": "Yarmouth CDP, Iowa", "lat": 41.02451, "lng": -91.32207, "population": 61}, {"name": "Gray city, Iowa", "lat": 41.84171, "lng": -94.98586, "population": 61}, {"name": "Yorktown city, Iowa", "lat": 40.73526, "lng": -95.15434, "population": 60}, {"name": "Plano city, Iowa", "lat": 40.75546, "lng": -93.04693, "population": 59}, {"name": "Sandyville city, Iowa", "lat": 41.37093, "lng": -93.3862, "population": 58}, {"name": "Bevington city, Iowa", "lat": 41.35995, "lng": -93.78424, "population": 57}, {"name": "Duncan CDP, Iowa", "lat": 43.10822, "lng": -93.70213, "population": 57}, {"name": "Hardy city, Iowa", "lat": 42.81017, "lng": -94.0512, "population": 57}, {"name": "Kirkman city, Iowa", "lat": 41.72867, "lng": -95.26706, "population": 56}, {"name": "Colwell city, Iowa", "lat": 43.15725, "lng": -92.59161, "population": 55}, {"name": "Vining city, Iowa", "lat": 41.99102, "lng": -92.38728, "population": 54}, {"name": "Percival CDP, Iowa", "lat": 40.75127, "lng": -95.81327, "population": 53}, {"name": "Toeterville CDP, Iowa", "lat": 43.44006, "lng": -92.88793, "population": 53}, {"name": "Knierim city, Iowa", "lat": 42.45634, "lng": -94.45587, "population": 53}, {"name": "Northboro city, Iowa", "lat": 40.60733, "lng": -95.29247, "population": 52}, {"name": "St. Joseph CDP, Iowa", "lat": 42.91229, "lng": -94.23091, "population": 51}, {"name": "Thayer city, Iowa", "lat": 41.02871, "lng": -94.04994, "population": 51}, {"name": "Augusta CDP, Iowa", "lat": 40.76176, "lng": -91.27723, "population": 51}, {"name": "Plover city, Iowa", "lat": 42.87665, "lng": -94.62232, "population": 50}, {"name": "Randalia city, Iowa", "lat": 42.86339, "lng": -91.88674, "population": 50}, {"name": "Miller CDP, Iowa", "lat": 43.18637, "lng": -93.60765, "population": 50}, {"name": "Rossie city, Iowa", "lat": 43.01366, "lng": -95.18861, "population": 49}, {"name": "Big Rock CDP, Iowa", "lat": 41.76908, "lng": -90.82653, "population": 49}, {"name": "Sexton CDP, Iowa", "lat": 43.07491, "lng": -94.08915, "population": 46}, {"name": "Beaver city, Iowa", "lat": 42.03826, "lng": -94.13998, "population": 46}, {"name": "Rodney city, Iowa", "lat": 42.20448, "lng": -95.95073, "population": 45}, {"name": "Thornburg city, Iowa", "lat": 41.45575, "lng": -92.33227, "population": 45}, {"name": "Bassett city, Iowa", "lat": 43.06159, "lng": -92.51526, "population": 45}, {"name": "Clayton city, Iowa", "lat": 42.90227, "lng": -91.1493, "population": 45}, {"name": "Argo CDP, Iowa", "lat": 41.62577, "lng": -90.43409, "population": 44}, {"name": "Marysville city, Iowa", "lat": 41.18083, "lng": -92.95378, "population": 44}, {"name": "Osterdock city, Iowa", "lat": 42.73125, "lng": -91.15866, "population": 43}, {"name": "Rathbun city, Iowa", "lat": 40.80184, "lng": -92.88786, "population": 43}, {"name": "River Sioux CDP, Iowa", "lat": 41.80244, "lng": -96.04799, "population": 42}, {"name": "Hayesville city, Iowa", "lat": 41.2648, "lng": -92.24779, "population": 41}, {"name": "Hayfield CDP, Iowa", "lat": 43.17856, "lng": -93.69483, "population": 41}, {"name": "Ottosen city, Iowa", "lat": 42.89775, "lng": -94.376, "population": 40}, {"name": "Roseville CDP, Iowa", "lat": 43.02535, "lng": -92.80817, "population": 39}, {"name": "Benton city, Iowa", "lat": 40.70427, "lng": -94.35987, "population": 39}, {"name": "Valeria city, Iowa", "lat": 41.72979, "lng": -93.32553, "population": 39}, {"name": "Cotter city, Iowa", "lat": 41.29249, "lng": -91.46203, "population": 39}, {"name": "Imogene city, Iowa", "lat": 40.87767, "lng": -95.42921, "population": 39}, {"name": "Rinard city, Iowa", "lat": 42.33964, "lng": -94.48491, "population": 38}, {"name": "Dana city, Iowa", "lat": 42.10724, "lng": -94.23835, "population": 38}, {"name": "Anderson CDP, Iowa", "lat": 40.79831, "lng": -95.60849, "population": 37}, {"name": "Curlew city, Iowa", "lat": 42.9797, "lng": -94.7378, "population": 37}, {"name": "Jackson Junction city, Iowa", "lat": 43.10133, "lng": -92.04622, "population": 37}, {"name": "Kent CDP, Iowa", "lat": 40.95363, "lng": -94.46113, "population": 37}, {"name": "Carbon city, Iowa", "lat": 41.04975, "lng": -94.82457, "population": 36}, {"name": "Coppock city, Iowa", "lat": 41.16425, "lng": -91.71483, "population": 36}, {"name": "Irvington CDP, Iowa", "lat": 43.01288, "lng": -94.19572, "population": 36}, {"name": "Loveland CDP, Iowa", "lat": 41.49702, "lng": -95.89023, "population": 36}, {"name": "Millerton city, Iowa", "lat": 40.84994, "lng": -93.30661, "population": 36}, {"name": "Mona CDP, Iowa", "lat": 43.48598, "lng": -92.95344, "population": 35}, {"name": "Owasa city, Iowa", "lat": 42.43185, "lng": -93.20466, "population": 34}, {"name": "Buck Grove city, Iowa", "lat": 41.9177, "lng": -95.39519, "population": 34}, {"name": "Mount Sterling CDP, Iowa", "lat": 40.61848, "lng": -91.93538, "population": 33}, {"name": "Aspinwall city, Iowa", "lat": 41.91052, "lng": -95.13497, "population": 33}, {"name": "Burchinal CDP, Iowa", "lat": 43.0648, "lng": -93.27852, "population": 33}, {"name": "Pleasanton city, Iowa", "lat": 40.58244, "lng": -93.74293, "population": 32}, {"name": "Bolan CDP, Iowa", "lat": 43.37348, "lng": -93.1085, "population": 32}, {"name": "Rodman city, Iowa", "lat": 43.02658, "lng": -94.52737, "population": 31}, {"name": "St. Benedict CDP, Iowa", "lat": 43.04401, "lng": -94.06095, "population": 31}, {"name": "Corley CDP, Iowa", "lat": 41.57772, "lng": -95.33056, "population": 31}, {"name": "Gillett Grove city, Iowa", "lat": 43.01633, "lng": -95.03676, "population": 30}, {"name": "Blanchard city, Iowa", "lat": 40.58031, "lng": -95.22124, "population": 29}, {"name": "Elkport city, Iowa", "lat": 42.74182, "lng": -91.27477, "population": 29}, {"name": "Jacksonville CDP, Iowa", "lat": 41.64507, "lng": -95.15169, "population": 29}, {"name": "Portland CDP, Iowa", "lat": 43.12262, "lng": -93.13748, "population": 28}, {"name": "Udell city, Iowa", "lat": 40.78005, "lng": -92.7432, "population": 28}, {"name": "Jolley city, Iowa", "lat": 42.47938, "lng": -94.71908, "population": 28}, {"name": "Otranto CDP, Iowa", "lat": 43.46086, "lng": -92.98629, "population": 27}, {"name": "Coburg city, Iowa", "lat": 40.91864, "lng": -95.26549, "population": 26}, {"name": "Delphos CDP, Iowa", "lat": 40.66318, "lng": -94.33957, "population": 26}, {"name": "Galt city, Iowa", "lat": 42.69354, "lng": -93.60462, "population": 26}, {"name": "Hepburn city, Iowa", "lat": 40.84759, "lng": -95.01665, "population": 26}, {"name": "Bankston city, Iowa", "lat": 42.50758, "lng": -90.9613, "population": 23}, {"name": "Berkley city, Iowa", "lat": 41.94649, "lng": -94.11362, "population": 23}, {"name": "Hutchins CDP, Iowa", "lat": 43.08778, "lng": -93.88657, "population": 22}, {"name": "Maloy city, Iowa", "lat": 40.67065, "lng": -94.40964, "population": 22}, {"name": "Durango city, Iowa", "lat": 42.56196, "lng": -90.77533, "population": 20}, {"name": "Plainview CDP, Iowa", "lat": 41.66718, "lng": -90.7801, "population": 19}, {"name": "Yetter city, Iowa", "lat": 42.31611, "lng": -94.8432, "population": 19}, {"name": "Ellston city, Iowa", "lat": 40.84007, "lng": -94.10837, "population": 19}, {"name": "Conway city, Iowa", "lat": 40.74905, "lng": -94.61935, "population": 17}, {"name": "Beaconsfield city, Iowa", "lat": 40.80722, "lng": -94.05083, "population": 15}, {"name": "Meyer CDP, Iowa", "lat": 43.46181, "lng": -92.70106, "population": 14}, {"name": "Le Roy city, Iowa", "lat": 40.87791, "lng": -93.59262, "population": 11}, {"name": "Athelstan CDP, Iowa", "lat": 40.5727, "lng": -94.54263, "population": 6}, {"name": "Bartlett CDP, Iowa", "lat": 40.88534, "lng": -95.79467, "population": 5}, {"name": "Pioneer city, Iowa", "lat": 42.6535, "lng": -94.39094, "population": 4}]