[{"name": "Baltimore city, Maryland", "lat": 39.30003, "lng": -76.61048, "population": 585708}, {"name": "Columbia CDP, Maryland", "lat": 39.20115, "lng": -76.85905, "population": 104681}, {"name": "Germantown CDP, Maryland", "lat": 39.17425, "lng": -77.26375, "population": 91249}, {"name": "Waldorf CDP, Maryland", "lat": 38.60917, "lng": -76.91978, "population": 81410}, {"name": "Silver Spring CDP, Maryland", "lat": 39.00244, "lng": -77.02079, "population": 81015}, {"name": "Frederick city, Maryland", "lat": 39.43409, "lng": -77.41454, "population": 78171}, {"name": "Ellicott City CDP, Maryland", "lat": 39.27669, "lng": -76.83395, "population": 75947}, {"name": "Glen Burnie CDP, Maryland", "lat": 39.15627, "lng": -76.607, "population": 72891}, {"name": "Gaithersburg city, Maryland", "lat": 39.1486, "lng": -77.19513, "population": 69657}, {"name": "Bethesda CDP, Maryland", "lat": 38.98729, "lng": -77.11861, "population": 68056}, {"name": "Dundalk CDP, Maryland", "lat": 39.26682, "lng": -76.49653, "population": 67796}, {"name": "Rockville city, Maryland", "lat": 39.08367, "lng": -77.15559, "population": 67117}, {"name": "Towson CDP, Maryland", "lat": 39.39421, "lng": -76.61775, "population": 59553}, {"name": "Bowie city, Maryland", "lat": 38.9547, "lng": -76.73883, "population": 58329}, {"name": "Bel Air South CDP, Maryland", "lat": 39.50806, "lng": -76.30936, "population": 57648}, {"name": "Severn CDP, Maryland", "lat": 39.13549, "lng": -76.6956, "population": 57118}, {"name": "Wheaton CDP, Maryland", "lat": 39.04949, "lng": -77.05821, "population": 52150}, {"name": "Aspen Hill CDP, Maryland", "lat": 39.09363, "lng": -77.08199, "population": 51063}, {"name": "North Bethesda CDP, Maryland", "lat": 39.03675, "lng": -77.12034, "population": 50094}, {"name": "Potomac CDP, Maryland", "lat": 39.01333, "lng": -77.19358, "population": 47018}, {"name": "Catonsville CDP, Maryland", "lat": 39.26446, "lng": -76.74169, "population": 44701}, {"name": "Hagerstown city, Maryland", "lat": 39.63979, "lng": -77.72147, "population": 43527}, {"name": "Odenton CDP, Maryland", "lat": 39.06614, "lng": -76.69379, "population": 42947}, {"name": "Annapolis city, Maryland", "lat": 38.97215, "lng": -76.50533, "population": 40812}, {"name": "Essex CDP, Maryland", "lat": 39.30136, "lng": -76.44443, "population": 40505}, {"name": "Woodlawn CDP (Baltimore County), Maryland", "lat": 39.3055, "lng": -76.74778, "population": 39986}, {"name": "Severna Park CDP, Maryland", "lat": 39.08663, "lng": -76.56488, "population": 39933}, {"name": "Clinton CDP, Maryland", "lat": 38.75092, "lng": -76.90267, "population": 38760}, {"name": "Chillum CDP, Maryland", "lat": 38.96667, "lng": -76.97889, "population": 36039}, {"name": "Olney CDP, Maryland", "lat": 39.14434, "lng": -77.07143, "population": 35820}, {"name": "Owings Mills CDP, Maryland", "lat": 39.41049, "lng": -76.78937, "population": 35674}, {"name": "Montgomery Village CDP, Maryland", "lat": 39.18851, "lng": -77.20514, "population": 34893}, {"name": "College Park city, Maryland", "lat": 38.99628, "lng": -76.93559, "population": 34740}, {"name": "Pikesville CDP, Maryland", "lat": 39.39177, "lng": -76.69963, "population": 34168}, {"name": "Randallstown CDP, Maryland", "lat": 39.37187, "lng": -76.80193, "population": 33655}, {"name": "Middle River CDP, Maryland", "lat": 39.33952, "lng": -76.4287, "population": 33203}, {"name": "Salisbury city, Maryland", "lat": 38.37533, "lng": -75.58593, "population": 33050}, {"name": "Pasadena CDP, Maryland", "lat": 39.1557, "lng": -76.55981, "population": 32979}, {"name": "Eldersburg CDP, Maryland", "lat": 39.40419, "lng": -76.95258, "population": 32582}, {"name": "Bel Air North CDP, Maryland", "lat": 39.5534, "lng": -76.37294, "population": 31841}, {"name": "Parkville CDP, Maryland", "lat": 39.3832, "lng": -76.55188, "population": 31812}, {"name": "Milford Mill CDP, Maryland", "lat": 39.348, "lng": -76.76941, "population": 30622}, {"name": "Laurel city, Maryland", "lat": 39.09508, "lng": -76.86124, "population": 30060}, {"name": "Crofton CDP, Maryland", "lat": 39.01444, "lng": -76.68001, "population": 29641}, {"name": "South Laurel CDP, Maryland", "lat": 39.06147, "lng": -76.84619, "population": 29602}, {"name": "Perry Hall CDP, Maryland", "lat": 39.40674, "lng": -76.47779, "population": 29409}, {"name": "Carney CDP, Maryland", "lat": 39.4049, "lng": -76.52272, "population": 29363}, {"name": "Clarksburg CDP, Maryland", "lat": 39.22289, "lng": -77.26608, "population": 29051}, {"name": "Ilchester CDP, Maryland", "lat": 39.21611, "lng": -76.76206, "population": 26824}, {"name": "Reisterstown CDP, Maryland", "lat": 39.45411, "lng": -76.81602, "population": 26822}, {"name": "Landover CDP, Maryland", "lat": 38.92439, "lng": -76.8876, "population": 25998}, {"name": "Suitland CDP, Maryland", "lat": 38.84862, "lng": -76.92252, "population": 25839}, {"name": "Edgewood CDP, Maryland", "lat": 39.42029, "lng": -76.29685, "population": 25713}, {"name": "Lochearn CDP, Maryland", "lat": 39.34793, "lng": -76.72721, "population": 25511}, {"name": "Fairland CDP, Maryland", "lat": 39.08085, "lng": -76.95254, "population": 25396}, {"name": "North Laurel CDP, Maryland", "lat": 39.12885, "lng": -76.8466, "population": 25379}, {"name": "Elkridge CDP, Maryland", "lat": 39.19548, "lng": -76.74108, "population": 25171}, {"name": "Ballenger Creek CDP, Maryland", "lat": 39.38113, "lng": -77.42018, "population": 24999}, {"name": "Greenbelt city, Maryland", "lat": 38.99467, "lng": -76.8854, "population": 24921}, {"name": "Fort Washington CDP, Maryland", "lat": 38.73187, "lng": -77.00866, "population": 24261}, {"name": "Cockeysville CDP, Maryland", "lat": 39.478, "lng": -76.6308, "population": 24184}, {"name": "Arnold CDP, Maryland", "lat": 39.04323, "lng": -76.50499, "population": 24064}, {"name": "North Potomac CDP, Maryland", "lat": 39.09677, "lng": -77.2385, "population": 23790}, {"name": "Camp Springs CDP, Maryland", "lat": 38.80507, "lng": -76.91857, "population": 22734}, {"name": "Arbutus CDP, Maryland", "lat": 39.24267, "lng": -76.69213, "population": 21655}, {"name": "Hyattsville city, Maryland", "lat": 38.9612, "lng": -76.95494, "population": 21187}, {"name": "Beltsville CDP, Maryland", "lat": 39.0399, "lng": -76.92044, "population": 20133}, {"name": "Westminster city, Maryland", "lat": 39.57968, "lng": -77.00839, "population": 20126}, {"name": "Langley Park CDP, Maryland", "lat": 38.9895, "lng": -76.98074, "population": 20126}, {"name": "Rosedale CDP, Maryland", "lat": 39.32716, "lng": -76.50838, "population": 19961}, {"name": "Seabrook CDP, Maryland", "lat": 38.98211, "lng": -76.85111, "population": 19627}, {"name": "Lake Shore CDP, Maryland", "lat": 39.09198, "lng": -76.48963, "population": 19551}, {"name": "Maryland City CDP, Maryland", "lat": 39.10161, "lng": -76.80517, "population": 19153}, {"name": "Cumberland city, Maryland", "lat": 39.65174, "lng": -78.75795, "population": 19076}, {"name": "Oxon Hill CDP, Maryland", "lat": 38.78879, "lng": -76.97186, "population": 18791}, {"name": "Redland CDP, Maryland", "lat": 39.13287, "lng": -77.14545, "population": 18592}, {"name": "East Riverdale CDP, Maryland", "lat": 38.95977, "lng": -76.91101, "population": 18459}, {"name": "Glassmanor CDP, Maryland", "lat": 38.81811, "lng": -76.98323, "population": 18430}, {"name": "Parole CDP, Maryland", "lat": 38.98794, "lng": -76.55272, "population": 17877}, {"name": "Takoma Park city, Maryland", "lat": 38.98031, "lng": -77.00233, "population": 17629}, {"name": "Calverton CDP, Maryland", "lat": 39.05808, "lng": -76.95085, "population": 17316}, {"name": "Damascus CDP, Maryland", "lat": 39.27099, "lng": -77.19683, "population": 17224}, {"name": "Easton town, Maryland", "lat": 38.77626, "lng": -76.07048, "population": 17101}, {"name": "Ferndale CDP, Maryland", "lat": 39.18696, "lng": -76.63311, "population": 17091}, {"name": "Adelphi CDP, Maryland", "lat": 38.99707, "lng": -76.96678, "population": 16823}, {"name": "Glenmont CDP, Maryland", "lat": 39.07041, "lng": -77.04663, "population": 16710}, {"name": "White Oak CDP, Maryland", "lat": 39.04421, "lng": -76.98725, "population": 16347}, {"name": "Aberdeen city, Maryland", "lat": 39.51586, "lng": -76.17018, "population": 16254}, {"name": "Brooklyn Park CDP, Maryland", "lat": 39.2195, "lng": -76.62092, "population": 16112}, {"name": "Rossville CDP, Maryland", "lat": 39.35657, "lng": -76.47789, "population": 16029}, {"name": "Elkton town, Maryland", "lat": 39.60578, "lng": -75.82169, "population": 15807}, {"name": "Hillcrest Heights CDP, Maryland", "lat": 38.83645, "lng": -76.97058, "population": 15793}, {"name": "Colesville CDP, Maryland", "lat": 39.07284, "lng": -77.00058, "population": 15421}, {"name": "Bensville CDP, Maryland", "lat": 38.61297, "lng": -77.00473, "population": 15288}, {"name": "Cloverly CDP, Maryland", "lat": 39.10395, "lng": -76.99483, "population": 15285}, {"name": "Havre de Grace city, Maryland", "lat": 39.54657, "lng": -76.11358, "population": 14807}, {"name": "Summerfield CDP, Maryland", "lat": 38.90454, "lng": -76.8683, "population": 14758}, {"name": "Glenn Dale CDP, Maryland", "lat": 38.98439, "lng": -76.80032, "population": 14698}, {"name": "Lake Arbor CDP, Maryland", "lat": 38.90957, "lng": -76.83024, "population": 14541}, {"name": "Kettering CDP, Maryland", "lat": 38.88966, "lng": -76.7903, "population": 14424}, {"name": "Flower Hill CDP, Maryland", "lat": 39.16844, "lng": -77.18444, "population": 14108}, {"name": "Accokeek CDP, Maryland", "lat": 38.67653, "lng": -77.00052, "population": 13927}, {"name": "New Carrollton city, Maryland", "lat": 38.96559, "lng": -76.87752, "population": 13715}, {"name": "Joppatowne CDP, Maryland", "lat": 39.41659, "lng": -76.35217, "population": 13425}, {"name": "Kemp Mill CDP, Maryland", "lat": 39.0411, "lng": -77.022, "population": 13378}, {"name": "Lexington Park CDP, Maryland", "lat": 38.25211, "lng": -76.44937, "population": 13317}, {"name": "Urbana CDP, Maryland", "lat": 39.32577, "lng": -77.34152, "population": 13304}, {"name": "Brock Hall CDP, Maryland", "lat": 38.85585, "lng": -76.74244, "population": 13181}, {"name": "Cambridge city, Maryland", "lat": 38.55406, "lng": -76.07712, "population": 13096}, {"name": "California CDP, Maryland", "lat": 38.2976, "lng": -76.49214, "population": 12947}, {"name": "Honeygo CDP, Maryland", "lat": 39.40497, "lng": -76.43002, "population": 12927}, {"name": "Overlea CDP, Maryland", "lat": 39.36414, "lng": -76.51755, "population": 12832}, {"name": "Forestville CDP, Maryland", "lat": 38.85174, "lng": -76.87077, "population": 12831}, {"name": "Green Valley CDP, Maryland", "lat": 39.34184, "lng": -77.2403, "population": 12643}, {"name": "Riviera Beach CDP, Maryland", "lat": 39.16454, "lng": -76.52742, "population": 12384}, {"name": "Linganore CDP, Maryland", "lat": 39.41366, "lng": -77.30123, "population": 12351}, {"name": "Mays Chapel CDP, Maryland", "lat": 39.43272, "lng": -76.64985, "population": 12224}, {"name": "Walker Mill CDP, Maryland", "lat": 38.8757, "lng": -76.88544, "population": 12187}, {"name": "Ocean Pines CDP, Maryland", "lat": 38.38478, "lng": -75.14801, "population": 12145}, {"name": "Travilah CDP, Maryland", "lat": 39.05926, "lng": -77.25063, "population": 11985}, {"name": "Halfway CDP, Maryland", "lat": 39.61617, "lng": -77.7703, "population": 11896}, {"name": "Westphalia CDP, Maryland", "lat": 38.84014, "lng": -76.82404, "population": 11770}, {"name": "Largo CDP, Maryland", "lat": 38.88035, "lng": -76.82927, "population": 11605}, {"name": "Rosaryville CDP, Maryland", "lat": 38.7676, "lng": -76.82809, "population": 11548}, {"name": "Lanham CDP, Maryland", "lat": 38.96212, "lng": -76.83917, "population": 11282}, {"name": "Linthicum CDP, Maryland", "lat": 39.20957, "lng": -76.66474, "population": 11190}, {"name": "Mitchellville CDP, Maryland", "lat": 38.93643, "lng": -76.80825, "population": 11136}, {"name": "Annapolis Neck CDP, Maryland", "lat": 38.93656, "lng": -76.49808, "population": 10973}, {"name": "Bel Air town, Maryland", "lat": 39.53494, "lng": -76.34632, "population": 10661}, {"name": "Brandywine CDP, Maryland", "lat": 38.68508, "lng": -76.88599, "population": 10550}, {"name": "Jessup CDP, Maryland", "lat": 39.14909, "lng": -76.77639, "population": 10535}, {"name": "Timonium CDP, Maryland", "lat": 39.44574, "lng": -76.60076, "population": 10458}, {"name": "Chesapeake Ranch Estates CDP, Maryland", "lat": 38.35762, "lng": -76.41735, "population": 10308}, {"name": "White Marsh CDP, Maryland", "lat": 39.38155, "lng": -76.45842, "population": 10287}, {"name": "Chevy Chase CDP, Maryland", "lat": 38.99254, "lng": -77.07491, "population": 10176}, {"name": "La Plata town, Maryland", "lat": 38.54347, "lng": -76.96979, "population": 10159}, {"name": "Coral Hills CDP, Maryland", "lat": 38.87231, "lng": -76.92098, "population": 9997}, {"name": "Friendly CDP, Maryland", "lat": 38.76028, "lng": -76.96695, "population": 9937}, {"name": "Marlton CDP, Maryland", "lat": 38.76109, "lng": -76.78654, "population": 9802}, {"name": "Bladensburg town, Maryland", "lat": 38.94237, "lng": -76.92591, "population": 9657}, {"name": "Mount Airy town, Maryland", "lat": 39.37469, "lng": -77.15381, "population": 9654}, {"name": "Burtonsville CDP, Maryland", "lat": 39.12092, "lng": -76.93667, "population": 9498}, {"name": "North Kensington CDP, Maryland", "lat": 39.0392, "lng": -77.07156, "population": 9497}, {"name": "Garrison CDP, Maryland", "lat": 39.40227, "lng": -76.75185, "population": 9487}, {"name": "Edgewater CDP, Maryland", "lat": 38.93965, "lng": -76.5514, "population": 9446}, {"name": "Fort Meade CDP, Maryland", "lat": 39.1057, "lng": -76.74328, "population": 9324}, {"name": "Fallston CDP, Maryland", "lat": 39.5338, "lng": -76.43855, "population": 9306}, {"name": "Marlboro Village CDP, Maryland", "lat": 38.83054, "lng": -76.76965, "population": 9221}, {"name": "Scaggsville CDP, Maryland", "lat": 39.14065, "lng": -76.88258, "population": 9217}, {"name": "Leisure World CDP, Maryland", "lat": 39.10303, "lng": -77.06983, "population": 9215}, {"name": "Cape St. Claire CDP, Maryland", "lat": 39.04363, "lng": -76.44534, "population": 9179}, {"name": "Edgemere CDP, Maryland", "lat": 39.22067, "lng": -76.45637, "population": 9069}, {"name": "Lansdowne CDP, Maryland", "lat": 39.23557, "lng": -76.66463, "population": 9004}, {"name": "Mayo CDP, Maryland", "lat": 38.90444, "lng": -76.51284, "population": 8832}, {"name": "South Kensington CDP, Maryland", "lat": 39.0161, "lng": -77.0663, "population": 8829}, {"name": "Bryans Road CDP, Maryland", "lat": 38.6044, "lng": -77.09228, "population": 8650}, {"name": "Temple Hills CDP, Maryland", "lat": 38.81055, "lng": -76.94948, "population": 8350}, {"name": "Mount Rainier city, Maryland", "lat": 38.94236, "lng": -76.96458, "population": 8333}, {"name": "Four Corners CDP, Maryland", "lat": 39.02331, "lng": -77.0102, "population": 8316}, {"name": "Fairwood CDP, Maryland", "lat": 38.95471, "lng": -76.77654, "population": 7983}, {"name": "Wildewood CDP, Maryland", "lat": 38.30351, "lng": -76.54705, "population": 7821}, {"name": "Brunswick city, Maryland", "lat": 39.31799, "lng": -77.62528, "population": 7762}, {"name": "Baltimore Highlands CDP, Maryland", "lat": 39.23593, "lng": -76.6374, "population": 7740}, {"name": "Savage CDP, Maryland", "lat": 39.14646, "lng": -76.82164, "population": 7542}, {"name": "Woodlawn CDP (Prince George's County), Maryland", "lat": 38.95033, "lng": -76.90026, "population": 7541}, {"name": "Stevensville CDP, Maryland", "lat": 38.97444, "lng": -76.31854, "population": 7442}, {"name": "Robinwood CDP, Maryland", "lat": 39.62652, "lng": -77.663, "population": 7397}, {"name": "Riverdale Park town, Maryland", "lat": 38.96671, "lng": -76.92715, "population": 7351}, {"name": "Taneytown city, Maryland", "lat": 39.65877, "lng": -77.16724, "population": 7234}, {"name": "Frostburg city, Maryland", "lat": 39.65052, "lng": -78.92679, "population": 7027}, {"name": "Riverside CDP, Maryland", "lat": 39.48065, "lng": -76.24187, "population": 7021}, {"name": "Forest Glen CDP, Maryland", "lat": 39.01891, "lng": -77.04509, "population": 6897}, {"name": "Bowleys Quarters CDP, Maryland", "lat": 39.31281, "lng": -76.38227, "population": 6853}, {"name": "Ocean City town, Maryland", "lat": 38.39312, "lng": -75.07121, "population": 6844}, {"name": "Lutherville CDP, Maryland", "lat": 39.42397, "lng": -76.61767, "population": 6835}, {"name": "Darnestown CDP, Maryland", "lat": 39.08871, "lng": -77.31178, "population": 6723}, {"name": "Glenarden city, Maryland", "lat": 38.9293, "lng": -76.85768, "population": 6402}, {"name": "Silver Hill CDP, Maryland", "lat": 38.83984, "lng": -76.93859, "population": 6381}, {"name": "Chesapeake Beach town, Maryland", "lat": 38.68946, "lng": -76.5544, "population": 6356}, {"name": "Hampstead town, Maryland", "lat": 39.6146, "lng": -76.8548, "population": 6241}, {"name": "Thurmont town, Maryland", "lat": 39.61998, "lng": -77.4077, "population": 6213}, {"name": "Fountainhead-Orchard Hills CDP, Maryland", "lat": 39.68784, "lng": -77.7173, "population": 6189}, {"name": "Cheverly town, Maryland", "lat": 38.92593, "lng": -76.91347, "population": 6170}, {"name": "Marlow Heights CDP, Maryland", "lat": 38.82112, "lng": -76.94429, "population": 6169}, {"name": "Walkersville town, Maryland", "lat": 39.47432, "lng": -77.36335, "population": 6156}, {"name": "Spring Ridge CDP, Maryland", "lat": 39.40504, "lng": -77.33988, "population": 6005}, {"name": "District Heights city, Maryland", "lat": 38.85887, "lng": -76.88844, "population": 5959}, {"name": "Fulton CDP, Maryland", "lat": 39.15311, "lng": -76.91163, "population": 5916}, {"name": "Shady Side CDP, Maryland", "lat": 38.82901, "lng": -76.51965, "population": 5806}, {"name": "Hillandale CDP, Maryland", "lat": 39.02634, "lng": -76.9752, "population": 5774}, {"name": "Layhill CDP, Maryland", "lat": 39.08965, "lng": -77.03997, "population": 5764}, {"name": "Ashton-Sandy Spring CDP, Maryland", "lat": 39.14869, "lng": -76.99908, "population": 5746}, {"name": "Poolesville town, Maryland", "lat": 39.14183, "lng": -77.41051, "population": 5742}, {"name": "Fruitland city, Maryland", "lat": 38.32039, "lng": -75.6265, "population": 5534}, {"name": "Chestertown town, Maryland", "lat": 39.22042, "lng": -76.07052, "population": 5532}, {"name": "National Harbor CDP, Maryland", "lat": 38.78323, "lng": -77.00811, "population": 5509}, {"name": "Cresaptown CDP, Maryland", "lat": 39.59351, "lng": -78.83505, "population": 5442}, {"name": "Manchester town, Maryland", "lat": 39.65836, "lng": -76.89017, "population": 5408}, {"name": "Friendship Heights Village CDP, Maryland", "lat": 38.96331, "lng": -77.08979, "population": 5360}, {"name": "Springdale CDP, Maryland", "lat": 38.9358, "lng": -76.84423, "population": 5301}, {"name": "Peppermill Village CDP, Maryland", "lat": 38.89396, "lng": -76.88773, "population": 5264}, {"name": "Hampton CDP, Maryland", "lat": 39.42479, "lng": -76.56647, "population": 5180}, {"name": "Berlin town, Maryland", "lat": 38.33153, "lng": -75.21543, "population": 5026}, {"name": "Chester CDP, Maryland", "lat": 38.96009, "lng": -76.28762, "population": 5003}, {"name": "West Ocean City CDP, Maryland", "lat": 38.34732, "lng": -75.11124, "population": 4952}, {"name": "Deale CDP, Maryland", "lat": 38.78609, "lng": -76.54071, "population": 4943}, {"name": "Middletown town, Maryland", "lat": 39.44134, "lng": -77.53522, "population": 4943}, {"name": "Denton town, Maryland", "lat": 38.87942, "lng": -75.82445, "population": 4848}, {"name": "Abingdon CDP, Maryland", "lat": 39.46347, "lng": -76.27314, "population": 4826}, {"name": "St. James CDP, Maryland", "lat": 39.57382, "lng": -77.74825, "population": 4757}, {"name": "Centreville town, Maryland", "lat": 39.04227, "lng": -76.06254, "population": 4727}, {"name": "Leonardtown town, Maryland", "lat": 38.30389, "lng": -76.63965, "population": 4563}, {"name": "Seat Pleasant city, Maryland", "lat": 38.8952, "lng": -76.9015, "population": 4522}, {"name": "Woodmore CDP, Maryland", "lat": 38.92341, "lng": -76.77793, "population": 4513}, {"name": "West Laurel CDP, Maryland", "lat": 39.11571, "lng": -76.89229, "population": 4428}, {"name": "Perryville town, Maryland", "lat": 39.57216, "lng": -76.06808, "population": 4391}, {"name": "Kingsville CDP, Maryland", "lat": 39.45191, "lng": -76.43035, "population": 4358}, {"name": "Sykesville town, Maryland", "lat": 39.37207, "lng": -76.97172, "population": 4316}, {"name": "Pocomoke City city, Maryland", "lat": 38.06293, "lng": -75.55382, "population": 4295}, {"name": "Riva CDP, Maryland", "lat": 38.94522, "lng": -76.58993, "population": 4257}, {"name": "La Vale CDP, Maryland", "lat": 39.67164, "lng": -78.82676, "population": 4201}, {"name": "North East town, Maryland", "lat": 39.60804, "lng": -75.94165, "population": 4085}, {"name": "Capitol Heights town, Maryland", "lat": 38.87669, "lng": -76.90756, "population": 4050}, {"name": "Pleasant Hills CDP, Maryland", "lat": 39.48618, "lng": -76.39393, "population": 3998}, {"name": "Melwood CDP, Maryland", "lat": 38.80189, "lng": -76.84162, "population": 3977}, {"name": "Indian Head town, Maryland", "lat": 38.59862, "lng": -77.15565, "population": 3894}, {"name": "Brentwood town, Maryland", "lat": 38.94385, "lng": -76.95704, "population": 3828}, {"name": "Boonsboro town, Maryland", "lat": 39.51065, "lng": -77.66474, "population": 3799}, {"name": "Delmar town, Maryland", "lat": 38.4396, "lng": -75.56476, "population": 3798}, {"name": "Brookmont CDP, Maryland", "lat": 38.95383, "lng": -77.12902, "population": 3751}, {"name": "Maugansville CDP, Maryland", "lat": 39.69368, "lng": -77.74715, "population": 3669}, {"name": "Marlboro Meadows CDP, Maryland", "lat": 38.84185, "lng": -76.71196, "population": 3655}, {"name": "Golden Beach CDP, Maryland", "lat": 38.48973, "lng": -76.70069, "population": 3651}, {"name": "Burnt Mills CDP, Maryland", "lat": 39.03398, "lng": -76.99827, "population": 3592}, {"name": "Huntingtown CDP, Maryland", "lat": 38.61235, "lng": -76.62154, "population": 3545}, {"name": "Grasonville CDP, Maryland", "lat": 38.95746, "lng": -76.1978, "population": 3474}, {"name": "Princess Anne town, Maryland", "lat": 38.20514, "lng": -75.69638, "population": 3446}, {"name": "Berwyn Heights town, Maryland", "lat": 38.99285, "lng": -76.91345, "population": 3345}, {"name": "Brown Station CDP, Maryland", "lat": 38.85533, "lng": -76.79707, "population": 3298}, {"name": "Prince Frederick CDP, Maryland", "lat": 38.54379, "lng": -76.58791, "population": 3226}, {"name": "Konterra CDP, Maryland", "lat": 39.0808, "lng": -76.89957, "population": 3158}, {"name": "Braddock Heights CDP, Maryland", "lat": 39.40952, "lng": -77.49356, "population": 3075}, {"name": "Gambrills CDP, Maryland", "lat": 39.09273, "lng": -76.65103, "population": 3034}, {"name": "Andrews AFB CDP, Maryland", "lat": 38.8098, "lng": -76.86916, "population": 3025}, {"name": "Smithsburg town, Maryland", "lat": 39.65473, "lng": -77.57994, "population": 2977}, {"name": "Chevy Chase town, Maryland", "lat": 38.98189, "lng": -77.0832, "population": 2904}, {"name": "Jarrettsville CDP, Maryland", "lat": 39.60075, "lng": -76.47241, "population": 2888}, {"name": "Herald Harbor CDP, Maryland", "lat": 39.05127, "lng": -76.57492, "population": 2869}, {"name": "Federalsburg town, Maryland", "lat": 38.69226, "lng": -75.77246, "population": 2833}, {"name": "Emmitsburg town, Maryland", "lat": 39.70514, "lng": -77.32175, "population": 2770}, {"name": "Bartonsville CDP, Maryland", "lat": 39.3888, "lng": -77.35296, "population": 2753}, {"name": "Rising Sun town, Maryland", "lat": 39.7014, "lng": -76.06018, "population": 2740}, {"name": "Croom CDP, Maryland", "lat": 38.7398, "lng": -76.75519, "population": 2720}, {"name": "Monrovia CDP, Maryland", "lat": 39.35946, "lng": -77.27489, "population": 2702}, {"name": "Jefferson CDP, Maryland", "lat": 39.36534, "lng": -77.54067, "population": 2697}, {"name": "Forest Heights town, Maryland", "lat": 38.80346, "lng": -77.01197, "population": 2658}, {"name": "Paramount-Long Meadow CDP, Maryland", "lat": 39.67977, "lng": -77.69211, "population": 2658}, {"name": "Solomons CDP, Maryland", "lat": 38.33909, "lng": -76.4619, "population": 2650}, {"name": "Drum Point CDP, Maryland", "lat": 38.3304, "lng": -76.43599, "population": 2553}, {"name": "Derwood CDP, Maryland", "lat": 39.11412, "lng": -77.15023, "population": 2535}, {"name": "Perryman CDP, Maryland", "lat": 39.46468, "lng": -76.21586, "population": 2496}, {"name": "Crisfield city, Maryland", "lat": 37.97546, "lng": -75.85454, "population": 2475}, {"name": "Cabin John CDP, Maryland", "lat": 38.97401, "lng": -77.16384, "population": 2459}, {"name": "University Park town, Maryland", "lat": 38.97192, "lng": -76.94448, "population": 2454}, {"name": "Hughesville CDP, Maryland", "lat": 38.53742, "lng": -76.77279, "population": 2438}, {"name": "Dunkirk CDP, Maryland", "lat": 38.71819, "lng": -76.67678, "population": 2431}, {"name": "Adamstown CDP, Maryland", "lat": 39.307, "lng": -77.4693, "population": 2331}, {"name": "Wilson-Conococheague CDP, Maryland", "lat": 39.65125, "lng": -77.82707, "population": 2262}, {"name": "Queensland CDP, Maryland", "lat": 38.79519, "lng": -76.79563, "population": 2191}, {"name": "Snow Hill town, Maryland", "lat": 38.17252, "lng": -75.3904, "population": 2156}, {"name": "Mountain Lake Park town, Maryland", "lat": 39.40003, "lng": -79.38105, "population": 2147}, {"name": "North Beach town, Maryland", "lat": 38.70774, "lng": -76.5345, "population": 2146}, {"name": "Owings CDP, Maryland", "lat": 38.71191, "lng": -76.60372, "population": 2141}, {"name": "Kensington town, Maryland", "lat": 39.02684, "lng": -77.07371, "population": 2122}, {"name": "Baden CDP, Maryland", "lat": 38.66949, "lng": -76.74422, "population": 2114}, {"name": "Williamsport town, Maryland", "lat": 39.59734, "lng": -77.81797, "population": 2083}, {"name": "Lusby CDP, Maryland", "lat": 38.36236, "lng": -76.43792, "population": 2072}, {"name": "Hurlock town, Maryland", "lat": 38.62571, "lng": -75.86719, "population": 2070}, {"name": "Chevy Chase Village town, Maryland", "lat": 38.96978, "lng": -77.07934, "population": 2049}, {"name": "Crownsville CDP, Maryland", "lat": 39.02246, "lng": -76.59038, "population": 1924}, {"name": "Greensboro town, Maryland", "lat": 38.97635, "lng": -75.80808, "population": 1919}, {"name": "Point of Rocks CDP, Maryland", "lat": 39.27815, "lng": -77.52907, "population": 1886}, {"name": "Arden on the Severn CDP, Maryland", "lat": 39.06771, "lng": -76.59649, "population": 1881}, {"name": "Romancoke CDP, Maryland", "lat": 38.89182, "lng": -76.36078, "population": 1855}, {"name": "Oakland town, Maryland", "lat": 39.41714, "lng": -79.40235, "population": 1851}, {"name": "Landover Hills town, Maryland", "lat": 38.94246, "lng": -76.8945, "population": 1815}, {"name": "Spencerville CDP, Maryland", "lat": 39.12002, "lng": -76.98353, "population": 1812}, {"name": "Westernport town, Maryland", "lat": 39.48747, "lng": -79.04209, "population": 1812}, {"name": "Callaway CDP, Maryland", "lat": 38.23392, "lng": -76.52893, "population": 1779}, {"name": "Myersville town, Maryland", "lat": 39.51023, "lng": -77.57136, "population": 1748}, {"name": "Long Beach CDP, Maryland", "lat": 38.45884, "lng": -76.47364, "population": 1739}, {"name": "Bel Air CDP, Maryland", "lat": 39.58126, "lng": -78.85547, "population": 1689}, {"name": "Kingstown CDP, Maryland", "lat": 39.20763, "lng": -76.04391, "population": 1689}, {"name": "Mechanicsville CDP, Maryland", "lat": 38.42743, "lng": -76.74664, "population": 1673}, {"name": "Aberdeen Proving Ground CDP, Maryland", "lat": 39.45423, "lng": -76.13354, "population": 1668}, {"name": "Pittsville town, Maryland", "lat": 38.394, "lng": -75.40718, "population": 1636}, {"name": "Edmonston town, Maryland", "lat": 38.94996, "lng": -76.9322, "population": 1617}, {"name": "Ridgely town, Maryland", "lat": 38.95293, "lng": -75.8827, "population": 1611}, {"name": "Cedar Heights CDP, Maryland", "lat": 38.90374, "lng": -76.90588, "population": 1597}, {"name": "Colmar Manor town, Maryland", "lat": 38.92683, "lng": -76.94384, "population": 1588}, {"name": "Hancock town, Maryland", "lat": 39.70458, "lng": -78.16327, "population": 1557}, {"name": "Fairmount Heights town, Maryland", "lat": 38.90159, "lng": -76.91534, "population": 1528}, {"name": "New Market town, Maryland", "lat": 39.39464, "lng": -77.28545, "population": 1525}, {"name": "Charlestown town, Maryland", "lat": 39.58212, "lng": -75.98671, "population": 1496}, {"name": "Cavetown CDP, Maryland", "lat": 39.64266, "lng": -77.5932, "population": 1446}, {"name": "New Windsor town, Maryland", "lat": 39.54295, "lng": -77.09915, "population": 1441}, {"name": "Queen Anne CDP, Maryland", "lat": 38.90645, "lng": -76.70627, "population": 1405}, {"name": "Charlotte Hall CDP, Maryland", "lat": 38.46824, "lng": -76.78265, "population": 1388}, {"name": "Cottage City town, Maryland", "lat": 38.9384, "lng": -76.94944, "population": 1335}, {"name": "Morningside town, Maryland", "lat": 38.8266, "lng": -76.88942, "population": 1240}, {"name": "Algonquin CDP, Maryland", "lat": 38.58985, "lng": -76.09156, "population": 1220}, {"name": "Keedysville town, Maryland", "lat": 39.48669, "lng": -77.69797, "population": 1213}, {"name": "Rock Hall town, Maryland", "lat": 39.13786, "lng": -76.23951, "population": 1198}, {"name": "Somerset town, Maryland", "lat": 38.96657, "lng": -77.09632, "population": 1187}, {"name": "Trappe town, Maryland", "lat": 38.66344, "lng": -76.05178, "population": 1177}, {"name": "Highland CDP, Maryland", "lat": 39.18722, "lng": -76.95673, "population": 1133}, {"name": "Hebron town, Maryland", "lat": 38.42426, "lng": -75.68713, "population": 1113}, {"name": "Woodsboro town, Maryland", "lat": 39.53403, "lng": -77.30991, "population": 1092}, {"name": "Highfield-Cascade CDP, Maryland", "lat": 39.71359, "lng": -77.49457, "population": 1082}, {"name": "Buckeystown CDP, Maryland", "lat": 39.32414, "lng": -77.42813, "population": 1072}, {"name": "St. Michaels town, Maryland", "lat": 38.78845, "lng": -76.22262, "population": 1049}, {"name": "Potomac Heights CDP, Maryland", "lat": 38.59821, "lng": -77.13233, "population": 1036}, {"name": "Bowling Green CDP, Maryland", "lat": 39.62713, "lng": -78.80505, "population": 1018}, {"name": "Ten Mile Creek CDP, Maryland", "lat": 39.22936, "lng": -77.29821, "population": 1012}, {"name": "Chevy Chase View town, Maryland", "lat": 39.0192, "lng": -77.0811, "population": 1005}, {"name": "Lonaconing town, Maryland", "lat": 39.56558, "lng": -78.97879, "population": 1001}, {"name": "Garrett Park town, Maryland", "lat": 39.03613, "lng": -77.09355, "population": 996}, {"name": "Libertytown CDP, Maryland", "lat": 39.48911, "lng": -77.25692, "population": 984}, {"name": "Piney Point CDP, Maryland", "lat": 38.14758, "lng": -76.52274, "population": 980}, {"name": "Grantsville town, Maryland", "lat": 39.69692, "lng": -79.15285, "population": 968}, {"name": "Maryland Park CDP, Maryland", "lat": 38.88897, "lng": -76.90753, "population": 965}, {"name": "Willards town, Maryland", "lat": 38.39243, "lng": -75.34941, "population": 963}, {"name": "Martin's Additions village, Maryland", "lat": 38.97955, "lng": -77.06924, "population": 946}, {"name": "Union Bridge town, Maryland", "lat": 39.57202, "lng": -77.1715, "population": 936}, {"name": "Cobb Island CDP, Maryland", "lat": 38.2637, "lng": -76.84899, "population": 929}, {"name": "Aquasco CDP, Maryland", "lat": 38.59153, "lng": -76.69712, "population": 913}, {"name": "Eckhart Mines CDP, Maryland", "lat": 39.65523, "lng": -78.89411, "population": 858}, {"name": "Funkstown town, Maryland", "lat": 39.60666, "lng": -77.70517, "population": 852}, {"name": "Potomac Park CDP, Maryland", "lat": 39.61259, "lng": -78.80825, "population": 821}, {"name": "Church Hill town, Maryland", "lat": 39.145, "lng": -75.98077, "population": 808}, {"name": "Tilghman Island CDP, Maryland", "lat": 38.70319, "lng": -76.33628, "population": 807}, {"name": "Eden CDP, Maryland", "lat": 38.27822, "lng": -75.65478, "population": 803}, {"name": "Chevy Chase Section Three village, Maryland", "lat": 38.97926, "lng": -77.07419, "population": 802}, {"name": "Calvert Beach CDP, Maryland", "lat": 38.4728, "lng": -76.48968, "population": 791}, {"name": "St. Leonard CDP, Maryland", "lat": 38.46737, "lng": -76.49863, "population": 778}, {"name": "Mount Vernon CDP, Maryland", "lat": 38.23956, "lng": -75.78531, "population": 761}, {"name": "Chesapeake City town, Maryland", "lat": 39.52721, "lng": -75.81165, "population": 736}, {"name": "Mount Savage CDP, Maryland", "lat": 39.69668, "lng": -78.87683, "population": 733}, {"name": "Pylesville CDP, Maryland", "lat": 39.68792, "lng": -76.38843, "population": 711}, {"name": "Queenstown town, Maryland", "lat": 38.98673, "lng": -76.16334, "population": 705}, {"name": "Sharptown town, Maryland", "lat": 38.53821, "lng": -75.71893, "population": 691}, {"name": "Rawlings CDP, Maryland", "lat": 39.53923, "lng": -78.88676, "population": 687}, {"name": "North Chevy Chase village, Maryland", "lat": 39.00214, "lng": -77.07415, "population": 682}, {"name": "Cecilton town, Maryland", "lat": 39.40482, "lng": -75.86741, "population": 676}, {"name": "Preston town, Maryland", "lat": 38.71021, "lng": -75.90753, "population": 673}, {"name": "Chevy Chase Section Five village, Maryland", "lat": 38.98398, "lng": -77.07403, "population": 672}, {"name": "Bryantown CDP, Maryland", "lat": 38.54884, "lng": -76.84218, "population": 653}, {"name": "Upper Marlboro town, Maryland", "lat": 38.81446, "lng": -76.75216, "population": 652}, {"name": "Ellerslie CDP, Maryland", "lat": 39.71371, "lng": -78.77618, "population": 651}, {"name": "Cedarville CDP, Maryland", "lat": 38.65691, "lng": -76.82201, "population": 639}, {"name": "Galesville CDP, Maryland", "lat": 38.84077, "lng": -76.55437, "population": 623}, {"name": "Port Deposit town, Maryland", "lat": 39.61057, "lng": -76.09807, "population": 614}, {"name": "Kent Narrows CDP, Maryland", "lat": 38.97648, "lng": -76.24341, "population": 612}, {"name": "Oxford town, Maryland", "lat": 38.68741, "lng": -76.16818, "population": 611}, {"name": "North Brentwood town, Maryland", "lat": 38.945, "lng": -76.95102, "population": 593}, {"name": "Bowmans Addition CDP, Maryland", "lat": 39.68634, "lng": -78.75503, "population": 584}, {"name": "Mount Aetna CDP, Maryland", "lat": 39.59888, "lng": -77.61277, "population": 580}, {"name": "Laytonsville town, Maryland", "lat": 39.20875, "lng": -77.13531, "population": 572}, {"name": "Leitersburg CDP, Maryland", "lat": 39.69281, "lng": -77.62064, "population": 569}, {"name": "Sharpsburg town, Maryland", "lat": 39.45761, "lng": -77.74947, "population": 560}, {"name": "Cordova CDP, Maryland", "lat": 38.86801, "lng": -75.99889, "population": 551}, {"name": "Millington town, Maryland", "lat": 39.2566, "lng": -75.84203, "population": 549}, {"name": "Mount Lena CDP, Maryland", "lat": 39.55403, "lng": -77.62189, "population": 547}, {"name": "Galena town, Maryland", "lat": 39.34257, "lng": -75.87866, "population": 539}, {"name": "Fairplay CDP, Maryland", "lat": 39.53567, "lng": -77.74631, "population": 537}, {"name": "Butlertown CDP, Maryland", "lat": 39.28219, "lng": -76.09916, "population": 520}, {"name": "Pomfret CDP, Maryland", "lat": 38.5699, "lng": -77.03037, "population": 514}, {"name": "Sudlersville town, Maryland", "lat": 39.18326, "lng": -75.85354, "population": 507}, {"name": "Washington Grove town, Maryland", "lat": 39.1407, "lng": -77.17453, "population": 505}, {"name": "Fairlee CDP, Maryland", "lat": 39.22587, "lng": -76.16633, "population": 500}, {"name": "Bishopville CDP, Maryland", "lat": 38.43864, "lng": -75.20951, "population": 499}, {"name": "Crumpton CDP, Maryland", "lat": 39.23317, "lng": -75.92205, "population": 496}, {"name": "Finzel CDP, Maryland", "lat": 39.70172, "lng": -78.952, "population": 495}, {"name": "Loch Lynn Heights town, Maryland", "lat": 39.39183, "lng": -79.37267, "population": 493}, {"name": "Midland town, Maryland", "lat": 39.58962, "lng": -78.9487, "population": 488}, {"name": "Naval Academy CDP, Maryland", "lat": 38.98478, "lng": -76.48263, "population": 485}, {"name": "West Pocomoke CDP, Maryland", "lat": 38.09653, "lng": -75.5792, "population": 481}, {"name": "Secretary town, Maryland", "lat": 38.60819, "lng": -75.94696, "population": 472}, {"name": "Chesapeake Landing CDP, Maryland", "lat": 39.26935, "lng": -76.15724, "population": 472}, {"name": "Sabillasville CDP, Maryland", "lat": 39.69936, "lng": -77.45728, "population": 470}, {"name": "Barton town, Maryland", "lat": 39.53228, "lng": -79.01678, "population": 464}, {"name": "Beaver Creek CDP, Maryland", "lat": 39.58154, "lng": -77.65134, "population": 461}, {"name": "Lewistown CDP, Maryland", "lat": 39.54021, "lng": -77.42055, "population": 458}, {"name": "Tall Timbers CDP, Maryland", "lat": 38.16978, "lng": -76.53928, "population": 451}, {"name": "McCoole CDP, Maryland", "lat": 39.45336, "lng": -78.97309, "population": 449}, {"name": "Pinesburg CDP, Maryland", "lat": 39.62689, "lng": -77.85612, "population": 444}, {"name": "Friendsville town, Maryland", "lat": 39.66245, "lng": -79.40441, "population": 438}, {"name": "Tilghmanton CDP, Maryland", "lat": 39.5286, "lng": -77.74368, "population": 423}, {"name": "Corriganville CDP, Maryland", "lat": 39.69465, "lng": -78.79726, "population": 421}, {"name": "Fairmount CDP, Maryland", "lat": 38.10977, "lng": -75.82056, "population": 408}, {"name": "Newark CDP, Maryland", "lat": 38.26811, "lng": -75.28864, "population": 401}, {"name": "Darlington CDP, Maryland", "lat": 39.64245, "lng": -76.20352, "population": 398}, {"name": "East New Market town, Maryland", "lat": 38.59703, "lng": -75.92313, "population": 389}, {"name": "Friendship CDP, Maryland", "lat": 38.73584, "lng": -76.58782, "population": 384}, {"name": "Broomes Island CDP, Maryland", "lat": 38.41143, "lng": -76.5488, "population": 379}, {"name": "Deal Island CDP, Maryland", "lat": 38.15279, "lng": -75.93995, "population": 375}, {"name": "Clear Spring town, Maryland", "lat": 39.65619, "lng": -77.93041, "population": 372}, {"name": "Grahamtown CDP, Maryland", "lat": 39.64486, "lng": -78.92229, "population": 368}, {"name": "San Mar CDP, Maryland", "lat": 39.55222, "lng": -77.6409, "population": 366}, {"name": "Mardela Springs town, Maryland", "lat": 38.45952, "lng": -75.75712, "population": 357}, {"name": "Midlothian CDP, Maryland", "lat": 39.63187, "lng": -78.9515, "population": 352}, {"name": "Downsville CDP, Maryland", "lat": 39.55482, "lng": -77.80163, "population": 341}, {"name": "Accident town, Maryland", "lat": 39.62569, "lng": -79.31996, "population": 338}, {"name": "Zihlman CDP, Maryland", "lat": 39.67402, "lng": -78.91313, "population": 331}, {"name": "Chance CDP, Maryland", "lat": 38.17804, "lng": -75.93879, "population": 330}, {"name": "Pleasant Grove CDP, Maryland", "lat": 39.6802, "lng": -78.69051, "population": 330}, {"name": "Bagtown CDP, Maryland", "lat": 39.58298, "lng": -77.61388, "population": 321}, {"name": "Parsonsburg CDP, Maryland", "lat": 38.39167, "lng": -75.47958, "population": 319}, {"name": "Deer Park town, Maryland", "lat": 39.42396, "lng": -79.32599, "population": 303}, {"name": "Kitzmiller town, Maryland", "lat": 39.38916, "lng": -79.18328, "population": 300}, {"name": "Tolchester CDP, Maryland", "lat": 39.218, "lng": -76.23208, "population": 297}, {"name": "Betterton town, Maryland", "lat": 39.36711, "lng": -76.0725, "population": 286}, {"name": "Lisbon CDP, Maryland", "lat": 39.33663, "lng": -77.07049, "population": 282}, {"name": "Glen Echo town, Maryland", "lat": 38.96817, "lng": -77.1411, "population": 279}, {"name": "Rosemont village, Maryland", "lat": 39.33373, "lng": -77.62276, "population": 272}, {"name": "Bloomington CDP, Maryland", "lat": 39.48133, "lng": -79.07851, "population": 271}, {"name": "Vienna town, Maryland", "lat": 38.48113, "lng": -75.83181, "population": 270}, {"name": "St. George Island CDP, Maryland", "lat": 38.11554, "lng": -76.47697, "population": 265}, {"name": "Chewsville CDP, Maryland", "lat": 39.64841, "lng": -77.63124, "population": 261}, {"name": "Breathedsville CDP, Maryland", "lat": 39.54601, "lng": -77.72455, "population": 255}, {"name": "Franklin CDP, Maryland", "lat": 39.49893, "lng": -79.05156, "population": 253}, {"name": "Graceham CDP, Maryland", "lat": 39.61742, "lng": -77.38702, "population": 243}, {"name": "Mapleville CDP, Maryland", "lat": 39.5357, "lng": -77.64624, "population": 243}, {"name": "Greensburg CDP, Maryland", "lat": 39.68075, "lng": -77.56154, "population": 236}, {"name": "Benedict CDP, Maryland", "lat": 38.51153, "lng": -76.67967, "population": 232}, {"name": "Kennedyville CDP, Maryland", "lat": 39.30321, "lng": -75.99424, "population": 230}, {"name": "Garretts Mill CDP, Maryland", "lat": 39.35334, "lng": -77.68891, "population": 228}, {"name": "Tyaskin CDP, Maryland", "lat": 38.32041, "lng": -75.87264, "population": 226}, {"name": "Danville CDP, Maryland", "lat": 39.51017, "lng": -78.91755, "population": 224}, {"name": "Moscow CDP, Maryland", "lat": 39.53829, "lng": -79.00967, "population": 219}, {"name": "Edgemont CDP, Maryland", "lat": 39.67661, "lng": -77.54695, "population": 218}, {"name": "Worton CDP, Maryland", "lat": 39.27066, "lng": -76.09182, "population": 214}, {"name": "Goldsboro town, Maryland", "lat": 39.03, "lng": -75.78096, "population": 211}, {"name": "Crellin CDP, Maryland", "lat": 39.38863, "lng": -79.46847, "population": 210}, {"name": "Nanticoke CDP, Maryland", "lat": 38.26549, "lng": -75.88697, "population": 209}, {"name": "Shaft CDP, Maryland", "lat": 39.62232, "lng": -78.94289, "population": 208}, {"name": "Madison CDP, Maryland", "lat": 38.50893, "lng": -76.20422, "population": 205}, {"name": "Smith Island CDP, Maryland", "lat": 37.97722, "lng": -76.02879, "population": 202}, {"name": "Allen CDP, Maryland", "lat": 38.28839, "lng": -75.69305, "population": 199}, {"name": "Whaleyville CDP, Maryland", "lat": 38.38704, "lng": -75.29754, "population": 192}, {"name": "Queen Anne town, Maryland", "lat": 38.91907, "lng": -75.95357, "population": 192}, {"name": "Powellville CDP, Maryland", "lat": 38.33007, "lng": -75.3747, "population": 188}, {"name": "Bier CDP, Maryland", "lat": 39.55513, "lng": -78.87112, "population": 186}, {"name": "Bivalve CDP, Maryland", "lat": 38.3062, "lng": -75.88063, "population": 185}, {"name": "Barclay town, Maryland", "lat": 39.14506, "lng": -75.86551, "population": 183}, {"name": "Jesterville CDP, Maryland", "lat": 38.29048, "lng": -75.88993, "population": 179}, {"name": "Cearfoss CDP, Maryland", "lat": 39.69913, "lng": -77.77634, "population": 176}, {"name": "Marydel town, Maryland", "lat": 39.11307, "lng": -75.74951, "population": 176}, {"name": "Rohrersville CDP, Maryland", "lat": 39.4349, "lng": -77.66547, "population": 175}, {"name": "Fishing Creek CDP, Maryland", "lat": 38.33695, "lng": -76.22168, "population": 173}, {"name": "Mount Briar CDP, Maryland", "lat": 39.44257, "lng": -77.68735, "population": 170}, {"name": "Edesville CDP, Maryland", "lat": 39.15386, "lng": -76.20723, "population": 169}, {"name": "Sandy Hook CDP, Maryland", "lat": 39.3285, "lng": -77.70515, "population": 168}, {"name": "Jugtown CDP, Maryland", "lat": 39.61428, "lng": -77.5943, "population": 168}, {"name": "Flintstone CDP, Maryland", "lat": 39.70353, "lng": -78.57579, "population": 167}, {"name": "Ringgold CDP, Maryland", "lat": 39.70917, "lng": -77.56889, "population": 166}, {"name": "Brookeville town, Maryland", "lat": 39.18251, "lng": -77.05973, "population": 166}, {"name": "Charlton CDP, Maryland", "lat": 39.6344, "lng": -77.89436, "population": 166}, {"name": "Pecktonville CDP, Maryland", "lat": 39.66597, "lng": -78.04818, "population": 164}, {"name": "Dargan CDP, Maryland", "lat": 39.37668, "lng": -77.73404, "population": 163}, {"name": "Trego-Rohrersville Station CDP, Maryland", "lat": 39.42911, "lng": -77.67485, "population": 160}, {"name": "Henderson town, Maryland", "lat": 39.07494, "lng": -75.76608, "population": 160}, {"name": "Williston CDP, Maryland", "lat": 38.83032, "lng": -75.85145, "population": 153}, {"name": "Quantico CDP, Maryland", "lat": 38.37998, "lng": -75.75501, "population": 148}, {"name": "Barnesville town, Maryland", "lat": 39.22392, "lng": -77.37611, "population": 144}, {"name": "Carlos CDP, Maryland", "lat": 39.62374, "lng": -78.95668, "population": 144}, {"name": "Burkittsville town, Maryland", "lat": 39.3935, "lng": -77.62779, "population": 142}, {"name": "Dames Quarter CDP, Maryland", "lat": 38.17292, "lng": -75.89002, "population": 142}, {"name": "Girdletree CDP, Maryland", "lat": 38.09888, "lng": -75.40026, "population": 141}, {"name": "Pondsville CDP, Maryland", "lat": 39.62341, "lng": -77.59162, "population": 139}, {"name": "Gilmore CDP, Maryland", "lat": 39.58326, "lng": -78.95113, "population": 132}, {"name": "Still Pond CDP, Maryland", "lat": 39.32596, "lng": -76.04236, "population": 131}, {"name": "Hillsboro town, Maryland", "lat": 38.91704, "lng": -75.94178, "population": 128}, {"name": "Choptank CDP, Maryland", "lat": 38.68228, "lng": -75.9494, "population": 126}, {"name": "Taylors Island CDP, Maryland", "lat": 38.47113, "lng": -76.31601, "population": 125}, {"name": "Nanticoke Acres CDP, Maryland", "lat": 38.25787, "lng": -75.90584, "population": 120}, {"name": "Highland Beach town, Maryland", "lat": 38.93114, "lng": -76.46702, "population": 118}, {"name": "Georgetown CDP, Maryland", "lat": 39.22158, "lng": -76.19177, "population": 117}, {"name": "Kemps Mill CDP, Maryland", "lat": 39.62687, "lng": -77.8139, "population": 117}, {"name": "Oldtown CDP, Maryland", "lat": 39.54497, "lng": -78.61474, "population": 116}, {"name": "Templeville town, Maryland", "lat": 39.13636, "lng": -75.76685, "population": 113}, {"name": "Yarrowsburg CDP, Maryland", "lat": 39.37617, "lng": -77.68435, "population": 112}, {"name": "Vale Summit CDP, Maryland", "lat": 39.61523, "lng": -78.90835, "population": 111}, {"name": "Galestown town, Maryland", "lat": 38.56261, "lng": -75.71581, "population": 111}, {"name": "Gapland CDP, Maryland", "lat": 39.40196, "lng": -77.65829, "population": 109}, {"name": "Klondike CDP, Maryland", "lat": 39.61025, "lng": -78.96314, "population": 103}, {"name": "Brownsville CDP, Maryland", "lat": 39.37817, "lng": -77.66156, "population": 102}, {"name": "Church Creek town, Maryland", "lat": 38.50489, "lng": -76.15403, "population": 102}, {"name": "Dawson CDP, Maryland", "lat": 39.47708, "lng": -78.94521, "population": 100}, {"name": "Jennings CDP, Maryland", "lat": 39.64866, "lng": -79.1835, "population": 99}, {"name": "Antietam CDP, Maryland", "lat": 39.41508, "lng": -77.73648, "population": 98}, {"name": "Nikep CDP, Maryland", "lat": 39.55157, "lng": -78.99773, "population": 95}, {"name": "Stockton CDP, Maryland", "lat": 38.06539, "lng": -75.40842, "population": 91}, {"name": "Woodland CDP, Maryland", "lat": 39.60834, "lng": -78.95011, "population": 91}, {"name": "Mercersville CDP, Maryland", "lat": 39.49921, "lng": -77.76583, "population": 91}, {"name": "Hutton CDP, Maryland", "lat": 39.41449, "lng": -79.48004, "population": 87}, {"name": "Frenchtown-Rumbly CDP, Maryland", "lat": 38.07445, "lng": -75.85332, "population": 86}, {"name": "Big Spring CDP, Maryland", "lat": 39.6259, "lng": -77.93963, "population": 85}, {"name": "Gorman CDP, Maryland", "lat": 39.2927, "lng": -79.35275, "population": 85}, {"name": "Luke town, Maryland", "lat": 39.47878, "lng": -79.0589, "population": 85}, {"name": "Rock Point CDP, Maryland", "lat": 38.27549, "lng": -76.84276, "population": 82}, {"name": "Big Pool CDP, Maryland", "lat": 39.62509, "lng": -78.01617, "population": 78}, {"name": "Fairview CDP, Maryland", "lat": 39.71108, "lng": -77.84062, "population": 76}, {"name": "Middleburg CDP, Maryland", "lat": 39.71768, "lng": -77.72388, "population": 73}, {"name": "Indian Springs CDP, Maryland", "lat": 39.64563, "lng": -78.0074, "population": 68}, {"name": "Clarysville CDP, Maryland", "lat": 39.64203, "lng": -78.88895, "population": 67}, {"name": "Eagle Harbor town, Maryland", "lat": 38.56645, "lng": -76.6871, "population": 67}, {"name": "Swanton CDP, Maryland", "lat": 39.45986, "lng": -79.2327, "population": 66}, {"name": "Detmold CDP, Maryland", "lat": 39.55736, "lng": -78.99114, "population": 66}, {"name": "Little Orleans CDP, Maryland", "lat": 39.63051, "lng": -78.39584, "population": 65}, {"name": "Reid CDP, Maryland", "lat": 39.71251, "lng": -77.67931, "population": 64}, {"name": "Barrelville CDP, Maryland", "lat": 39.70265, "lng": -78.84245, "population": 58}, {"name": "Ernstville CDP, Maryland", "lat": 39.63039, "lng": -78.02396, "population": 58}, {"name": "Spring Gap CDP, Maryland", "lat": 39.56533, "lng": -78.70533, "population": 52}, {"name": "National CDP, Maryland", "lat": 39.61193, "lng": -78.94044, "population": 52}, {"name": "Brookview town, Maryland", "lat": 38.57401, "lng": -75.79296, "population": 48}, {"name": "West Denton CDP, Maryland", "lat": 38.88961, "lng": -75.83884, "population": 46}, {"name": "Whitehaven CDP, Maryland", "lat": 38.26976, "lng": -75.79474, "population": 46}, {"name": "Eldorado town, Maryland", "lat": 38.58304, "lng": -75.79028, "population": 45}, {"name": "Elliott CDP, Maryland", "lat": 38.30814, "lng": -76.01072, "population": 43}, {"name": "Ocean CDP, Maryland", "lat": 39.60153, "lng": -78.94503, "population": 33}, {"name": "Waterview CDP, Maryland", "lat": 38.24874, "lng": -75.90001, "population": 32}, {"name": "Bakersville CDP, Maryland", "lat": 39.51483, "lng": -77.75705, "population": 30}, {"name": "Eakles Mill CDP, Maryland", "lat": 39.46707, "lng": -77.68596, "population": 26}, {"name": "Port Tobacco Village town, Maryland", "lat": 38.51229, "lng": -77.02049, "population": 18}, {"name": "Fort Ritchie CDP, Maryland", "lat": 39.70306, "lng": -77.507, "population": 12}]