[{"name": "Boston city, Massachusetts", "lat": 42.33855, "lng": -71.01825, "population": 675647}, {"name": "Worcester city, Massachusetts", "lat": 42.26948, "lng": -71.80778, "population": 206518}, {"name": "Springfield city, Massachusetts", "lat": 42.11545, "lng": -72.53998, "population": 155929}, {"name": "Cambridge city, Massachusetts", "lat": 42.37604, "lng": -71.11868, "population": 118403}, {"name": "Lowell city, Massachusetts", "lat": 42.639, "lng": -71.32102, "population": 115554}, {"name": "Brockton city, Massachusetts", "lat": 42.08254, "lng": -71.02464, "population": 105643}, {"name": "Quincy city, Massachusetts", "lat": 42.26101, "lng": -71.00899, "population": 101636}, {"name": "Lynn city, Massachusetts", "lat": 42.47477, "lng": -70.96204, "population": 101253}, {"name": "New Bedford city, Massachusetts", "lat": 41.6613, "lng": -70.93791, "population": 101079}, {"name": "Fall River city, Massachusetts", "lat": 41.72535, "lng": -71.09416, "population": 94000}, {"name": "Lawrence city, Massachusetts", "lat": 42.70027, "lng": -71.16136, "population": 89143}, {"name": "Newton city, Massachusetts", "lat": 42.33177, "lng": -71.2084, "population": 88923}, {"name": "Somerville city, Massachusetts", "lat": 42.39044, "lng": -71.10103, "population": 81045}, {"name": "Framingham city, Massachusetts", "lat": 42.3079, "lng": -71.4362, "population": 72362}, {"name": "Haverhill city, Massachusetts", "lat": 42.78294, "lng": -71.08744, "population": 67787}, {"name": "Malden city, Massachusetts", "lat": 42.42938, "lng": -71.05871, "population": 66263}, {"name": "Waltham city, Massachusetts", "lat": 42.38892, "lng": -71.24227, "population": 65218}, {"name": "Brookline CDP, Massachusetts", "lat": 42.32385, "lng": -71.142, "population": 63191}, {"name": "Revere city, Massachusetts", "lat": 42.42101, "lng": -70.99036, "population": 62186}, {"name": "Medford city, Massachusetts", "lat": 42.42384, "lng": -71.10923, "population": 59659}, {"name": "Taunton city, Massachusetts", "lat": 41.90332, "lng": -71.09499, "population": 59408}, {"name": "Weymouth Town city, Massachusetts", "lat": 42.2073, "lng": -70.94369, "population": 57437}, {"name": "Chicopee city, Massachusetts", "lat": 42.17759, "lng": -72.57019, "population": 55560}, {"name": "Peabody city, Massachusetts", "lat": 42.53431, "lng": -70.96944, "population": 54481}, {"name": "Methuen Town city, Massachusetts", "lat": 42.74264, "lng": -71.17865, "population": 53059}, {"name": "Everett city, Massachusetts", "lat": 42.40594, "lng": -71.05465, "population": 49075}, {"name": "Barnstable Town city, Massachusetts", "lat": 41.66148, "lng": -70.35695, "population": 48916}, {"name": "Attleboro city, Massachusetts", "lat": 41.93165, "lng": -71.2945, "population": 46461}, {"name": "Arlington CDP, Massachusetts", "lat": 42.41872, "lng": -71.16391, "population": 46308}, {"name": "Salem city, Massachusetts", "lat": 42.49925, "lng": -70.8982, "population": 44480}, {"name": "Pittsfield city, Massachusetts", "lat": 42.45184, "lng": -73.26068, "population": 43927}, {"name": "Leominster city, Massachusetts", "lat": 42.52088, "lng": -71.77061, "population": 43782}, {"name": "Beverly city, Massachusetts", "lat": 42.55666, "lng": -70.84496, "population": 42670}, {"name": "Fitchburg city, Massachusetts", "lat": 42.60198, "lng": -71.81587, "population": 41946}, {"name": "Marlborough city, Massachusetts", "lat": 42.34962, "lng": -71.54721, "population": 41793}, {"name": "Woburn city, Massachusetts", "lat": 42.4887, "lng": -71.15438, "population": 40876}, {"name": "Westfield city, Massachusetts", "lat": 42.13884, "lng": -72.75591, "population": 40834}, {"name": "Chelsea city, Massachusetts", "lat": 42.39682, "lng": -71.03135, "population": 40787}, {"name": "Amherst Town city, Massachusetts", "lat": 42.36353, "lng": -72.50729, "population": 39263}, {"name": "Braintree Town city, Massachusetts", "lat": 42.20619, "lng": -71.00232, "population": 39143}, {"name": "Holyoke city, Massachusetts", "lat": 42.21166, "lng": -72.64245, "population": 38238}, {"name": "Watertown Town city, Massachusetts", "lat": 42.36945, "lng": -71.17793, "population": 35329}, {"name": "Randolph Town city, Massachusetts", "lat": 42.17899, "lng": -71.05265, "population": 34984}, {"name": "Lexington CDP, Massachusetts", "lat": 42.44522, "lng": -71.23001, "population": 34454}, {"name": "Franklin Town city, Massachusetts", "lat": 42.08486, "lng": -71.41057, "population": 33261}, {"name": "Needham CDP, Massachusetts", "lat": 42.28159, "lng": -71.24241, "population": 32091}, {"name": "Norwood CDP, Massachusetts", "lat": 42.18736, "lng": -71.19597, "population": 31611}, {"name": "North Attleborough Town city, Massachusetts", "lat": 41.97045, "lng": -71.33493, "population": 30834}, {"name": "Melrose city, Massachusetts", "lat": 42.45572, "lng": -71.05902, "population": 29817}, {"name": "Gloucester city, Massachusetts", "lat": 42.62885, "lng": -70.68587, "population": 29729}, {"name": "Northampton city, Massachusetts", "lat": 42.32704, "lng": -72.67463, "population": 29571}, {"name": "Wellesley CDP, Massachusetts", "lat": 42.30593, "lng": -71.28292, "population": 29550}, {"name": "West Springfield Town city, Massachusetts", "lat": 42.12545, "lng": -72.64973, "population": 28835}, {"name": "Agawam Town city, Massachusetts", "lat": 42.06389, "lng": -72.65296, "population": 28692}, {"name": "Bridgewater Town city, Massachusetts", "lat": 41.97238, "lng": -70.97877, "population": 28633}, {"name": "Milton CDP, Massachusetts", "lat": 42.24156, "lng": -71.08244, "population": 28630}, {"name": "Saugus CDP, Massachusetts", "lat": 42.46843, "lng": -71.01395, "population": 28619}, {"name": "Danvers CDP, Massachusetts", "lat": 42.57417, "lng": -70.95052, "population": 28087}, {"name": "Belmont CDP, Massachusetts", "lat": 42.39532, "lng": -71.18028, "population": 27295}, {"name": "Wakefield CDP, Massachusetts", "lat": 42.50436, "lng": -71.06406, "population": 27090}, {"name": "Milford CDP, Massachusetts", "lat": 42.15066, "lng": -71.51778, "population": 26971}, {"name": "Burlington CDP, Massachusetts", "lat": 42.50323, "lng": -71.20171, "population": 26377}, {"name": "Reading CDP, Massachusetts", "lat": 42.53518, "lng": -71.10542, "population": 25518}, {"name": "Dedham CDP, Massachusetts", "lat": 42.24687, "lng": -71.17946, "population": 25364}, {"name": "Wilmington CDP, Massachusetts", "lat": 42.56465, "lng": -71.16452, "population": 23349}, {"name": "Stoneham CDP, Massachusetts", "lat": 42.47421, "lng": -71.09767, "population": 23244}, {"name": "Winchester CDP, Massachusetts", "lat": 42.45275, "lng": -71.14432, "population": 22970}, {"name": "Gardner city, Massachusetts", "lat": 42.58421, "lng": -71.98874, "population": 21287}, {"name": "Marblehead CDP, Massachusetts", "lat": 42.49563, "lng": -70.83582, "population": 20441}, {"name": "Winthrop Town city, Massachusetts", "lat": 42.37554, "lng": -70.97065, "population": 19316}, {"name": "Somerset CDP, Massachusetts", "lat": 41.73848, "lng": -71.16505, "population": 18303}, {"name": "Newburyport city, Massachusetts", "lat": 42.81214, "lng": -70.88665, "population": 18289}, {"name": "Greenfield city, Massachusetts", "lat": 42.61467, "lng": -72.59706, "population": 17768}, {"name": "Southbridge Town city, Massachusetts", "lat": 42.05974, "lng": -72.03391, "population": 17740}, {"name": "Amesbury Town city, Massachusetts", "lat": 42.85128, "lng": -70.95579, "population": 17366}, {"name": "Abington CDP, Massachusetts", "lat": 42.11576, "lng": -70.9566, "population": 17062}, {"name": "Easthampton Town city, Massachusetts", "lat": 42.26543, "lng": -72.67081, "population": 16211}, {"name": "Longmeadow CDP, Massachusetts", "lat": 42.04805, "lng": -72.56928, "population": 15853}, {"name": "Hudson CDP, Massachusetts", "lat": 42.39209, "lng": -71.56495, "population": 15749}, {"name": "Swampscott CDP, Massachusetts", "lat": 42.46806, "lng": -70.89126, "population": 15111}, {"name": "Lynnfield CDP, Massachusetts", "lat": 42.53415, "lng": -71.03833, "population": 13000}, {"name": "North Adams city, Massachusetts", "lat": 42.67556, "lng": -73.11811, "population": 12961}, {"name": "Palmer Town city, Massachusetts", "lat": 42.18886, "lng": -72.30648, "population": 12448}, {"name": "Webster CDP, Massachusetts", "lat": 42.04631, "lng": -71.87452, "population": 12194}, {"name": "South Yarmouth CDP, Massachusetts", "lat": 41.66708, "lng": -70.20079, "population": 11703}, {"name": "Holbrook CDP, Massachusetts", "lat": 42.14035, "lng": -70.99786, "population": 11405}, {"name": "Maynard CDP, Massachusetts", "lat": 42.42596, "lng": -71.45626, "population": 10746}, {"name": "Nantucket CDP, Massachusetts", "lat": 41.27145, "lng": -70.09588, "population": 10166}, {"name": "Hull CDP, Massachusetts", "lat": 42.34023, "lng": -70.8833, "population": 10072}, {"name": "Andover CDP, Massachusetts", "lat": 42.65567, "lng": -71.14224, "population": 9735}, {"name": "Athol CDP, Massachusetts", "lat": 42.59338, "lng": -72.23023, "population": 8486}, {"name": "Clinton CDP, Massachusetts", "lat": 42.41888, "lng": -71.6862, "population": 8166}, {"name": "Middleborough Center CDP, Massachusetts", "lat": 41.89422, "lng": -70.92569, "population": 7921}, {"name": "Mansfield Center CDP, Massachusetts", "lat": 42.02196, "lng": -71.21784, "population": 7830}, {"name": "Plymouth CDP, Massachusetts", "lat": 41.95834, "lng": -70.6638, "population": 7667}, {"name": "Pinehurst CDP, Massachusetts", "lat": 42.53352, "lng": -71.23349, "population": 7368}, {"name": "Medfield CDP, Massachusetts", "lat": 42.18701, "lng": -71.30041, "population": 6939}, {"name": "Cochituate CDP, Massachusetts", "lat": 42.32773, "lng": -71.35231, "population": 6927}, {"name": "Whitinsville CDP, Massachusetts", "lat": 42.1188, "lng": -71.6725, "population": 6750}, {"name": "Northborough CDP, Massachusetts", "lat": 42.31195, "lng": -71.64773, "population": 6474}, {"name": "West Concord CDP, Massachusetts", "lat": 42.45186, "lng": -71.40318, "population": 6320}, {"name": "East Falmouth CDP, Massachusetts", "lat": 41.56825, "lng": -70.55744, "population": 6278}, {"name": "West Yarmouth CDP, Massachusetts", "lat": 41.64723, "lng": -70.24998, "population": 6278}, {"name": "Ware CDP, Massachusetts", "lat": 42.25006, "lng": -72.24765, "population": 6266}, {"name": "Foxborough CDP, Massachusetts", "lat": 42.06402, "lng": -71.2484, "population": 6227}, {"name": "Sharon CDP, Massachusetts", "lat": 42.11752, "lng": -71.18603, "population": 6184}, {"name": "Walpole CDP, Massachusetts", "lat": 42.13386, "lng": -71.2403, "population": 6119}, {"name": "Hingham CDP, Massachusetts", "lat": 42.23314, "lng": -70.88953, "population": 5979}, {"name": "Oxford CDP, Massachusetts", "lat": 42.11588, "lng": -71.87009, "population": 5928}, {"name": "Spencer CDP, Massachusetts", "lat": 42.24858, "lng": -71.99313, "population": 5810}, {"name": "Kingston CDP, Massachusetts", "lat": 41.99618, "lng": -70.72155, "population": 5700}, {"name": "Salisbury CDP, Massachusetts", "lat": 42.8311, "lng": -70.84711, "population": 5629}, {"name": "Scituate CDP, Massachusetts", "lat": 42.18029, "lng": -70.73439, "population": 5620}, {"name": "Bliss Corner CDP, Massachusetts", "lat": 41.60513, "lng": -70.94237, "population": 5480}, {"name": "Adams CDP, Massachusetts", "lat": 42.62909, "lng": -73.11875, "population": 5466}, {"name": "North Scituate CDP, Massachusetts", "lat": 42.21281, "lng": -70.76629, "population": 5414}, {"name": "Yarmouth Port CDP, Massachusetts", "lat": 41.70715, "lng": -70.22093, "population": 5403}, {"name": "East Harwich CDP, Massachusetts", "lat": 41.7086, "lng": -70.03178, "population": 5250}, {"name": "Rockport CDP, Massachusetts", "lat": 42.6407, "lng": -70.62025, "population": 5010}, {"name": "Smith Mills CDP, Massachusetts", "lat": 41.64674, "lng": -70.99837, "population": 4832}, {"name": "Bellingham CDP, Massachusetts", "lat": 42.09404, "lng": -71.47863, "population": 4782}, {"name": "Ocean Bluff-Brant Rock CDP, Massachusetts", "lat": 42.10221, "lng": -70.65758, "population": 4744}, {"name": "North Westport CDP, Massachusetts", "lat": 41.67311, "lng": -71.11114, "population": 4720}, {"name": "Marshfield CDP, Massachusetts", "lat": 42.10223, "lng": -70.6894, "population": 4653}, {"name": "The Pinehills CDP, Massachusetts", "lat": 41.89579, "lng": -70.59485, "population": 4515}, {"name": "Turners Falls CDP, Massachusetts", "lat": 42.59667, "lng": -72.5565, "population": 4512}, {"name": "Millis-Clicquot CDP, Massachusetts", "lat": 42.16682, "lng": -71.34923, "population": 4499}, {"name": "Ipswich CDP, Massachusetts", "lat": 42.67573, "lng": -70.82201, "population": 4370}, {"name": "Raynham Center CDP, Massachusetts", "lat": 41.93048, "lng": -71.04621, "population": 4365}, {"name": "Williamstown CDP, Massachusetts", "lat": 42.70891, "lng": -73.20136, "population": 4308}, {"name": "Northwest Harwich CDP, Massachusetts", "lat": 41.69362, "lng": -70.10529, "population": 4296}, {"name": "Buzzards Bay CDP, Massachusetts", "lat": 41.75419, "lng": -70.61632, "population": 4279}, {"name": "Westborough CDP, Massachusetts", "lat": 42.26744, "lng": -71.61749, "population": 4255}, {"name": "Winchendon CDP, Massachusetts", "lat": 42.68042, "lng": -72.04204, "population": 4160}, {"name": "Forestdale CDP, Massachusetts", "lat": 41.68349, "lng": -70.51079, "population": 4116}, {"name": "Wilbraham CDP, Massachusetts", "lat": 42.13211, "lng": -72.43815, "population": 4003}, {"name": "North Plymouth CDP, Massachusetts", "lat": 41.9753, "lng": -70.68064, "population": 3983}, {"name": "Hopedale CDP, Massachusetts", "lat": 42.12689, "lng": -71.5403, "population": 3939}, {"name": "South Dennis CDP, Massachusetts", "lat": 41.70407, "lng": -70.15065, "population": 3899}, {"name": "Sagamore CDP, Massachusetts", "lat": 41.78282, "lng": -70.5321, "population": 3851}, {"name": "Falmouth CDP, Massachusetts", "lat": 41.55139, "lng": -70.60885, "population": 3818}, {"name": "East Sandwich CDP, Massachusetts", "lat": 41.73426, "lng": -70.43067, "population": 3669}, {"name": "Orange CDP, Massachusetts", "lat": 42.60544, "lng": -72.29207, "population": 3636}, {"name": "North Pembroke CDP, Massachusetts", "lat": 42.09774, "lng": -70.78327, "population": 3490}, {"name": "Dennis Port CDP, Massachusetts", "lat": 41.66807, "lng": -70.13698, "population": 3487}, {"name": "South Duxbury CDP, Massachusetts", "lat": 42.01811, "lng": -70.68965, "population": 3463}, {"name": "Nahant CDP, Massachusetts", "lat": 42.41824, "lng": -70.93273, "population": 3334}, {"name": "Provincetown CDP, Massachusetts", "lat": 42.05652, "lng": -70.17845, "population": 3318}, {"name": "North Falmouth CDP, Massachusetts", "lat": 41.64199, "lng": -70.63072, "population": 3293}, {"name": "North Lakeville CDP, Massachusetts", "lat": 41.86001, "lng": -70.93927, "population": 3290}, {"name": "Mattapoisett Center CDP, Massachusetts", "lat": 41.67201, "lng": -70.79918, "population": 3190}, {"name": "Belchertown CDP, Massachusetts", "lat": 42.27189, "lng": -72.40281, "population": 3129}, {"name": "Upton CDP, Massachusetts", "lat": 42.18215, "lng": -71.61085, "population": 3090}, {"name": "Littleton Common CDP, Massachusetts", "lat": 42.53448, "lng": -71.47213, "population": 3065}, {"name": "Acushnet Center CDP, Massachusetts", "lat": 41.685, "lng": -70.90669, "population": 3030}, {"name": "Sandwich CDP, Massachusetts", "lat": 41.75707, "lng": -70.49802, "population": 2998}, {"name": "Ayer CDP, Massachusetts", "lat": 42.56222, "lng": -71.58484, "population": 2986}, {"name": "Wareham Center CDP, Massachusetts", "lat": 41.74747, "lng": -70.72009, "population": 2972}, {"name": "Ocean Grove CDP, Massachusetts", "lat": 41.72881, "lng": -71.20919, "population": 2904}, {"name": "Topsfield CDP, Massachusetts", "lat": 42.6394, "lng": -70.95528, "population": 2864}, {"name": "Pocasset CDP, Massachusetts", "lat": 41.68702, "lng": -70.64964, "population": 2843}, {"name": "Fiskdale CDP, Massachusetts", "lat": 42.1247, "lng": -72.11091, "population": 2797}, {"name": "Monument Beach CDP, Massachusetts", "lat": 41.7189, "lng": -70.59999, "population": 2784}, {"name": "Vineyard Haven CDP, Massachusetts", "lat": 41.45718, "lng": -70.60746, "population": 2747}, {"name": "North Seekonk CDP, Massachusetts", "lat": 41.88465, "lng": -71.33036, "population": 2726}, {"name": "Cordaville CDP, Massachusetts", "lat": 42.27206, "lng": -71.5228, "population": 2703}, {"name": "East Douglas CDP, Massachusetts", "lat": 42.0811, "lng": -71.71949, "population": 2702}, {"name": "Norton Center CDP, Massachusetts", "lat": 41.97446, "lng": -71.18855, "population": 2677}, {"name": "Hopkinton CDP, Massachusetts", "lat": 42.22556, "lng": -71.5241, "population": 2651}, {"name": "East Dennis CDP, Massachusetts", "lat": 41.73543, "lng": -70.15741, "population": 2585}, {"name": "Marshfield Hills CDP, Massachusetts", "lat": 42.14331, "lng": -70.72907, "population": 2491}, {"name": "Dover CDP, Massachusetts", "lat": 42.24667, "lng": -71.26807, "population": 2452}, {"name": "Boxford CDP, Massachusetts", "lat": 42.66371, "lng": -70.98422, "population": 2432}, {"name": "Dennis CDP, Massachusetts", "lat": 41.73024, "lng": -70.19739, "population": 2399}, {"name": "Pepperell CDP, Massachusetts", "lat": 42.67549, "lng": -71.59209, "population": 2390}, {"name": "Sturbridge CDP, Massachusetts", "lat": 42.09711, "lng": -72.055, "population": 2385}, {"name": "Oak Bluffs CDP, Massachusetts", "lat": 41.45381, "lng": -70.56486, "population": 2324}, {"name": "West Dennis CDP, Massachusetts", "lat": 41.66672, "lng": -70.16585, "population": 2304}, {"name": "North Eastham CDP, Massachusetts", "lat": 41.83332, "lng": -70.00379, "population": 2296}, {"name": "North Brookfield CDP, Massachusetts", "lat": 42.27117, "lng": -72.08421, "population": 2256}, {"name": "Great Barrington CDP, Massachusetts", "lat": 42.19397, "lng": -73.36147, "population": 2234}, {"name": "Cedar Crest CDP, Massachusetts", "lat": 42.07645, "lng": -70.6614, "population": 2230}, {"name": "West Wareham CDP, Massachusetts", "lat": 41.79174, "lng": -70.75787, "population": 2224}, {"name": "White Island Shores CDP, Massachusetts", "lat": 41.79782, "lng": -70.63717, "population": 2180}, {"name": "Rutland CDP, Massachusetts", "lat": 42.37153, "lng": -71.95774, "population": 2179}, {"name": "East Pepperell CDP, Massachusetts", "lat": 42.66253, "lng": -71.5621, "population": 2120}, {"name": "Baldwinville CDP, Massachusetts", "lat": 42.60484, "lng": -72.07882, "population": 2117}, {"name": "Weweantic CDP, Massachusetts", "lat": 41.7476, "lng": -70.74002, "population": 2109}, {"name": "Brewster CDP, Massachusetts", "lat": 41.76093, "lng": -70.07037, "population": 2028}, {"name": "Hanson CDP, Massachusetts", "lat": 42.06503, "lng": -70.84977, "population": 2028}, {"name": "Harwich Center CDP, Massachusetts", "lat": 41.69208, "lng": -70.06632, "population": 1995}, {"name": "Monson Center CDP, Massachusetts", "lat": 42.09785, "lng": -72.29614, "population": 1952}, {"name": "South Deerfield CDP, Massachusetts", "lat": 42.48139, "lng": -72.58979, "population": 1930}, {"name": "Harwich Port CDP, Massachusetts", "lat": 41.67344, "lng": -70.06542, "population": 1899}, {"name": "Duxbury CDP, Massachusetts", "lat": 42.04435, "lng": -70.67924, "population": 1896}, {"name": "Lee CDP, Massachusetts", "lat": 42.30684, "lng": -73.25074, "population": 1880}, {"name": "South Lancaster CDP, Massachusetts", "lat": 42.43702, "lng": -71.69709, "population": 1838}, {"name": "West Falmouth CDP, Massachusetts", "lat": 41.6015, "lng": -70.63932, "population": 1812}, {"name": "Lunenburg CDP, Massachusetts", "lat": 42.59342, "lng": -71.72697, "population": 1789}, {"name": "Orleans CDP, Massachusetts", "lat": 41.78776, "lng": -70.00151, "population": 1767}, {"name": "Shelburne Falls CDP, Massachusetts", "lat": 42.60951, "lng": -72.74698, "population": 1719}, {"name": "Devens CDP, Massachusetts", "lat": 42.54337, "lng": -71.61403, "population": 1697}, {"name": "Teaticket CDP, Massachusetts", "lat": 41.56258, "lng": -70.58735, "population": 1663}, {"name": "Lenox CDP, Massachusetts", "lat": 42.36123, "lng": -73.28679, "population": 1639}, {"name": "West Chatham CDP, Massachusetts", "lat": 41.68098, "lng": -69.99257, "population": 1619}, {"name": "Onset CDP, Massachusetts", "lat": 41.746, "lng": -70.66826, "population": 1617}, {"name": "Shirley CDP, Massachusetts", "lat": 42.53646, "lng": -71.66735, "population": 1611}, {"name": "Chatham CDP, Massachusetts", "lat": 41.67385, "lng": -69.96296, "population": 1551}, {"name": "Holland CDP, Massachusetts", "lat": 42.05105, "lng": -72.15281, "population": 1551}, {"name": "Rowley CDP, Massachusetts", "lat": 42.71797, "lng": -70.86692, "population": 1523}, {"name": "Essex CDP, Massachusetts", "lat": 42.64045, "lng": -70.77116, "population": 1517}, {"name": "Hanscom AFB CDP, Massachusetts", "lat": 42.45823, "lng": -71.27932, "population": 1516}, {"name": "Bourne CDP, Massachusetts", "lat": 41.73201, "lng": -70.61577, "population": 1497}, {"name": "Hatfield CDP, Massachusetts", "lat": 42.37288, "lng": -72.60374, "population": 1453}, {"name": "West Brookfield CDP, Massachusetts", "lat": 42.24188, "lng": -72.14686, "population": 1375}, {"name": "Groton CDP, Massachusetts", "lat": 42.61164, "lng": -71.56474, "population": 1353}, {"name": "Warren CDP, Massachusetts", "lat": 42.21829, "lng": -72.1856, "population": 1333}, {"name": "Granby CDP, Massachusetts", "lat": 42.26595, "lng": -72.52885, "population": 1306}, {"name": "East Brookfield CDP, Massachusetts", "lat": 42.2291, "lng": -72.05243, "population": 1292}, {"name": "Townsend CDP, Massachusetts", "lat": 42.67667, "lng": -71.70977, "population": 1213}, {"name": "Marion Center CDP, Massachusetts", "lat": 41.69661, "lng": -70.7555, "population": 1172}, {"name": "South Ashburnham CDP, Massachusetts", "lat": 42.62106, "lng": -71.94343, "population": 1136}, {"name": "Edgartown CDP, Massachusetts", "lat": 41.38991, "lng": -70.51967, "population": 1107}, {"name": "Housatonic CDP, Massachusetts", "lat": 42.24118, "lng": -73.35622, "population": 1083}, {"name": "Mashpee Neck CDP, Massachusetts", "lat": 41.61272, "lng": -70.46793, "population": 1076}, {"name": "Northfield CDP, Massachusetts", "lat": 42.71325, "lng": -72.42267, "population": 1051}, {"name": "Barre CDP, Massachusetts", "lat": 42.42301, "lng": -72.10638, "population": 1029}, {"name": "Millers Falls CDP, Massachusetts", "lat": 42.57918, "lng": -72.49223, "population": 994}, {"name": "Huntington CDP, Massachusetts", "lat": 42.24383, "lng": -72.89182, "population": 857}, {"name": "New Seabury CDP, Massachusetts", "lat": 41.57485, "lng": -70.47903, "population": 852}, {"name": "Woods Hole CDP, Massachusetts", "lat": 41.52869, "lng": -70.66648, "population": 834}, {"name": "Brookfield CDP, Massachusetts", "lat": 42.215, "lng": -72.10274, "population": 824}, {"name": "West Warren CDP, Massachusetts", "lat": 42.21931, "lng": -72.23123, "population": 721}, {"name": "Russell CDP, Massachusetts", "lat": 42.20394, "lng": -72.86186, "population": 690}, {"name": "Chester CDP, Massachusetts", "lat": 42.28071, "lng": -72.98014, "population": 552}, {"name": "Cheshire CDP, Massachusetts", "lat": 42.56114, "lng": -73.16234, "population": 545}, {"name": "Siasconset CDP, Massachusetts", "lat": 41.26526, "lng": -69.97303, "population": 505}, {"name": "Deerfield CDP, Massachusetts", "lat": 42.5479, "lng": -72.6024, "population": 479}, {"name": "Lenox Dale CDP, Massachusetts", "lat": 42.33373, "lng": -73.2492, "population": 466}, {"name": "Seabrook CDP, Massachusetts", "lat": 41.58538, "lng": -70.49795, "population": 448}, {"name": "Green Harbor CDP, Massachusetts", "lat": 42.066, "lng": -70.64873, "population": 394}, {"name": "Madaket CDP, Massachusetts", "lat": 41.28238, "lng": -70.18331, "population": 377}, {"name": "Blandford CDP, Massachusetts", "lat": 42.17501, "lng": -72.92386, "population": 363}, {"name": "Popponesset CDP, Massachusetts", "lat": 41.5736, "lng": -70.46341, "population": 280}, {"name": "Petersham CDP, Massachusetts", "lat": 42.49104, "lng": -72.18725, "population": 225}, {"name": "Monomoscoy Island CDP, Massachusetts", "lat": 41.57595, "lng": -70.49921, "population": 139}, {"name": "Seconsett Island CDP, Massachusetts", "lat": 41.56679, "lng": -70.51222, "population": 98}, {"name": "Popponesset Island CDP, Massachusetts", "lat": 41.58386, "lng": -70.46014, "population": 45}]