[{"name": "Minneapolis city, Minnesota", "lat": 44.96332, "lng": -93.26832, "population": 429954}, {"name": "St. Paul city, Minnesota", "lat": 44.9489, "lng": -93.10406, "population": 311527}, {"name": "Rochester city, Minnesota", "lat": 44.01544, "lng": -92.47721, "population": 121395}, {"name": "Bloomington city, Minnesota", "lat": 44.82967, "lng": -93.31522, "population": 89987}, {"name": "Duluth city, Minnesota", "lat": 46.77446, "lng": -92.13414, "population": 86697}, {"name": "Brooklyn Park city, Minnesota", "lat": 45.11091, "lng": -93.34909, "population": 86478}, {"name": "Plymouth city, Minnesota", "lat": 45.02204, "lng": -93.46258, "population": 81026}, {"name": "Woodbury city, Minnesota", "lat": 44.90628, "lng": -92.9237, "population": 75102}, {"name": "Maple Grove city, Minnesota", "lat": 45.11276, "lng": -93.46298, "population": 70253}, {"name": "Blaine city, Minnesota", "lat": 45.17052, "lng": -93.20609, "population": 70222}, {"name": "Lakeville city, Minnesota", "lat": 44.67613, "lng": -93.25174, "population": 69490}, {"name": "St. Cloud city, Minnesota", "lat": 45.52666, "lng": -94.17101, "population": 68881}, {"name": "Eagan city, Minnesota", "lat": 44.81522, "lng": -93.16282, "population": 68855}, {"name": "Burnsville city, Minnesota", "lat": 44.76441, "lng": -93.27937, "population": 64317}, {"name": "Eden Prairie city, Minnesota", "lat": 44.84792, "lng": -93.45865, "population": 64198}, {"name": "Coon Rapids city, Minnesota", "lat": 45.17641, "lng": -93.31145, "population": 63599}, {"name": "Apple Valley city, Minnesota", "lat": 44.7453, "lng": -93.19941, "population": 56374}, {"name": "Minnetonka city, Minnesota", "lat": 44.93256, "lng": -93.4567, "population": 53781}, {"name": "Edina city, Minnesota", "lat": 44.89112, "lng": -93.35975, "population": 53494}, {"name": "St. Louis Park city, Minnesota", "lat": 44.94868, "lng": -93.36504, "population": 50010}, {"name": "Moorhead city, Minnesota", "lat": 46.8647, "lng": -96.74455, "population": 44505}, {"name": "Mankato city, Minnesota", "lat": 44.17111, "lng": -93.9775, "population": 44488}, {"name": "Shakopee city, Minnesota", "lat": 44.77191, "lng": -93.4757, "population": 43698}, {"name": "Maplewood city, Minnesota", "lat": 45.01902, "lng": -93.03106, "population": 42088}, {"name": "Cottage Grove city, Minnesota", "lat": 44.81333, "lng": -92.91432, "population": 38839}, {"name": "Richfield city, Minnesota", "lat": 44.87435, "lng": -93.28244, "population": 36994}, {"name": "Roseville city, Minnesota", "lat": 45.01562, "lng": -93.15381, "population": 36254}, {"name": "Inver Grove Heights city, Minnesota", "lat": 44.82901, "lng": -93.06007, "population": 35801}, {"name": "Brooklyn Center city, Minnesota", "lat": 45.06797, "lng": -93.31783, "population": 33782}, {"name": "Andover city, Minnesota", "lat": 45.25242, "lng": -93.3374, "population": 32601}, {"name": "Savage city, Minnesota", "lat": 44.75906, "lng": -93.36421, "population": 32465}, {"name": "Fridley city, Minnesota", "lat": 45.08425, "lng": -93.26005, "population": 29590}, {"name": "Oakdale city, Minnesota", "lat": 44.98755, "lng": -92.96355, "population": 28303}, {"name": "Chaska city, Minnesota", "lat": 44.81636, "lng": -93.61002, "population": 27810}, {"name": "Ramsey city, Minnesota", "lat": 45.26002, "lng": -93.45223, "population": 27646}, {"name": "Prior Lake city, Minnesota", "lat": 44.72559, "lng": -93.44088, "population": 27617}, {"name": "Shoreview city, Minnesota", "lat": 45.08299, "lng": -93.14049, "population": 26921}, {"name": "Owatonna city, Minnesota", "lat": 44.0919, "lng": -93.23171, "population": 26420}, {"name": "Austin city, Minnesota", "lat": 43.6721, "lng": -92.97786, "population": 26174}, {"name": "Winona city, Minnesota", "lat": 44.05127, "lng": -91.66808, "population": 25948}, {"name": "Chanhassen city, Minnesota", "lat": 44.85428, "lng": -93.56238, "population": 25947}, {"name": "Elk River city, Minnesota", "lat": 45.33221, "lng": -93.56653, "population": 25835}, {"name": "Rosemount city, Minnesota", "lat": 44.74581, "lng": -93.06886, "population": 25650}, {"name": "White Bear Lake city, Minnesota", "lat": 45.06521, "lng": -93.01287, "population": 24883}, {"name": "Faribault city, Minnesota", "lat": 44.29971, "lng": -93.27895, "population": 24453}, {"name": "Champlin city, Minnesota", "lat": 45.17293, "lng": -93.38683, "population": 23919}, {"name": "Farmington city, Minnesota", "lat": 44.65916, "lng": -93.16871, "population": 23632}, {"name": "New Brighton city, Minnesota", "lat": 45.06723, "lng": -93.20578, "population": 23454}, {"name": "Crystal city, Minnesota", "lat": 45.03731, "lng": -93.35948, "population": 23330}, {"name": "Golden Valley city, Minnesota", "lat": 44.99023, "lng": -93.35874, "population": 22552}, {"name": "Hastings city, Minnesota", "lat": 44.73178, "lng": -92.85328, "population": 22154}, {"name": "New Hope city, Minnesota", "lat": 45.03594, "lng": -93.38689, "population": 21986}, {"name": "Columbia Heights city, Minnesota", "lat": 45.0491, "lng": -93.24675, "population": 21973}, {"name": "Lino Lakes city, Minnesota", "lat": 45.15546, "lng": -93.10686, "population": 21399}, {"name": "Willmar city, Minnesota", "lat": 45.12104, "lng": -95.05865, "population": 21015}, {"name": "Northfield city, Minnesota", "lat": 44.45267, "lng": -93.17569, "population": 20790}, {"name": "South St. Paul city, Minnesota", "lat": 44.88803, "lng": -93.0405, "population": 20759}, {"name": "West St. Paul city, Minnesota", "lat": 44.90241, "lng": -93.08533, "population": 20615}, {"name": "Forest Lake city, Minnesota", "lat": 45.25083, "lng": -92.96692, "population": 20611}, {"name": "Otsego city, Minnesota", "lat": 45.26429, "lng": -93.62074, "population": 19966}, {"name": "Stillwater city, Minnesota", "lat": 45.05861, "lng": -92.83041, "population": 19394}, {"name": "Sartell city, Minnesota", "lat": 45.61809, "lng": -94.21215, "population": 19351}, {"name": "Hopkins city, Minnesota", "lat": 44.92511, "lng": -93.40449, "population": 19079}, {"name": "Albert Lea city, Minnesota", "lat": 43.65429, "lng": -93.36415, "population": 18492}, {"name": "St. Michael city, Minnesota", "lat": 45.19924, "lng": -93.68953, "population": 18235}, {"name": "Anoka city, Minnesota", "lat": 45.2144, "lng": -93.39164, "population": 17921}, {"name": "Red Wing city, Minnesota", "lat": 44.58127, "lng": -92.60501, "population": 16547}, {"name": "Ham Lake city, Minnesota", "lat": 45.25393, "lng": -93.19484, "population": 16464}, {"name": "Hibbing city, Minnesota", "lat": 47.3959, "lng": -92.94647, "population": 16214}, {"name": "Buffalo city, Minnesota", "lat": 45.17951, "lng": -93.864, "population": 16168}, {"name": "Hugo city, Minnesota", "lat": 45.16423, "lng": -92.9601, "population": 15766}, {"name": "Robbinsdale city, Minnesota", "lat": 45.02453, "lng": -93.33064, "population": 14646}, {"name": "Hutchinson city, Minnesota", "lat": 44.88536, "lng": -94.37688, "population": 14599}, {"name": "Bemidji city, Minnesota", "lat": 47.48227, "lng": -94.87968, "population": 14574}, {"name": "Monticello city, Minnesota", "lat": 45.29912, "lng": -93.80024, "population": 14455}, {"name": "Brainerd city, Minnesota", "lat": 46.35527, "lng": -94.19837, "population": 14395}, {"name": "Alexandria city, Minnesota", "lat": 45.87718, "lng": -95.37696, "population": 14335}, {"name": "North Mankato city, Minnesota", "lat": 44.18104, "lng": -94.03803, "population": 14275}, {"name": "New Ulm city, Minnesota", "lat": 44.31207, "lng": -94.4689, "population": 14120}, {"name": "Fergus Falls city, Minnesota", "lat": 46.285, "lng": -96.07614, "population": 14119}, {"name": "Worthington city, Minnesota", "lat": 43.62873, "lng": -95.5997, "population": 13947}, {"name": "Sauk Rapids city, Minnesota", "lat": 45.59472, "lng": -94.15275, "population": 13862}, {"name": "Marshall city, Minnesota", "lat": 44.44852, "lng": -95.78992, "population": 13628}, {"name": "Rogers city, Minnesota", "lat": 45.18385, "lng": -93.57167, "population": 13295}, {"name": "Mounds View city, Minnesota", "lat": 45.10674, "lng": -93.20683, "population": 13249}, {"name": "Waconia city, Minnesota", "lat": 44.84153, "lng": -93.79009, "population": 13033}, {"name": "Vadnais Heights city, Minnesota", "lat": 45.05794, "lng": -93.06645, "population": 12912}, {"name": "Cloquet city, Minnesota", "lat": 46.72507, "lng": -92.50133, "population": 12568}, {"name": "North St. Paul city, Minnesota", "lat": 45.01352, "lng": -93.00184, "population": 12364}, {"name": "St. Peter city, Minnesota", "lat": 44.32928, "lng": -93.96766, "population": 12066}, {"name": "East Bethel city, Minnesota", "lat": 45.3532, "lng": -93.21766, "population": 11786}, {"name": "Mendota Heights city, Minnesota", "lat": 44.87893, "lng": -93.13393, "population": 11744}, {"name": "Big Lake city, Minnesota", "lat": 45.34242, "lng": -93.74304, "population": 11686}, {"name": "Lake Elmo city, Minnesota", "lat": 44.98785, "lng": -92.90965, "population": 11335}, {"name": "Grand Rapids city, Minnesota", "lat": 47.23748, "lng": -93.5322, "population": 11126}, {"name": "Little Canada city, Minnesota", "lat": 45.02327, "lng": -93.08365, "population": 10819}, {"name": "North Branch city, Minnesota", "lat": 45.51094, "lng": -92.94429, "population": 10787}, {"name": "Victoria city, Minnesota", "lat": 44.86212, "lng": -93.65843, "population": 10546}, {"name": "Fairmont city, Minnesota", "lat": 43.64479, "lng": -94.46402, "population": 10487}, {"name": "Hermantown city, Minnesota", "lat": 46.80234, "lng": -92.24084, "population": 10221}, {"name": "Arden Hills city, Minnesota", "lat": 45.07116, "lng": -93.16547, "population": 9939}, {"name": "Detroit Lakes city, Minnesota", "lat": 46.80663, "lng": -95.84484, "population": 9869}, {"name": "Cambridge city, Minnesota", "lat": 45.56077, "lng": -93.2277, "population": 9611}, {"name": "Mound city, Minnesota", "lat": 44.93196, "lng": -93.6583, "population": 9398}, {"name": "St. Anthony city (Hennepin and Ramsey Counties), Minnesota", "lat": 45.03033, "lng": -93.21542, "population": 9257}, {"name": "Waseca city, Minnesota", "lat": 44.08226, "lng": -93.49983, "population": 9229}, {"name": "East Grand Forks city, Minnesota", "lat": 47.92857, "lng": -97.01381, "population": 9176}, {"name": "Little Falls city, Minnesota", "lat": 45.98556, "lng": -94.35968, "population": 9140}, {"name": "Oak Grove city, Minnesota", "lat": 45.34835, "lng": -93.32727, "population": 8929}, {"name": "Thief River Falls city, Minnesota", "lat": 48.11124, "lng": -96.17756, "population": 8749}, {"name": "Baxter city, Minnesota", "lat": 46.34394, "lng": -94.27602, "population": 8612}, {"name": "Virginia city, Minnesota", "lat": 47.52795, "lng": -92.5176, "population": 8421}, {"name": "Waite Park city, Minnesota", "lat": 45.52087, "lng": -94.24298, "population": 8341}, {"name": "Orono city, Minnesota", "lat": 44.96098, "lng": -93.58773, "population": 8315}, {"name": "Minnetrista city, Minnesota", "lat": 44.93862, "lng": -93.71239, "population": 8262}, {"name": "New Prague city, Minnesota", "lat": 44.54595, "lng": -93.57551, "population": 8162}, {"name": "St. Francis city, Minnesota", "lat": 45.39403, "lng": -93.39412, "population": 8142}, {"name": "Mahtomedi city, Minnesota", "lat": 45.06358, "lng": -92.96177, "population": 8138}, {"name": "Wyoming city, Minnesota", "lat": 45.33995, "lng": -92.96829, "population": 8032}, {"name": "Albertville city, Minnesota", "lat": 45.23605, "lng": -93.66267, "population": 7896}, {"name": "Shorewood city, Minnesota", "lat": 44.90244, "lng": -93.59533, "population": 7783}, {"name": "Crookston city, Minnesota", "lat": 47.77467, "lng": -96.60626, "population": 7482}, {"name": "Belle Plaine city, Minnesota", "lat": 44.61923, "lng": -93.76022, "population": 7395}, {"name": "Dayton city, Minnesota", "lat": 45.18909, "lng": -93.47158, "population": 7262}, {"name": "Spring Lake Park city, Minnesota", "lat": 45.11593, "lng": -93.24516, "population": 7188}, {"name": "St. Joseph city, Minnesota", "lat": 45.56507, "lng": -94.30207, "population": 7029}, {"name": "Kasson city, Minnesota", "lat": 44.03325, "lng": -92.74795, "population": 6851}, {"name": "Medina city, Minnesota", "lat": 45.03452, "lng": -93.5756, "population": 6837}, {"name": "Isanti city, Minnesota", "lat": 45.49155, "lng": -93.24282, "population": 6804}, {"name": "Stewartville city, Minnesota", "lat": 43.86057, "lng": -92.48958, "population": 6687}, {"name": "Jordan city, Minnesota", "lat": 44.66463, "lng": -93.64024, "population": 6656}, {"name": "Litchfield city, Minnesota", "lat": 45.12197, "lng": -94.5259, "population": 6624}, {"name": "Delano city, Minnesota", "lat": 45.03844, "lng": -93.79297, "population": 6484}, {"name": "Byron city, Minnesota", "lat": 44.03787, "lng": -92.64107, "population": 6312}, {"name": "Zimmerman city, Minnesota", "lat": 45.44056, "lng": -93.59609, "population": 6189}, {"name": "Corcoran city, Minnesota", "lat": 45.10679, "lng": -93.5779, "population": 6185}, {"name": "Carver city, Minnesota", "lat": 44.76855, "lng": -93.65869, "population": 5829}, {"name": "International Falls city, Minnesota", "lat": 48.58635, "lng": -93.40774, "population": 5802}, {"name": "Glencoe city, Minnesota", "lat": 44.76957, "lng": -94.15103, "population": 5744}, {"name": "Chisago City city, Minnesota", "lat": 45.34558, "lng": -92.91003, "population": 5558}, {"name": "St. Paul Park city, Minnesota", "lat": 44.83568, "lng": -92.99413, "population": 5544}, {"name": "Montevideo city, Minnesota", "lat": 44.95016, "lng": -95.71538, "population": 5398}, {"name": "Falcon Heights city, Minnesota", "lat": 44.98805, "lng": -93.17466, "population": 5369}, {"name": "La Crescent city, Minnesota", "lat": 43.82972, "lng": -91.30495, "population": 5276}, {"name": "North Oaks city, Minnesota", "lat": 45.10484, "lng": -93.10107, "population": 5272}, {"name": "Lake City city, Minnesota", "lat": 44.4457, "lng": -92.28092, "population": 5252}, {"name": "Morris city, Minnesota", "lat": 45.58588, "lng": -95.90541, "population": 5105}, {"name": "Redwood Falls city, Minnesota", "lat": 44.54713, "lng": -95.10264, "population": 5102}, {"name": "Circle Pines city, Minnesota", "lat": 45.14375, "lng": -93.14752, "population": 5025}, {"name": "Luverne city, Minnesota", "lat": 43.65357, "lng": -96.2151, "population": 4946}, {"name": "Lindstrom city, Minnesota", "lat": 45.38582, "lng": -92.84367, "population": 4888}, {"name": "Becker city, Minnesota", "lat": 45.38391, "lng": -93.87636, "population": 4877}, {"name": "Oak Park Heights city, Minnesota", "lat": 45.03343, "lng": -92.81019, "population": 4849}, {"name": "Elko New Market city, Minnesota", "lat": 44.56654, "lng": -93.33805, "population": 4846}, {"name": "Princeton city, Minnesota", "lat": 45.56822, "lng": -93.59025, "population": 4819}, {"name": "Windom city, Minnesota", "lat": 43.87355, "lng": -95.11914, "population": 4798}, {"name": "St. James city, Minnesota", "lat": 43.98336, "lng": -94.62539, "population": 4793}, {"name": "Chisholm city, Minnesota", "lat": 47.48753, "lng": -92.8794, "population": 4775}, {"name": "Lonsdale city, Minnesota", "lat": 44.47763, "lng": -93.42423, "population": 4686}, {"name": "Watertown city, Minnesota", "lat": 44.96021, "lng": -93.84392, "population": 4659}, {"name": "Dilworth city, Minnesota", "lat": 46.87944, "lng": -96.69833, "population": 4612}, {"name": "Sauk Centre city, Minnesota", "lat": 45.73647, "lng": -94.95273, "population": 4555}, {"name": "Nowthen city, Minnesota", "lat": 45.34312, "lng": -93.44955, "population": 4536}, {"name": "Rockford city, Minnesota", "lat": 45.09118, "lng": -93.74524, "population": 4500}, {"name": "Wayzata city, Minnesota", "lat": 44.96998, "lng": -93.51821, "population": 4434}, {"name": "Wadena city, Minnesota", "lat": 46.44719, "lng": -95.1267, "population": 4325}, {"name": "Cannon Falls city, Minnesota", "lat": 44.51727, "lng": -92.88934, "population": 4220}, {"name": "Pipestone city, Minnesota", "lat": 43.99592, "lng": -96.31108, "population": 4215}, {"name": "Le Sueur city, Minnesota", "lat": 44.47051, "lng": -93.90177, "population": 4213}, {"name": "Cold Spring city, Minnesota", "lat": 45.45743, "lng": -94.42976, "population": 4164}, {"name": "Columbus city, Minnesota", "lat": 45.25491, "lng": -93.10768, "population": 4159}, {"name": "Goodview city, Minnesota", "lat": 44.06881, "lng": -91.71464, "population": 4158}, {"name": "Park Rapids city, Minnesota", "lat": 46.91639, "lng": -95.05793, "population": 4142}, {"name": "Rice Lake city, Minnesota", "lat": 46.9089, "lng": -92.13223, "population": 4112}, {"name": "Bayport city, Minnesota", "lat": 45.01485, "lng": -92.77891, "population": 4024}, {"name": "St. Charles city, Minnesota", "lat": 43.96875, "lng": -92.0593, "population": 3990}, {"name": "Scandia city, Minnesota", "lat": 45.25154, "lng": -92.83341, "population": 3984}, {"name": "Grant city, Minnesota", "lat": 45.08208, "lng": -92.91095, "population": 3966}, {"name": "Deephaven city, Minnesota", "lat": 44.93197, "lng": -93.5291, "population": 3899}, {"name": "Centerville city, Minnesota", "lat": 45.16746, "lng": -93.05517, "population": 3896}, {"name": "Norwood Young America city, Minnesota", "lat": 44.77211, "lng": -93.91729, "population": 3863}, {"name": "Newport city, Minnesota", "lat": 44.8744, "lng": -92.99865, "population": 3797}, {"name": "Montrose city, Minnesota", "lat": 45.06654, "lng": -93.92025, "population": 3775}, {"name": "Pine Island city, Minnesota", "lat": 44.19812, "lng": -92.62812, "population": 3769}, {"name": "Independence city, Minnesota", "lat": 45.01859, "lng": -93.71975, "population": 3755}, {"name": "Zumbrota city, Minnesota", "lat": 44.29536, "lng": -92.67484, "population": 3726}, {"name": "Mora city, Minnesota", "lat": 45.87698, "lng": -93.29028, "population": 3665}, {"name": "Long Prairie city, Minnesota", "lat": 45.97472, "lng": -94.86135, "population": 3661}, {"name": "Two Harbors city, Minnesota", "lat": 47.02995, "lng": -91.67574, "population": 3633}, {"name": "Melrose city, Minnesota", "lat": 45.67701, "lng": -94.81477, "population": 3602}, {"name": "Hanover city, Minnesota", "lat": 45.15776, "lng": -93.66275, "population": 3548}, {"name": "Perham city, Minnesota", "lat": 46.59961, "lng": -95.5771, "population": 3512}, {"name": "St. Augusta city, Minnesota", "lat": 45.45017, "lng": -94.19379, "population": 3497}, {"name": "Eveleth city, Minnesota", "lat": 47.47496, "lng": -92.54964, "population": 3493}, {"name": "Plainview city, Minnesota", "lat": 44.16469, "lng": -92.16919, "population": 3483}, {"name": "Benson city, Minnesota", "lat": 45.31518, "lng": -95.60537, "population": 3480}, {"name": "Sleepy Eye city, Minnesota", "lat": 44.29896, "lng": -94.72361, "population": 3452}, {"name": "Breckenridge city, Minnesota", "lat": 46.26621, "lng": -96.58499, "population": 3430}, {"name": "Annandale city, Minnesota", "lat": 45.25986, "lng": -94.12046, "population": 3330}, {"name": "Jackson city, Minnesota", "lat": 43.62568, "lng": -94.98859, "population": 3323}, {"name": "Eagle Lake city, Minnesota", "lat": 44.1635, "lng": -93.88202, "population": 3278}, {"name": "Ely city, Minnesota", "lat": 47.9056, "lng": -91.85073, "population": 3268}, {"name": "Montgomery city, Minnesota", "lat": 44.4454, "lng": -93.58006, "population": 3249}, {"name": "Rush City city, Minnesota", "lat": 45.68744, "lng": -92.9653, "population": 3228}, {"name": "Blue Earth city, Minnesota", "lat": 43.64099, "lng": -94.10034, "population": 3174}, {"name": "Pine City city, Minnesota", "lat": 45.83847, "lng": -92.96781, "population": 3130}, {"name": "Proctor city, Minnesota", "lat": 46.74067, "lng": -92.22822, "population": 3120}, {"name": "Milaca city, Minnesota", "lat": 45.75675, "lng": -93.65126, "population": 3021}, {"name": "Chatfield city, Minnesota", "lat": 43.84446, "lng": -92.18285, "population": 2997}, {"name": "Staples city, Minnesota", "lat": 46.37215, "lng": -94.81501, "population": 2989}, {"name": "Afton city, Minnesota", "lat": 44.89878, "lng": -92.81911, "population": 2955}, {"name": "Greenfield city, Minnesota", "lat": 45.09407, "lng": -93.69077, "population": 2903}, {"name": "Mountain Iron city, Minnesota", "lat": 47.53669, "lng": -92.61657, "population": 2878}, {"name": "Caledonia city, Minnesota", "lat": 43.63413, "lng": -91.5004, "population": 2847}, {"name": "Dodge Center city, Minnesota", "lat": 44.02852, "lng": -92.85216, "population": 2844}, {"name": "Cokato city, Minnesota", "lat": 45.07672, "lng": -94.18755, "population": 2799}, {"name": "Moose Lake city, Minnesota", "lat": 46.4503, "lng": -92.76095, "population": 2789}, {"name": "Albany city, Minnesota", "lat": 45.62666, "lng": -94.56325, "population": 2780}, {"name": "Barnesville city, Minnesota", "lat": 46.65028, "lng": -96.41646, "population": 2759}, {"name": "Roseau city, Minnesota", "lat": 48.84454, "lng": -95.76255, "population": 2744}, {"name": "Granite Falls city, Minnesota", "lat": 44.80727, "lng": -95.54234, "population": 2737}, {"name": "Foley city, Minnesota", "lat": 45.6636, "lng": -93.90946, "population": 2711}, {"name": "Cohasset city, Minnesota", "lat": 47.24245, "lng": -93.66423, "population": 2689}, {"name": "Osseo city, Minnesota", "lat": 45.11787, "lng": -93.3992, "population": 2688}, {"name": "Glenwood city, Minnesota", "lat": 45.66239, "lng": -95.38836, "population": 2657}, {"name": "Pelican Rapids city, Minnesota", "lat": 46.57028, "lng": -96.08585, "population": 2577}, {"name": "Breezy Point city, Minnesota", "lat": 46.60912, "lng": -94.20731, "population": 2574}, {"name": "Wabasha city, Minnesota", "lat": 44.37111, "lng": -92.0457, "population": 2559}, {"name": "Lake Crystal city, Minnesota", "lat": 44.1054, "lng": -94.21914, "population": 2539}, {"name": "Le Center city, Minnesota", "lat": 44.38657, "lng": -93.73108, "population": 2517}, {"name": "Sandstone city, Minnesota", "lat": 46.12904, "lng": -92.86455, "population": 2462}, {"name": "Mayer city, Minnesota", "lat": 44.88892, "lng": -93.89454, "population": 2453}, {"name": "Spring Valley city, Minnesota", "lat": 43.6888, "lng": -92.38976, "population": 2447}, {"name": "Janesville city, Minnesota", "lat": 44.11985, "lng": -93.7097, "population": 2421}, {"name": "Wells city, Minnesota", "lat": 43.74267, "lng": -93.72806, "population": 2410}, {"name": "Madelia city, Minnesota", "lat": 44.04816, "lng": -94.41993, "population": 2396}, {"name": "Pequot Lakes city, Minnesota", "lat": 46.58809, "lng": -94.28797, "population": 2395}, {"name": "Crosslake city, Minnesota", "lat": 46.67821, "lng": -94.10201, "population": 2394}, {"name": "Paynesville city, Minnesota", "lat": 45.37852, "lng": -94.72159, "population": 2388}, {"name": "Rockville city, Minnesota", "lat": 45.46605, "lng": -94.31892, "population": 2382}, {"name": "Crosby city, Minnesota", "lat": 46.49327, "lng": -93.94569, "population": 2360}, {"name": "Excelsior city, Minnesota", "lat": 44.9027, "lng": -93.56643, "population": 2355}, {"name": "Olivia city, Minnesota", "lat": 44.77706, "lng": -94.99716, "population": 2343}, {"name": "St. Bonifacius city, Minnesota", "lat": 44.90507, "lng": -93.74829, "population": 2307}, {"name": "Gaylord city, Minnesota", "lat": 44.55586, "lng": -94.2133, "population": 2273}, {"name": "Lauderdale city, Minnesota", "lat": 44.99441, "lng": -93.20313, "population": 2271}, {"name": "Lexington city, Minnesota", "lat": 45.13815, "lng": -93.17137, "population": 2248}, {"name": "Arlington city, Minnesota", "lat": 44.60827, "lng": -94.07682, "population": 2247}, {"name": "Winsted city, Minnesota", "lat": 44.95819, "lng": -94.05028, "population": 2240}, {"name": "Hawley city, Minnesota", "lat": 46.8731, "lng": -96.31927, "population": 2219}, {"name": "Aitkin city, Minnesota", "lat": 46.52665, "lng": -93.70499, "population": 2168}, {"name": "Maple Lake city, Minnesota", "lat": 45.23263, "lng": -94.00955, "population": 2159}, {"name": "Esko CDP, Minnesota", "lat": 46.71004, "lng": -92.3721, "population": 2082}, {"name": "Tracy city, Minnesota", "lat": 44.24039, "lng": -95.62085, "population": 2076}, {"name": "Howard Lake city, Minnesota", "lat": 45.05399, "lng": -94.061, "population": 2071}, {"name": "Cologne city, Minnesota", "lat": 44.76982, "lng": -93.79243, "population": 2047}, {"name": "Springfield city, Minnesota", "lat": 44.23721, "lng": -94.98187, "population": 2027}, {"name": "Ortonville city, Minnesota", "lat": 45.30244, "lng": -96.44222, "population": 2021}, {"name": "Hoyt Lakes city, Minnesota", "lat": 47.57162, "lng": -92.10833, "population": 2020}, {"name": "Slayton city, Minnesota", "lat": 43.99018, "lng": -95.7577, "population": 2013}, {"name": "Eyota city, Minnesota", "lat": 43.98831, "lng": -92.23212, "population": 2006}, {"name": "Coleraine city, Minnesota", "lat": 47.25873, "lng": -93.45394, "population": 2006}, {"name": "Mountain Lake city, Minnesota", "lat": 43.94013, "lng": -94.9277, "population": 1999}, {"name": "Rice city, Minnesota", "lat": 45.75862, "lng": -94.24291, "population": 1975}, {"name": "Blooming Prairie city, Minnesota", "lat": 43.86838, "lng": -93.05523, "population": 1974}, {"name": "Nisswa city, Minnesota", "lat": 46.50066, "lng": -94.29778, "population": 1967}, {"name": "Clearwater city, Minnesota", "lat": 45.40988, "lng": -94.04456, "population": 1922}, {"name": "Hinckley city, Minnesota", "lat": 46.01303, "lng": -92.91272, "population": 1904}, {"name": "Waverly city, Minnesota", "lat": 45.06374, "lng": -93.96663, "population": 1900}, {"name": "Lester Prairie city, Minnesota", "lat": 44.88332, "lng": -94.037, "population": 1894}, {"name": "Kenyon city, Minnesota", "lat": 44.27255, "lng": -92.9864, "population": 1894}, {"name": "Rushford city, Minnesota", "lat": 43.81344, "lng": -91.75383, "population": 1860}, {"name": "Silver Bay city, Minnesota", "lat": 47.29331, "lng": -91.27681, "population": 1857}, {"name": "Warroad city, Minnesota", "lat": 48.9171, "lng": -95.32798, "population": 1830}, {"name": "Oronoco city, Minnesota", "lat": 44.15845, "lng": -92.53919, "population": 1802}, {"name": "Red Lake CDP, Minnesota", "lat": 47.86989, "lng": -95.00502, "population": 1786}, {"name": "Osakis city, Minnesota", "lat": 45.86537, "lng": -95.15307, "population": 1771}, {"name": "Braham city, Minnesota", "lat": 45.72235, "lng": -93.1722, "population": 1769}, {"name": "Waterville city, Minnesota", "lat": 44.22189, "lng": -93.57257, "population": 1750}, {"name": "Maple Plain city, Minnesota", "lat": 45.00863, "lng": -93.66237, "population": 1743}, {"name": "Long Lake city, Minnesota", "lat": 44.98325, "lng": -93.57005, "population": 1741}, {"name": "Ada city, Minnesota", "lat": 47.29886, "lng": -96.5165, "population": 1740}, {"name": "Lakefield city, Minnesota", "lat": 43.67801, "lng": -95.16945, "population": 1735}, {"name": "Spring Park city, Minnesota", "lat": 44.93593, "lng": -93.63011, "population": 1734}, {"name": "Dundas city, Minnesota", "lat": 44.42764, "lng": -93.20388, "population": 1712}, {"name": "Lakeland city, Minnesota", "lat": 44.95317, "lng": -92.76663, "population": 1710}, {"name": "Mapleton city, Minnesota", "lat": 43.92714, "lng": -93.95528, "population": 1710}, {"name": "Stacy city, Minnesota", "lat": 45.3954, "lng": -92.98597, "population": 1703}, {"name": "Canby city, Minnesota", "lat": 44.7161, "lng": -96.26976, "population": 1695}, {"name": "Gilbert city, Minnesota", "lat": 47.49078, "lng": -92.45831, "population": 1687}, {"name": "Rock Creek city, Minnesota", "lat": 45.76465, "lng": -92.90351, "population": 1682}, {"name": "Aurora city, Minnesota", "lat": 47.53164, "lng": -92.24101, "population": 1678}, {"name": "Avon city, Minnesota", "lat": 45.60666, "lng": -94.45005, "population": 1618}, {"name": "Warren city, Minnesota", "lat": 48.19403, "lng": -96.76882, "population": 1605}, {"name": "St. John's University CDP, Minnesota", "lat": 45.57972, "lng": -94.39187, "population": 1585}, {"name": "Lewiston city, Minnesota", "lat": 43.98239, "lng": -91.86949, "population": 1533}, {"name": "Madison city, Minnesota", "lat": 45.01276, "lng": -96.18906, "population": 1518}, {"name": "Richmond city, Minnesota", "lat": 45.45451, "lng": -94.51361, "population": 1475}, {"name": "Dassel city, Minnesota", "lat": 45.08487, "lng": -94.31696, "population": 1472}, {"name": "Dawson city, Minnesota", "lat": 44.92898, "lng": -96.05038, "population": 1466}, {"name": "Wheaton city, Minnesota", "lat": 45.80588, "lng": -96.49805, "population": 1460}, {"name": "Tonka Bay city, Minnesota", "lat": 44.9144, "lng": -93.58554, "population": 1442}, {"name": "Fosston city, Minnesota", "lat": 47.58514, "lng": -95.75268, "population": 1434}, {"name": "Clara City city, Minnesota", "lat": 44.95744, "lng": -95.36767, "population": 1423}, {"name": "Pierz city, Minnesota", "lat": 45.9772, "lng": -94.10082, "population": 1418}, {"name": "Babbitt city, Minnesota", "lat": 47.6431, "lng": -91.92834, "population": 1397}, {"name": "Appleton city, Minnesota", "lat": 45.19947, "lng": -96.02223, "population": 1392}, {"name": "Winnebago city, Minnesota", "lat": 43.76495, "lng": -94.17063, "population": 1391}, {"name": "Fulda city, Minnesota", "lat": 43.86738, "lng": -95.60552, "population": 1371}, {"name": "Minneota city, Minnesota", "lat": 44.56253, "lng": -95.98272, "population": 1366}, {"name": "Starbuck city, Minnesota", "lat": 45.6116, "lng": -95.5322, "population": 1365}, {"name": "Hayfield city, Minnesota", "lat": 43.89025, "lng": -92.84705, "population": 1364}, {"name": "Menahga city, Minnesota", "lat": 46.7537, "lng": -95.10286, "population": 1340}, {"name": "Red Lake Falls city, Minnesota", "lat": 47.88369, "lng": -96.27273, "population": 1339}, {"name": "Grand Marais city, Minnesota", "lat": 47.75856, "lng": -90.34432, "population": 1337}, {"name": "Frazee city, Minnesota", "lat": 46.72906, "lng": -95.70396, "population": 1335}, {"name": "Winthrop city, Minnesota", "lat": 44.54225, "lng": -94.36001, "population": 1332}, {"name": "Preston city, Minnesota", "lat": 43.67257, "lng": -92.0828, "population": 1322}, {"name": "Medford city, Minnesota", "lat": 44.16853, "lng": -93.24726, "population": 1315}, {"name": "Glyndon city, Minnesota", "lat": 46.87094, "lng": -96.57841, "population": 1306}, {"name": "Redby CDP, Minnesota", "lat": 47.87004, "lng": -94.90367, "population": 1302}, {"name": "Renville city, Minnesota", "lat": 44.79078, "lng": -95.20479, "population": 1301}, {"name": "New York Mills city, Minnesota", "lat": 46.51963, "lng": -95.37278, "population": 1294}, {"name": "Bagley city, Minnesota", "lat": 47.52439, "lng": -95.40277, "population": 1285}, {"name": "Royalton city, Minnesota", "lat": 45.83021, "lng": -94.29306, "population": 1281}, {"name": "Elbow Lake city, Minnesota", "lat": 45.9896, "lng": -95.97877, "population": 1276}, {"name": "Edgerton city, Minnesota", "lat": 43.87533, "lng": -96.13047, "population": 1258}, {"name": "Spring Grove city, Minnesota", "lat": 43.56075, "lng": -91.63697, "population": 1256}, {"name": "New London city, Minnesota", "lat": 45.29688, "lng": -94.94753, "population": 1252}, {"name": "Fairfax city, Minnesota", "lat": 44.52832, "lng": -94.72299, "population": 1250}, {"name": "Goodhue city, Minnesota", "lat": 44.39943, "lng": -92.62546, "population": 1250}, {"name": "Madison Lake city, Minnesota", "lat": 44.20806, "lng": -93.81785, "population": 1247}, {"name": "Mahnomen city, Minnesota", "lat": 47.31465, "lng": -95.96739, "population": 1240}, {"name": "New Richland city, Minnesota", "lat": 43.89391, "lng": -93.49392, "population": 1229}, {"name": "Adrian city, Minnesota", "lat": 43.63356, "lng": -95.9328, "population": 1194}, {"name": "Dellwood city, Minnesota", "lat": 45.09881, "lng": -92.96762, "population": 1171}, {"name": "Cottonwood city, Minnesota", "lat": 44.61102, "lng": -95.67186, "population": 1149}, {"name": "Nicollet city, Minnesota", "lat": 44.27461, "lng": -94.18807, "population": 1143}, {"name": "Shafer city, Minnesota", "lat": 45.38996, "lng": -92.75834, "population": 1142}, {"name": "Tyler city, Minnesota", "lat": 44.27794, "lng": -96.1361, "population": 1138}, {"name": "Grand Meadow city, Minnesota", "lat": 43.7062, "lng": -92.57016, "population": 1127}, {"name": "Atwater city, Minnesota", "lat": 45.13549, "lng": -94.77688, "population": 1124}, {"name": "Elgin city, Minnesota", "lat": 44.12922, "lng": -92.25443, "population": 1115}, {"name": "Wanamingo city, Minnesota", "lat": 44.30271, "lng": -92.78725, "population": 1113}, {"name": "Spicer city, Minnesota", "lat": 45.23364, "lng": -94.93996, "population": 1112}, {"name": "Harris city, Minnesota", "lat": 45.59777, "lng": -92.98864, "population": 1111}, {"name": "Mantorville city, Minnesota", "lat": 44.06439, "lng": -92.75356, "population": 1111}, {"name": "Truman city, Minnesota", "lat": 43.82787, "lng": -94.43657, "population": 1092}, {"name": "Sherburn city, Minnesota", "lat": 43.6549, "lng": -94.72749, "population": 1058}, {"name": "Lake Shore city, Minnesota", "lat": 46.50435, "lng": -94.36651, "population": 1056}, {"name": "Taylors Falls city, Minnesota", "lat": 45.41559, "lng": -92.66729, "population": 1055}, {"name": "Lake St. Croix Beach city, Minnesota", "lat": 44.92449, "lng": -92.76612, "population": 1043}, {"name": "Harmony city, Minnesota", "lat": 43.554, "lng": -92.00747, "population": 1043}, {"name": "Eden Valley city, Minnesota", "lat": 45.32557, "lng": -94.54593, "population": 1027}, {"name": "Little Rock CDP, Minnesota", "lat": 47.86459, "lng": -95.10016, "population": 1021}, {"name": "Parkers Prairie city, Minnesota", "lat": 46.15283, "lng": -95.32831, "population": 1020}, {"name": "Hector city, Minnesota", "lat": 44.74126, "lng": -94.71208, "population": 1012}, {"name": "Bird Island city, Minnesota", "lat": 44.76476, "lng": -94.89493, "population": 1005}, {"name": "Houston city, Minnesota", "lat": 43.75664, "lng": -91.57268, "population": 997}, {"name": "Watkins city, Minnesota", "lat": 45.31583, "lng": -94.412, "population": 991}, {"name": "Scanlon city, Minnesota", "lat": 46.70594, "lng": -92.42873, "population": 987}, {"name": "East Gull Lake city, Minnesota", "lat": 46.39705, "lng": -94.36379, "population": 986}, {"name": "Keewatin city, Minnesota", "lat": 47.39944, "lng": -93.0842, "population": 984}, {"name": "Nashwauk city, Minnesota", "lat": 47.37996, "lng": -93.16669, "population": 970}, {"name": "Walker city, Minnesota", "lat": 47.09217, "lng": -94.58766, "population": 966}, {"name": "Baudette city, Minnesota", "lat": 48.71227, "lng": -94.59181, "population": 966}, {"name": "Biwabik city, Minnesota", "lat": 47.54031, "lng": -92.34217, "population": 961}, {"name": "Henderson city, Minnesota", "lat": 44.5243, "lng": -93.91355, "population": 960}, {"name": "Hilltop city, Minnesota", "lat": 45.05358, "lng": -93.25013, "population": 958}, {"name": "Le Roy city, Minnesota", "lat": 43.51328, "lng": -92.50779, "population": 957}, {"name": "Buhl city, Minnesota", "lat": 47.49859, "lng": -92.78111, "population": 952}, {"name": "Morristown city, Minnesota", "lat": 44.22351, "lng": -93.4496, "population": 949}, {"name": "Carlton city, Minnesota", "lat": 46.667, "lng": -92.39236, "population": 948}, {"name": "Pine River city, Minnesota", "lat": 46.72329, "lng": -94.3966, "population": 911}, {"name": "Deer River city, Minnesota", "lat": 47.33908, "lng": -93.79281, "population": 909}, {"name": "Martin Lake CDP, Minnesota", "lat": 45.38338, "lng": -93.08994, "population": 907}, {"name": "Hallock city, Minnesota", "lat": 48.76541, "lng": -96.94249, "population": 906}, {"name": "Morgan city, Minnesota", "lat": 44.41586, "lng": -94.92489, "population": 888}, {"name": "Mazeppa city, Minnesota", "lat": 44.27369, "lng": -92.54025, "population": 874}, {"name": "Vineland CDP, Minnesota", "lat": 46.17928, "lng": -93.78116, "population": 869}, {"name": "Silver Lake city, Minnesota", "lat": 44.90417, "lng": -94.19864, "population": 866}, {"name": "Birchwood Village city, Minnesota", "lat": 45.05998, "lng": -92.97803, "population": 863}, {"name": "Hancock city, Minnesota", "lat": 45.49759, "lng": -95.79482, "population": 863}, {"name": "West Concord city, Minnesota", "lat": 44.15282, "lng": -92.9, "population": 861}, {"name": "Battle Lake city, Minnesota", "lat": 46.28491, "lng": -95.7187, "population": 857}, {"name": "Henning city, Minnesota", "lat": 46.323, "lng": -95.44196, "population": 854}, {"name": "Clarkfield city, Minnesota", "lat": 44.79073, "lng": -95.80785, "population": 852}, {"name": "Blackduck city, Minnesota", "lat": 47.72093, "lng": -94.54534, "population": 845}, {"name": "Emily city, Minnesota", "lat": 46.76901, "lng": -93.9805, "population": 843}, {"name": "Landfall city, Minnesota", "lat": 44.94999, "lng": -92.97741, "population": 843}, {"name": "Browerville city, Minnesota", "lat": 46.08053, "lng": -94.86456, "population": 839}, {"name": "Bovey city, Minnesota", "lat": 47.29802, "lng": -93.40519, "population": 829}, {"name": "Stockton city, Minnesota", "lat": 44.02711, "lng": -91.76971, "population": 809}, {"name": "Lilydale city, Minnesota", "lat": 44.90879, "lng": -93.13075, "population": 809}, {"name": "Kerkhoven city, Minnesota", "lat": 45.1914, "lng": -95.31821, "population": 805}, {"name": "Fertile city, Minnesota", "lat": 47.5307, "lng": -96.28155, "population": 804}, {"name": "Isle city, Minnesota", "lat": 46.13808, "lng": -93.45579, "population": 803}, {"name": "Kimball city, Minnesota", "lat": 45.31433, "lng": -94.30081, "population": 799}, {"name": "St. Stephen city, Minnesota", "lat": 45.70104, "lng": -94.2742, "population": 797}, {"name": "Lamberton city, Minnesota", "lat": 44.23064, "lng": -95.2676, "population": 792}, {"name": "Rushford Village city, Minnesota", "lat": 43.80459, "lng": -91.78558, "population": 790}, {"name": "Gibbon city, Minnesota", "lat": 44.53323, "lng": -94.52422, "population": 784}, {"name": "Onamia city, Minnesota", "lat": 46.0703, "lng": -93.66705, "population": 784}, {"name": "Dover city, Minnesota", "lat": 43.96981, "lng": -92.13402, "population": 782}, {"name": "Raymond city, Minnesota", "lat": 45.0184, "lng": -95.23669, "population": 782}, {"name": "Westbrook city, Minnesota", "lat": 44.04221, "lng": -95.43749, "population": 758}, {"name": "Walnut Grove city, Minnesota", "lat": 44.22501, "lng": -95.46919, "population": 751}, {"name": "St. Clair city, Minnesota", "lat": 44.08389, "lng": -93.86055, "population": 750}, {"name": "Cleveland city, Minnesota", "lat": 44.32357, "lng": -93.83541, "population": 747}, {"name": "Hampton city, Minnesota", "lat": 44.60885, "lng": -93.00262, "population": 744}, {"name": "Holdingford city, Minnesota", "lat": 45.73032, "lng": -94.47137, "population": 743}, {"name": "Sebeka city, Minnesota", "lat": 46.62916, "lng": -95.08788, "population": 741}, {"name": "Wabasso city, Minnesota", "lat": 44.40252, "lng": -95.25541, "population": 739}, {"name": "Belgrade city, Minnesota", "lat": 45.45063, "lng": -94.99981, "population": 738}, {"name": "Courtland city, Minnesota", "lat": 44.27535, "lng": -94.34242, "population": 734}, {"name": "Brownton city, Minnesota", "lat": 44.73259, "lng": -94.35089, "population": 731}, {"name": "Lake Park city, Minnesota", "lat": 46.88394, "lng": -96.09875, "population": 728}, {"name": "Greenwood city, Minnesota", "lat": 44.91296, "lng": -93.554, "population": 726}, {"name": "Lanesboro city, Minnesota", "lat": 43.71708, "lng": -91.97192, "population": 724}, {"name": "Twin Valley city, Minnesota", "lat": 47.25887, "lng": -96.25919, "population": 723}, {"name": "Mabel city, Minnesota", "lat": 43.51984, "lng": -91.76805, "population": 716}, {"name": "Kasota city, Minnesota", "lat": 44.29186, "lng": -93.96829, "population": 714}, {"name": "Welcome city, Minnesota", "lat": 43.66625, "lng": -94.6073, "population": 710}, {"name": "Karlstad city, Minnesota", "lat": 48.57799, "lng": -96.51611, "population": 710}, {"name": "Elysian city, Minnesota", "lat": 44.20643, "lng": -93.68148, "population": 708}, {"name": "Trimont city, Minnesota", "lat": 43.76105, "lng": -94.71623, "population": 705}, {"name": "Hoffman city, Minnesota", "lat": 45.83446, "lng": -95.78696, "population": 698}, {"name": "Clarks Grove city, Minnesota", "lat": 43.76269, "lng": -93.32803, "population": 694}, {"name": "Lake Benton city, Minnesota", "lat": 44.26223, "lng": -96.29926, "population": 687}, {"name": "Hills city, Minnesota", "lat": 43.52762, "lng": -96.35932, "population": 686}, {"name": "Adams city, Minnesota", "lat": 43.56536, "lng": -92.71904, "population": 683}, {"name": "Greenbush city, Minnesota", "lat": 48.70106, "lng": -96.18355, "population": 682}, {"name": "Motley city, Minnesota", "lat": 46.33475, "lng": -94.64277, "population": 680}, {"name": "Rollingstone city, Minnesota", "lat": 44.0994, "lng": -91.81859, "population": 678}, {"name": "Ellendale city, Minnesota", "lat": 43.87272, "lng": -93.29933, "population": 676}, {"name": "Freeport city, Minnesota", "lat": 45.66045, "lng": -94.68427, "population": 675}, {"name": "Cass Lake city, Minnesota", "lat": 47.37973, "lng": -94.59941, "population": 675}, {"name": "Marine on St. Croix city, Minnesota", "lat": 45.19093, "lng": -92.77843, "population": 664}, {"name": "Clarissa city, Minnesota", "lat": 46.12846, "lng": -94.94908, "population": 661}, {"name": "Minnesota Lake city, Minnesota", "lat": 43.84191, "lng": -93.82898, "population": 661}, {"name": "Buffalo Lake city, Minnesota", "lat": 44.73677, "lng": -94.61699, "population": 660}, {"name": "La Prairie city, Minnesota", "lat": 47.23004, "lng": -93.49136, "population": 653}, {"name": "Taconite city, Minnesota", "lat": 47.3179, "lng": -93.38285, "population": 651}, {"name": "Loretto city, Minnesota", "lat": 45.05477, "lng": -93.63534, "population": 646}, {"name": "Warsaw CDP, Minnesota", "lat": 44.26219, "lng": -93.37688, "population": 644}, {"name": "Clear Lake city, Minnesota", "lat": 45.44656, "lng": -93.99897, "population": 641}, {"name": "Brownsdale city, Minnesota", "lat": 43.74041, "lng": -92.86815, "population": 633}, {"name": "Center City city, Minnesota", "lat": 45.39662, "lng": -92.81684, "population": 629}, {"name": "Ottertail city, Minnesota", "lat": 46.43164, "lng": -95.57117, "population": 629}, {"name": "Brooten city, Minnesota", "lat": 45.50007, "lng": -95.11568, "population": 626}, {"name": "Grove City city, Minnesota", "lat": 45.14832, "lng": -94.68182, "population": 624}, {"name": "Barnum city, Minnesota", "lat": 46.50538, "lng": -92.68838, "population": 620}, {"name": "Sabin city, Minnesota", "lat": 46.78141, "lng": -96.65426, "population": 619}, {"name": "Hendricks city, Minnesota", "lat": 44.50865, "lng": -96.42642, "population": 616}, {"name": "Hill City city, Minnesota", "lat": 46.98516, "lng": -93.59499, "population": 613}, {"name": "Marble city, Minnesota", "lat": 47.3326, "lng": -93.29145, "population": 610}, {"name": "Jasper city, Minnesota", "lat": 43.84889, "lng": -96.39964, "population": 610}, {"name": "Randall city, Minnesota", "lat": 46.08867, "lng": -94.50072, "population": 607}, {"name": "McIntosh city, Minnesota", "lat": 47.63737, "lng": -95.88701, "population": 606}, {"name": "Evansville city, Minnesota", "lat": 46.006, "lng": -95.68798, "population": 603}, {"name": "Heron Lake city, Minnesota", "lat": 43.79806, "lng": -95.31978, "population": 602}, {"name": "Butterfield city, Minnesota", "lat": 43.95868, "lng": -94.79413, "population": 601}, {"name": "Ponemah CDP, Minnesota", "lat": 48.03484, "lng": -94.8983, "population": 599}, {"name": "Balaton city, Minnesota", "lat": 44.23295, "lng": -95.87107, "population": 595}, {"name": "Stephen city, Minnesota", "lat": 48.45242, "lng": -96.87634, "population": 592}, {"name": "Green Isle city, Minnesota", "lat": 44.68286, "lng": -94.00404, "population": 591}, {"name": "The Lakes CDP, Minnesota", "lat": 44.10487, "lng": -95.67024, "population": 590}, {"name": "Alden city, Minnesota", "lat": 43.66749, "lng": -93.5698, "population": 583}, {"name": "Ironton city, Minnesota", "lat": 46.48219, "lng": -94.00335, "population": 576}, {"name": "Kandiyohi city, Minnesota", "lat": 45.13152, "lng": -94.93279, "population": 569}, {"name": "Ranier city, Minnesota", "lat": 48.60432, "lng": -93.3573, "population": 569}, {"name": "Glenville city, Minnesota", "lat": 43.57419, "lng": -93.28107, "population": 568}, {"name": "Brownsville city, Minnesota", "lat": 43.70113, "lng": -91.28803, "population": 566}, {"name": "Hamburg city, Minnesota", "lat": 44.7325, "lng": -93.9632, "population": 566}, {"name": "Halstad city, Minnesota", "lat": 47.35113, "lng": -96.82573, "population": 564}, {"name": "Audubon city, Minnesota", "lat": 46.86523, "lng": -95.9841, "population": 560}, {"name": "Bertha city, Minnesota", "lat": 46.26709, "lng": -95.06178, "population": 560}, {"name": "Good Thunder city, Minnesota", "lat": 44.00669, "lng": -94.0703, "population": 560}, {"name": "Ivanhoe city, Minnesota", "lat": 44.46428, "lng": -96.25173, "population": 560}, {"name": "Foreston city, Minnesota", "lat": 45.72702, "lng": -93.70892, "population": 559}, {"name": "Browns Valley city, Minnesota", "lat": 45.59468, "lng": -96.83279, "population": 558}, {"name": "Littlefork city, Minnesota", "lat": 48.39643, "lng": -93.55778, "population": 553}, {"name": "Hokah city, Minnesota", "lat": 43.76006, "lng": -91.34943, "population": 553}, {"name": "Elmore city, Minnesota", "lat": 43.50637, "lng": -94.08826, "population": 549}, {"name": "Eagle Bend city, Minnesota", "lat": 46.16427, "lng": -95.03411, "population": 546}, {"name": "Minnetonka Beach city, Minnesota", "lat": 44.93962, "lng": -93.58713, "population": 546}, {"name": "Argyle city, Minnesota", "lat": 48.33657, "lng": -96.81623, "population": 544}, {"name": "Amboy city, Minnesota", "lat": 43.88793, "lng": -94.15826, "population": 535}, {"name": "Cook city, Minnesota", "lat": 47.83568, "lng": -92.68884, "population": 534}, {"name": "Graceville city, Minnesota", "lat": 45.56868, "lng": -96.43719, "population": 529}, {"name": "Gem Lake city, Minnesota", "lat": 45.06107, "lng": -93.03807, "population": 528}, {"name": "Deerwood city, Minnesota", "lat": 46.46718, "lng": -93.8984, "population": 526}, {"name": "Sunfish Lake city, Minnesota", "lat": 44.87267, "lng": -93.08696, "population": 522}, {"name": "White Earth CDP, Minnesota", "lat": 47.10136, "lng": -95.85732, "population": 522}, {"name": "Lyle city, Minnesota", "lat": 43.50585, "lng": -92.94123, "population": 522}, {"name": "Prinsburg city, Minnesota", "lat": 44.93491, "lng": -95.187, "population": 520}, {"name": "Floodwood city, Minnesota", "lat": 46.92831, "lng": -92.91219, "population": 517}, {"name": "Willernie city, Minnesota", "lat": 45.05373, "lng": -92.95799, "population": 515}, {"name": "Claremont city, Minnesota", "lat": 44.04488, "lng": -92.99756, "population": 513}, {"name": "Verndale city, Minnesota", "lat": 46.39688, "lng": -95.01215, "population": 511}, {"name": "Sacred Heart city, Minnesota", "lat": 44.78171, "lng": -95.35073, "population": 510}, {"name": "Geneva city, Minnesota", "lat": 43.81952, "lng": -93.27261, "population": 508}, {"name": "Pillager city, Minnesota", "lat": 46.3308, "lng": -94.47743, "population": 507}, {"name": "Cosmos city, Minnesota", "lat": 44.93491, "lng": -94.69415, "population": 507}, {"name": "Brewster city, Minnesota", "lat": 43.69727, "lng": -95.46452, "population": 506}, {"name": "Naytahwaush CDP, Minnesota", "lat": 47.27492, "lng": -95.62767, "population": 504}, {"name": "Brandon city, Minnesota", "lat": 45.96691, "lng": -95.59397, "population": 501}, {"name": "Rothsay city, Minnesota", "lat": 46.47309, "lng": -96.28424, "population": 498}, {"name": "Ellsworth city, Minnesota", "lat": 43.52058, "lng": -96.01859, "population": 497}, {"name": "Carlos city, Minnesota", "lat": 45.97351, "lng": -95.29234, "population": 497}, {"name": "Franklin city, Minnesota", "lat": 44.53058, "lng": -94.88412, "population": 493}, {"name": "Lafayette city, Minnesota", "lat": 44.4471, "lng": -94.39269, "population": 492}, {"name": "Jenkins city, Minnesota", "lat": 46.65109, "lng": -94.32818, "population": 490}, {"name": "Stewart city, Minnesota", "lat": 44.72377, "lng": -94.48659, "population": 489}, {"name": "Kiester city, Minnesota", "lat": 43.5365, "lng": -93.71124, "population": 488}, {"name": "Upsala city, Minnesota", "lat": 45.81289, "lng": -94.56373, "population": 487}, {"name": "Pennock city, Minnesota", "lat": 45.14585, "lng": -95.17503, "population": 479}, {"name": "Ulen city, Minnesota", "lat": 47.07812, "lng": -96.25814, "population": 476}, {"name": "Bethel city, Minnesota", "lat": 45.40442, "lng": -93.2749, "population": 476}, {"name": "Altura city, Minnesota", "lat": 44.06421, "lng": -91.94358, "population": 471}, {"name": "Ashby city, Minnesota", "lat": 46.09545, "lng": -95.81917, "population": 469}, {"name": "Randolph city, Minnesota", "lat": 44.52662, "lng": -93.02064, "population": 466}, {"name": "Big Lake CDP, Minnesota", "lat": 46.70113, "lng": -92.62114, "population": 464}, {"name": "Clearbrook city, Minnesota", "lat": 47.69624, "lng": -95.42927, "population": 464}, {"name": "New Germany city, Minnesota", "lat": 44.8802, "lng": -93.97809, "population": 464}, {"name": "Danube city, Minnesota", "lat": 44.79104, "lng": -95.1029, "population": 458}, {"name": "Racine city, Minnesota", "lat": 43.77551, "lng": -92.48097, "population": 458}, {"name": "Fifty Lakes city, Minnesota", "lat": 46.76547, "lng": -94.11784, "population": 443}, {"name": "Vermillion city, Minnesota", "lat": 44.66969, "lng": -92.96343, "population": 441}, {"name": "Sturgeon Lake city, Minnesota", "lat": 46.39034, "lng": -92.82212, "population": 436}, {"name": "Lynd city, Minnesota", "lat": 44.40176, "lng": -95.87409, "population": 436}, {"name": "Wykoff city, Minnesota", "lat": 43.70866, "lng": -92.26739, "population": 432}, {"name": "Miltona city, Minnesota", "lat": 46.04626, "lng": -95.2932, "population": 431}, {"name": "Tower city, Minnesota", "lat": 47.81575, "lng": -92.27469, "population": 430}, {"name": "Badger city, Minnesota", "lat": 48.77677, "lng": -96.02127, "population": 429}, {"name": "Wrenshall city, Minnesota", "lat": 46.62169, "lng": -92.38407, "population": 428}, {"name": "Milan city, Minnesota", "lat": 45.11265, "lng": -95.91183, "population": 428}, {"name": "Fisher city, Minnesota", "lat": 47.79917, "lng": -96.79953, "population": 422}, {"name": "Kellogg city, Minnesota", "lat": 44.30701, "lng": -91.9987, "population": 415}, {"name": "Oklee city, Minnesota", "lat": 47.83875, "lng": -95.84955, "population": 413}, {"name": "New Auburn city, Minnesota", "lat": 44.67281, "lng": -94.23202, "population": 411}, {"name": "Morton city, Minnesota", "lat": 44.55327, "lng": -94.98432, "population": 410}, {"name": "Waubun city, Minnesota", "lat": 47.18392, "lng": -95.94012, "population": 409}, {"name": "Fountain city, Minnesota", "lat": 43.74254, "lng": -92.13423, "population": 409}, {"name": "Chokio city, Minnesota", "lat": 45.57313, "lng": -96.17421, "population": 405}, {"name": "Akeley city, Minnesota", "lat": 47.00042, "lng": -94.72822, "population": 404}, {"name": "Erskine city, Minnesota", "lat": 47.66316, "lng": -96.01668, "population": 403}, {"name": "Bigfork city, Minnesota", "lat": 47.74693, "lng": -93.65333, "population": 400}, {"name": "Rose Creek city, Minnesota", "lat": 43.60446, "lng": -92.8289, "population": 397}, {"name": "Fairhaven CDP, Minnesota", "lat": 45.32399, "lng": -94.20547, "population": 392}, {"name": "Comfrey city, Minnesota", "lat": 44.11106, "lng": -94.90284, "population": 392}, {"name": "Remer city, Minnesota", "lat": 47.05685, "lng": -93.91259, "population": 391}, {"name": "Alvarado city, Minnesota", "lat": 48.19288, "lng": -96.99845, "population": 388}, {"name": "Ogilvie city, Minnesota", "lat": 45.82983, "lng": -93.42304, "population": 388}, {"name": "Clinton city, Minnesota", "lat": 45.46693, "lng": -96.44264, "population": 386}, {"name": "Soudan CDP, Minnesota", "lat": 47.81301, "lng": -92.23561, "population": 385}, {"name": "Willow River city, Minnesota", "lat": 46.32377, "lng": -92.82996, "population": 384}, {"name": "Woodland city, Minnesota", "lat": 44.94976, "lng": -93.52137, "population": 384}, {"name": "Herman city, Minnesota", "lat": 45.81054, "lng": -96.14136, "population": 384}, {"name": "McGregor city, Minnesota", "lat": 46.61043, "lng": -93.29967, "population": 384}, {"name": "Hanska city, Minnesota", "lat": 44.14874, "lng": -94.49446, "population": 382}, {"name": "Wood Lake city, Minnesota", "lat": 44.65132, "lng": -95.53584, "population": 381}, {"name": "Nevis city, Minnesota", "lat": 46.96483, "lng": -94.84298, "population": 377}, {"name": "Pine Springs city, Minnesota", "lat": 45.03803, "lng": -92.95594, "population": 377}, {"name": "Round Lake city, Minnesota", "lat": 43.5372, "lng": -95.47193, "population": 377}, {"name": "Ghent city, Minnesota", "lat": 44.51157, "lng": -95.89261, "population": 376}, {"name": "Emmons city, Minnesota", "lat": 43.50825, "lng": -93.48425, "population": 367}, {"name": "Crown College CDP, Minnesota", "lat": 44.88469, "lng": -93.74351, "population": 367}, {"name": "Barrett city, Minnesota", "lat": 45.91316, "lng": -95.90468, "population": 366}, {"name": "Rushmore city, Minnesota", "lat": 43.61971, "lng": -95.79895, "population": 365}, {"name": "Lancaster city, Minnesota", "lat": 48.85825, "lng": -96.80138, "population": 364}, {"name": "Underwood city, Minnesota", "lat": 46.29115, "lng": -95.8728, "population": 356}, {"name": "New Munich city, Minnesota", "lat": 45.63081, "lng": -94.7525, "population": 356}, {"name": "Ball Club CDP, Minnesota", "lat": 47.3311, "lng": -93.94606, "population": 354}, {"name": "St. Marys Point city, Minnesota", "lat": 44.91055, "lng": -92.77016, "population": 353}, {"name": "Newfolden city, Minnesota", "lat": 48.35673, "lng": -96.32973, "population": 352}, {"name": "Garfield city, Minnesota", "lat": 45.9376, "lng": -95.49854, "population": 349}, {"name": "Jeffers city, Minnesota", "lat": 44.05591, "lng": -95.19535, "population": 349}, {"name": "Vergas city, Minnesota", "lat": 46.64858, "lng": -95.80226, "population": 348}, {"name": "Bricelyn city, Minnesota", "lat": 43.56075, "lng": -93.81306, "population": 348}, {"name": "Darwin city, Minnesota", "lat": 45.09854, "lng": -94.42247, "population": 348}, {"name": "Russell city, Minnesota", "lat": 44.32044, "lng": -95.944, "population": 348}, {"name": "Garden City CDP, Minnesota", "lat": 44.04781, "lng": -94.17068, "population": 339}, {"name": "Lakeland Shores city, Minnesota", "lat": 44.94947, "lng": -92.76243, "population": 339}, {"name": "Long Beach city, Minnesota", "lat": 45.65203, "lng": -95.43079, "population": 338}, {"name": "Medicine Lake city, Minnesota", "lat": 44.99579, "lng": -93.41815, "population": 337}, {"name": "Calumet city, Minnesota", "lat": 47.32196, "lng": -93.26417, "population": 334}, {"name": "Lowry city, Minnesota", "lat": 45.70494, "lng": -95.5191, "population": 334}, {"name": "Wilmont city, Minnesota", "lat": 43.76503, "lng": -95.82691, "population": 332}, {"name": "Mahtowa CDP, Minnesota", "lat": 46.55174, "lng": -92.63611, "population": 332}, {"name": "Askov city, Minnesota", "lat": 46.18863, "lng": -92.78239, "population": 331}, {"name": "Grey Eagle city, Minnesota", "lat": 45.82431, "lng": -94.74914, "population": 330}, {"name": "Deer Creek city, Minnesota", "lat": 46.38966, "lng": -95.32084, "population": 330}, {"name": "Plato city, Minnesota", "lat": 44.77235, "lng": -94.03934, "population": 329}, {"name": "Vernon Center city, Minnesota", "lat": 43.96236, "lng": -94.16688, "population": 328}, {"name": "Swanville city, Minnesota", "lat": 45.91618, "lng": -94.63879, "population": 326}, {"name": "Dexter city, Minnesota", "lat": 43.71941, "lng": -92.70171, "population": 324}, {"name": "Sanborn city, Minnesota", "lat": 44.21, "lng": -95.12948, "population": 323}, {"name": "Hartland city, Minnesota", "lat": 43.80422, "lng": -93.48435, "population": 321}, {"name": "Maynard city, Minnesota", "lat": 44.90559, "lng": -95.46861, "population": 319}, {"name": "St. Martin city, Minnesota", "lat": 45.50278, "lng": -94.66774, "population": 312}, {"name": "Canton city, Minnesota", "lat": 43.52979, "lng": -91.93002, "population": 310}, {"name": "Hollandale city, Minnesota", "lat": 43.75978, "lng": -93.20559, "population": 308}, {"name": "Buckman city, Minnesota", "lat": 45.89735, "lng": -94.09399, "population": 307}, {"name": "Murdock city, Minnesota", "lat": 45.22348, "lng": -95.39478, "population": 306}, {"name": "Cyrus city, Minnesota", "lat": 45.61479, "lng": -95.73821, "population": 305}, {"name": "Middle River city, Minnesota", "lat": 48.43485, "lng": -96.16172, "population": 304}, {"name": "Ceylon city, Minnesota", "lat": 43.53275, "lng": -94.6307, "population": 303}, {"name": "Cuyuna city, Minnesota", "lat": 46.50673, "lng": -93.91969, "population": 296}, {"name": "Finlayson city, Minnesota", "lat": 46.21037, "lng": -92.93041, "population": 295}, {"name": "Dakota city, Minnesota", "lat": 43.91155, "lng": -91.36136, "population": 295}, {"name": "Hackensack city, Minnesota", "lat": 46.92647, "lng": -94.51599, "population": 294}, {"name": "Riverland CDP, Minnesota", "lat": 47.3229, "lng": -95.95107, "population": 293}, {"name": "Belview city, Minnesota", "lat": 44.60654, "lng": -95.32874, "population": 291}, {"name": "Granada city, Minnesota", "lat": 43.69302, "lng": -94.34954, "population": 291}, {"name": "Hendrum city, Minnesota", "lat": 47.26405, "lng": -96.81068, "population": 289}, {"name": "Skyline city, Minnesota", "lat": 44.14089, "lng": -94.03362, "population": 288}, {"name": "Osage CDP, Minnesota", "lat": 46.92835, "lng": -95.26309, "population": 282}, {"name": "Pine Point CDP, Minnesota", "lat": 46.98534, "lng": -95.40001, "population": 281}, {"name": "Beaver Creek city, Minnesota", "lat": 43.61243, "lng": -96.36237, "population": 280}, {"name": "Eitzen city, Minnesota", "lat": 43.50836, "lng": -91.465, "population": 279}, {"name": "Bowlus city, Minnesota", "lat": 45.81907, "lng": -94.40724, "population": 279}, {"name": "Chandler city, Minnesota", "lat": 43.93064, "lng": -95.95117, "population": 279}, {"name": "Vesta city, Minnesota", "lat": 44.50663, "lng": -95.41407, "population": 276}, {"name": "Plummer city, Minnesota", "lat": 47.91517, "lng": -96.04154, "population": 276}, {"name": "Rice Lake CDP, Minnesota", "lat": 47.3883, "lng": -95.52437, "population": 274}, {"name": "Nerstrand city, Minnesota", "lat": 44.34294, "lng": -93.06386, "population": 273}, {"name": "St. Hilaire city, Minnesota", "lat": 48.01316, "lng": -96.21357, "population": 273}, {"name": "Dresbach CDP, Minnesota", "lat": 43.88687, "lng": -91.3468, "population": 272}, {"name": "Marion CDP, Minnesota", "lat": 43.94311, "lng": -92.3531, "population": 271}, {"name": "Utica city, Minnesota", "lat": 43.97717, "lng": -91.94946, "population": 266}, {"name": "Kensington city, Minnesota", "lat": 45.77818, "lng": -95.69687, "population": 266}, {"name": "Freeborn city, Minnesota", "lat": 43.76596, "lng": -93.56438, "population": 264}, {"name": "Wilton city, Minnesota", "lat": 47.50748, "lng": -94.99977, "population": 263}, {"name": "Backus city, Minnesota", "lat": 46.82091, "lng": -94.51455, "population": 263}, {"name": "Gonvick city, Minnesota", "lat": 47.73912, "lng": -95.51247, "population": 263}, {"name": "Milroy city, Minnesota", "lat": 44.41775, "lng": -95.5536, "population": 259}, {"name": "Kelliher city, Minnesota", "lat": 47.94815, "lng": -94.43781, "population": 258}, {"name": "Lake Wilson city, Minnesota", "lat": 43.99536, "lng": -95.95459, "population": 254}, {"name": "Silver Creek CDP, Minnesota", "lat": 45.30821, "lng": -93.98638, "population": 254}, {"name": "Hayward city, Minnesota", "lat": 43.64989, "lng": -93.24599, "population": 252}, {"name": "Hewitt city, Minnesota", "lat": 46.32397, "lng": -95.09017, "population": 251}, {"name": "Frontenac CDP, Minnesota", "lat": 44.50379, "lng": -92.35256, "population": 249}, {"name": "Lake Lillian city, Minnesota", "lat": 44.94587, "lng": -94.87999, "population": 246}, {"name": "Echo city, Minnesota", "lat": 44.61765, "lng": -95.41379, "population": 243}, {"name": "Hanley Falls city, Minnesota", "lat": 44.69184, "lng": -95.61943, "population": 243}, {"name": "Climax city, Minnesota", "lat": 47.60951, "lng": -96.81224, "population": 243}, {"name": "Cromwell city, Minnesota", "lat": 46.67934, "lng": -92.87074, "population": 240}, {"name": "Oslo city, Minnesota", "lat": 48.19563, "lng": -97.13144, "population": 239}, {"name": "Pease city, Minnesota", "lat": 45.70079, "lng": -93.6487, "population": 238}, {"name": "Wahkon city, Minnesota", "lat": 46.12002, "lng": -93.52238, "population": 235}, {"name": "Peterson city, Minnesota", "lat": 43.78847, "lng": -91.83197, "population": 234}, {"name": "Lake George CDP, Minnesota", "lat": 47.17882, "lng": -94.97236, "population": 233}, {"name": "Mahnomen CDP, Minnesota", "lat": 46.77306, "lng": -92.54175, "population": 231}, {"name": "Ostrander city, Minnesota", "lat": 43.61373, "lng": -92.42626, "population": 231}, {"name": "Nett Lake CDP, Minnesota", "lat": 48.11462, "lng": -93.08107, "population": 230}, {"name": "Pemberton city, Minnesota", "lat": 44.0085, "lng": -93.78389, "population": 229}, {"name": "Bigelow city, Minnesota", "lat": 43.50529, "lng": -95.68921, "population": 227}, {"name": "Gary city, Minnesota", "lat": 47.37248, "lng": -96.26556, "population": 227}, {"name": "Gilman city, Minnesota", "lat": 45.73533, "lng": -93.94855, "population": 226}, {"name": "Ruthton city, Minnesota", "lat": 44.17748, "lng": -96.1034, "population": 226}, {"name": "Storden city, Minnesota", "lat": 44.03962, "lng": -95.31927, "population": 225}, {"name": "Villard city, Minnesota", "lat": 45.71343, "lng": -95.2683, "population": 225}, {"name": "Currie city, Minnesota", "lat": 44.07047, "lng": -95.6669, "population": 224}, {"name": "Dennison city, Minnesota", "lat": 44.40883, "lng": -93.03031, "population": 223}, {"name": "Northrop city, Minnesota", "lat": 43.73596, "lng": -94.43662, "population": 223}, {"name": "Donnelly city, Minnesota", "lat": 45.68927, "lng": -96.01433, "population": 221}, {"name": "Lutsen CDP, Minnesota", "lat": 47.67443, "lng": -90.69278, "population": 220}, {"name": "Beardsley city, Minnesota", "lat": 45.55783, "lng": -96.71448, "population": 216}, {"name": "Flensburg city, Minnesota", "lat": 45.94764, "lng": -94.53047, "population": 216}, {"name": "Frost city, Minnesota", "lat": 43.58458, "lng": -93.9248, "population": 216}, {"name": "Finland CDP, Minnesota", "lat": 47.43209, "lng": -91.25596, "population": 215}, {"name": "Dalton city, Minnesota", "lat": 46.17394, "lng": -95.91546, "population": 215}, {"name": "Lucan city, Minnesota", "lat": 44.41018, "lng": -95.41294, "population": 214}, {"name": "Elrosa city, Minnesota", "lat": 45.5629, "lng": -94.9472, "population": 213}, {"name": "Knife River CDP, Minnesota", "lat": 46.94891, "lng": -91.78419, "population": 212}, {"name": "Rutledge city, Minnesota", "lat": 46.25589, "lng": -92.8782, "population": 212}, {"name": "Orr city, Minnesota", "lat": 48.05763, "lng": -92.82357, "population": 211}, {"name": "Sobieski city, Minnesota", "lat": 45.923, "lng": -94.48202, "population": 210}, {"name": "Bluffton city, Minnesota", "lat": 46.4694, "lng": -95.23394, "population": 210}, {"name": "Ogema city, Minnesota", "lat": 47.10211, "lng": -95.91588, "population": 208}, {"name": "Lewisville city, Minnesota", "lat": 43.92414, "lng": -94.43414, "population": 204}, {"name": "Okabena city, Minnesota", "lat": 43.7393, "lng": -95.31876, "population": 203}, {"name": "Leota CDP, Minnesota", "lat": 43.82638, "lng": -96.02423, "population": 202}, {"name": "Lismore city, Minnesota", "lat": 43.74911, "lng": -95.94809, "population": 202}, {"name": "Minnesota City city, Minnesota", "lat": 44.09229, "lng": -91.75, "population": 202}, {"name": "Waldorf city, Minnesota", "lat": 43.93315, "lng": -93.69756, "population": 201}, {"name": "Inger CDP, Minnesota", "lat": 47.56328, "lng": -93.97732, "population": 200}, {"name": "Hitterdal city, Minnesota", "lat": 46.97857, "lng": -96.2585, "population": 199}, {"name": "Greenwald city, Minnesota", "lat": 45.60137, "lng": -94.85933, "population": 197}, {"name": "Magnolia city, Minnesota", "lat": 43.64408, "lng": -96.07528, "population": 196}, {"name": "Garrison city, Minnesota", "lat": 46.2987, "lng": -93.82595, "population": 194}, {"name": "Twin Lakes CDP, Minnesota", "lat": 47.21904, "lng": -95.64882, "population": 192}, {"name": "Searles CDP, Minnesota", "lat": 44.23075, "lng": -94.43613, "population": 192}, {"name": "Hardwick city, Minnesota", "lat": 43.77419, "lng": -96.19746, "population": 189}, {"name": "Homer CDP, Minnesota", "lat": 44.00721, "lng": -91.56087, "population": 189}, {"name": "Tenstrike city, Minnesota", "lat": 47.65945, "lng": -94.68391, "population": 186}, {"name": "South Haven city, Minnesota", "lat": 45.29274, "lng": -94.21738, "population": 185}, {"name": "Kingston city, Minnesota", "lat": 45.19438, "lng": -94.30712, "population": 184}, {"name": "Mendota city, Minnesota", "lat": 44.88749, "lng": -93.16172, "population": 183}, {"name": "Watson city, Minnesota", "lat": 45.01006, "lng": -95.79978, "population": 182}, {"name": "Nelson city, Minnesota", "lat": 45.88654, "lng": -95.26487, "population": 182}, {"name": "Grygla city, Minnesota", "lat": 48.29967, "lng": -95.62396, "population": 180}, {"name": "Meire Grove city, Minnesota", "lat": 45.62641, "lng": -94.86939, "population": 180}, {"name": "Shelly city, Minnesota", "lat": 47.45819, "lng": -96.81972, "population": 179}, {"name": "Lake Bronson city, Minnesota", "lat": 48.73243, "lng": -96.66493, "population": 178}, {"name": "Callaway city, Minnesota", "lat": 46.98121, "lng": -95.91749, "population": 178}, {"name": "Holland city, Minnesota", "lat": 44.09017, "lng": -96.19889, "population": 178}, {"name": "Easton city, Minnesota", "lat": 43.76609, "lng": -93.90001, "population": 177}, {"name": "Felton city, Minnesota", "lat": 47.07494, "lng": -96.50579, "population": 177}, {"name": "Bellechester city, Minnesota", "lat": 44.37102, "lng": -92.51132, "population": 176}, {"name": "Kennedy city, Minnesota", "lat": 48.64367, "lng": -96.91052, "population": 176}, {"name": "Big Falls city, Minnesota", "lat": 48.17961, "lng": -93.80924, "population": 175}, {"name": "Winger city, Minnesota", "lat": 47.5363, "lng": -95.98597, "population": 174}, {"name": "Dent city, Minnesota", "lat": 46.55317, "lng": -95.71861, "population": 173}, {"name": "Delavan city, Minnesota", "lat": 43.76771, "lng": -94.01738, "population": 172}, {"name": "Steen city, Minnesota", "lat": 43.51431, "lng": -96.26308, "population": 171}, {"name": "Forada city, Minnesota", "lat": 45.78874, "lng": -95.35685, "population": 170}, {"name": "Winton city, Minnesota", "lat": 47.92917, "lng": -91.80129, "population": 169}, {"name": "Warba city, Minnesota", "lat": 47.13562, "lng": -93.27006, "population": 168}, {"name": "Wright city, Minnesota", "lat": 46.67251, "lng": -93.00686, "population": 168}, {"name": "Elizabeth city, Minnesota", "lat": 46.38012, "lng": -96.13097, "population": 168}, {"name": "Wendell city, Minnesota", "lat": 46.03591, "lng": -96.10082, "population": 166}, {"name": "Kettle River city, Minnesota", "lat": 46.48622, "lng": -92.87757, "population": 166}, {"name": "Iona city, Minnesota", "lat": 43.91485, "lng": -95.78569, "population": 166}, {"name": "Porter city, Minnesota", "lat": 44.6414, "lng": -96.16987, "population": 166}, {"name": "Waltham city, Minnesota", "lat": 43.81932, "lng": -92.87462, "population": 164}, {"name": "Campbell city, Minnesota", "lat": 46.09753, "lng": -96.40546, "population": 164}, {"name": "Palisade city, Minnesota", "lat": 46.71272, "lng": -93.48931, "population": 162}, {"name": "Williams city, Minnesota", "lat": 48.76795, "lng": -94.9533, "population": 157}, {"name": "Pickwick CDP, Minnesota", "lat": 43.98159, "lng": -91.49455, "population": 157}, {"name": "Zumbro Falls city, Minnesota", "lat": 44.28782, "lng": -92.42708, "population": 155}, {"name": "Northome city, Minnesota", "lat": 47.87439, "lng": -94.26831, "population": 155}, {"name": "Clements city, Minnesota", "lat": 44.38006, "lng": -95.05475, "population": 155}, {"name": "Grasston city, Minnesota", "lat": 45.79737, "lng": -93.15501, "population": 154}, {"name": "Longville city, Minnesota", "lat": 46.98737, "lng": -94.21198, "population": 153}, {"name": "Conger city, Minnesota", "lat": 43.61525, "lng": -93.5275, "population": 153}, {"name": "Roosevelt city, Minnesota", "lat": 48.80695, "lng": -95.10097, "population": 153}, {"name": "Kinney city, Minnesota", "lat": 47.5165, "lng": -92.71953, "population": 152}, {"name": "Millville city, Minnesota", "lat": 44.24433, "lng": -92.29673, "population": 151}, {"name": "Bellingham city, Minnesota", "lat": 45.13644, "lng": -96.2841, "population": 148}, {"name": "Kilkenny city, Minnesota", "lat": 44.31521, "lng": -93.57405, "population": 148}, {"name": "Coates city, Minnesota", "lat": 44.71511, "lng": -93.03206, "population": 147}, {"name": "Blomkest city, Minnesota", "lat": 44.94281, "lng": -95.02346, "population": 145}, {"name": "Mapleview city, Minnesota", "lat": 43.69006, "lng": -92.974, "population": 144}, {"name": "Bena city, Minnesota", "lat": 47.341, "lng": -94.20641, "population": 143}, {"name": "Boyd city, Minnesota", "lat": 44.85118, "lng": -95.90092, "population": 141}, {"name": "Merrifield CDP, Minnesota", "lat": 46.46741, "lng": -94.17463, "population": 140}, {"name": "Miesville city, Minnesota", "lat": 44.59898, "lng": -92.81961, "population": 138}, {"name": "Bingham Lake city, Minnesota", "lat": 43.90919, "lng": -95.04466, "population": 137}, {"name": "Heidelberg city, Minnesota", "lat": 44.4931, "lng": -93.62645, "population": 137}, {"name": "Shevlin city, Minnesota", "lat": 47.53015, "lng": -95.25951, "population": 137}, {"name": "Taunton city, Minnesota", "lat": 44.59424, "lng": -96.06295, "population": 136}, {"name": "Twin Lakes city, Minnesota", "lat": 43.56111, "lng": -93.42348, "population": 134}, {"name": "Laporte city, Minnesota", "lat": 47.21473, "lng": -94.75738, "population": 134}, {"name": "Meadowlands city, Minnesota", "lat": 47.0731, "lng": -92.73127, "population": 134}, {"name": "Dunnell city, Minnesota", "lat": 43.56047, "lng": -94.77518, "population": 133}, {"name": "Erhard city, Minnesota", "lat": 46.48165, "lng": -96.09618, "population": 132}, {"name": "Lansing CDP, Minnesota", "lat": 43.74772, "lng": -92.96573, "population": 132}, {"name": "Brook Park city, Minnesota", "lat": 45.94843, "lng": -93.07283, "population": 132}, {"name": "Elkton city, Minnesota", "lat": 43.6602, "lng": -92.70645, "population": 130}, {"name": "Hammond city, Minnesota", "lat": 44.22266, "lng": -92.37373, "population": 130}, {"name": "Roscoe city, Minnesota", "lat": 45.43233, "lng": -94.63652, "population": 130}, {"name": "Elba city, Minnesota", "lat": 44.08671, "lng": -92.01686, "population": 129}, {"name": "Wolverton city, Minnesota", "lat": 46.56303, "lng": -96.73624, "population": 128}, {"name": "Chickamaw Beach city, Minnesota", "lat": 46.74503, "lng": -94.37783, "population": 128}, {"name": "Clontarf city, Minnesota", "lat": 45.38258, "lng": -95.68294, "population": 128}, {"name": "Foxhome city, Minnesota", "lat": 46.27689, "lng": -96.31223, "population": 126}, {"name": "High Forest CDP, Minnesota", "lat": 43.84616, "lng": -92.54802, "population": 126}, {"name": "Garvin city, Minnesota", "lat": 44.21248, "lng": -95.76019, "population": 124}, {"name": "Federal Dam city, Minnesota", "lat": 47.24023, "lng": -94.212, "population": 123}, {"name": "Burtrum city, Minnesota", "lat": 45.86582, "lng": -94.68736, "population": 123}, {"name": "Harding city, Minnesota", "lat": 46.11911, "lng": -94.0368, "population": 123}, {"name": "Odin city, Minnesota", "lat": 43.86727, "lng": -94.74276, "population": 123}, {"name": "Beaver Bay city, Minnesota", "lat": 47.25618, "lng": -91.30622, "population": 120}, {"name": "Lastrup city, Minnesota", "lat": 46.03984, "lng": -94.06177, "population": 120}, {"name": "Elbow Lake CDP, Minnesota", "lat": 47.14672, "lng": -95.54408, "population": 118}, {"name": "Brookston city, Minnesota", "lat": 46.86509, "lng": -92.60174, "population": 118}, {"name": "Ormsby city, Minnesota", "lat": 43.85037, "lng": -94.69859, "population": 118}, {"name": "Riverton city, Minnesota", "lat": 46.45703, "lng": -94.05446, "population": 118}, {"name": "Brooks city, Minnesota", "lat": 47.81651, "lng": -96.00354, "population": 117}, {"name": "Marietta city, Minnesota", "lat": 45.01049, "lng": -96.41894, "population": 116}, {"name": "Elmdale city, Minnesota", "lat": 45.83402, "lng": -94.49422, "population": 114}, {"name": "Biscay city, Minnesota", "lat": 44.82627, "lng": -94.27407, "population": 113}, {"name": "Perley city, Minnesota", "lat": 47.17616, "lng": -96.80152, "population": 113}, {"name": "Goodridge city, Minnesota", "lat": 48.14417, "lng": -95.80396, "population": 112}, {"name": "Avoca city, Minnesota", "lat": 43.94875, "lng": -95.64672, "population": 111}, {"name": "Woodstock city, Minnesota", "lat": 44.01104, "lng": -96.09668, "population": 110}, {"name": "De Graff city, Minnesota", "lat": 45.25996, "lng": -95.46829, "population": 110}, {"name": "Iron Junction city, Minnesota", "lat": 47.41899, "lng": -92.60864, "population": 110}, {"name": "Effie city, Minnesota", "lat": 47.84117, "lng": -93.6377, "population": 109}, {"name": "Quamba city, Minnesota", "lat": 45.91504, "lng": -93.17587, "population": 107}, {"name": "Mentor city, Minnesota", "lat": 47.69666, "lng": -96.14404, "population": 104}, {"name": "Stanchfield CDP, Minnesota", "lat": 45.66325, "lng": -93.18168, "population": 103}, {"name": "Beaulieu CDP, Minnesota", "lat": 47.33524, "lng": -95.8165, "population": 103}, {"name": "McKinley city, Minnesota", "lat": 47.50985, "lng": -92.40653, "population": 103}, {"name": "Odessa city, Minnesota", "lat": 45.26218, "lng": -96.33348, "population": 103}, {"name": "Danvers city, Minnesota", "lat": 45.2814, "lng": -95.75595, "population": 103}, {"name": "Comstock city, Minnesota", "lat": 46.65962, "lng": -96.74654, "population": 100}, {"name": "Millerville city, Minnesota", "lat": 46.06909, "lng": -95.557, "population": 100}, {"name": "Trommald city, Minnesota", "lat": 46.50774, "lng": -94.01518, "population": 99}, {"name": "Squaw Lake city, Minnesota", "lat": 47.62069, "lng": -94.13744, "population": 98}, {"name": "Trosky city, Minnesota", "lat": 43.89, "lng": -96.24783, "population": 98}, {"name": "Alpha city, Minnesota", "lat": 43.63757, "lng": -94.87106, "population": 97}, {"name": "Minneiska city, Minnesota", "lat": 44.19733, "lng": -91.88065, "population": 97}, {"name": "Borup city, Minnesota", "lat": 47.18027, "lng": -96.50583, "population": 96}, {"name": "Sunburg city, Minnesota", "lat": 45.34802, "lng": -95.23982, "population": 94}, {"name": "Alberta city, Minnesota", "lat": 45.57492, "lng": -96.05036, "population": 94}, {"name": "St. Leo city, Minnesota", "lat": 44.71731, "lng": -96.0526, "population": 93}, {"name": "West Union city, Minnesota", "lat": 45.8042, "lng": -95.08268, "population": 92}, {"name": "Lengby city, Minnesota", "lat": 47.51535, "lng": -95.63457, "population": 92}, {"name": "St. Anthony city (Stearns County), Minnesota", "lat": 45.68897, "lng": -94.61165, "population": 91}, {"name": "Holt city, Minnesota", "lat": 48.29292, "lng": -96.19447, "population": 90}, {"name": "Revere city, Minnesota", "lat": 44.22155, "lng": -95.36115, "population": 89}, {"name": "Turtle River city, Minnesota", "lat": 47.58821, "lng": -94.75811, "population": 88}, {"name": "Beltrami city, Minnesota", "lat": 47.5425, "lng": -96.52708, "population": 88}, {"name": "Arco city, Minnesota", "lat": 44.38474, "lng": -96.18393, "population": 87}, {"name": "Holloway city, Minnesota", "lat": 45.24308, "lng": -95.9068, "population": 87}, {"name": "Georgetown city, Minnesota", "lat": 47.07842, "lng": -96.79587, "population": 86}, {"name": "New Trier city, Minnesota", "lat": 44.6038, "lng": -92.93284, "population": 86}, {"name": "Bruno city, Minnesota", "lat": 46.281, "lng": -92.66805, "population": 85}, {"name": "Bejou city, Minnesota", "lat": 47.44291, "lng": -95.97271, "population": 84}, {"name": "Fort Ripley city, Minnesota", "lat": 46.16646, "lng": -94.36501, "population": 84}, {"name": "Nimrod city, Minnesota", "lat": 46.63517, "lng": -94.88064, "population": 84}, {"name": "Darfur city, Minnesota", "lat": 44.05346, "lng": -94.83775, "population": 84}, {"name": "Seaforth city, Minnesota", "lat": 44.47586, "lng": -95.33586, "population": 82}, {"name": "Viking city, Minnesota", "lat": 48.2182, "lng": -96.40678, "population": 79}, {"name": "La Salle city, Minnesota", "lat": 44.07106, "lng": -94.57129, "population": 79}, {"name": "Zemple city, Minnesota", "lat": 47.32065, "lng": -93.78587, "population": 78}, {"name": "Bock city, Minnesota", "lat": 45.78446, "lng": -93.55283, "population": 78}, {"name": "Nielsville city, Minnesota", "lat": 47.52932, "lng": -96.8157, "population": 78}, {"name": "Richville city, Minnesota", "lat": 46.5059, "lng": -95.62587, "population": 77}, {"name": "Dumont city, Minnesota", "lat": 45.71737, "lng": -96.42309, "population": 75}, {"name": "Fish Lake CDP, Minnesota", "lat": 43.83861, "lng": -95.04705, "population": 75}, {"name": "Solway city, Minnesota", "lat": 47.52104, "lng": -95.13026, "population": 73}, {"name": "Dundee city, Minnesota", "lat": 43.84401, "lng": -95.46657, "population": 73}, {"name": "Wanda city, Minnesota", "lat": 44.31322, "lng": -95.21354, "population": 72}, {"name": "Lake Henry city, Minnesota", "lat": 45.46204, "lng": -94.79649, "population": 72}, {"name": "Wolf Lake city, Minnesota", "lat": 46.81007, "lng": -95.35059, "population": 71}, {"name": "Kerrick city, Minnesota", "lat": 46.33906, "lng": -92.58516, "population": 71}, {"name": "Ronneby CDP, Minnesota", "lat": 45.68535, "lng": -93.86011, "population": 71}, {"name": "Strandquist city, Minnesota", "lat": 48.4894, "lng": -96.44793, "population": 70}, {"name": "Whipholt CDP, Minnesota", "lat": 47.04046, "lng": -94.38544, "population": 70}, {"name": "Evan city, Minnesota", "lat": 44.35494, "lng": -94.83609, "population": 70}, {"name": "Genola city, Minnesota", "lat": 45.96554, "lng": -94.11279, "population": 70}, {"name": "Walters city, Minnesota", "lat": 43.6049, "lng": -93.67431, "population": 69}, {"name": "Spring Hill city, Minnesota", "lat": 45.52324, "lng": -94.83171, "population": 68}, {"name": "Tintah city, Minnesota", "lat": 46.01083, "lng": -96.32009, "population": 67}, {"name": "Whalan city, Minnesota", "lat": 43.73318, "lng": -91.92502, "population": 67}, {"name": "Nashua city, Minnesota", "lat": 46.03772, "lng": -96.30598, "population": 67}, {"name": "Kent city, Minnesota", "lat": 46.43757, "lng": -96.68322, "population": 65}, {"name": "Nassau city, Minnesota", "lat": 45.06772, "lng": -96.44176, "population": 65}, {"name": "Sargeant city, Minnesota", "lat": 43.80568, "lng": -92.80061, "population": 63}, {"name": "Tamarack city, Minnesota", "lat": 46.65296, "lng": -93.12496, "population": 62}, {"name": "Vining city, Minnesota", "lat": 46.25741, "lng": -95.53589, "population": 62}, {"name": "Wilder city, Minnesota", "lat": 43.82886, "lng": -95.2078, "population": 62}, {"name": "Cedar Mills city, Minnesota", "lat": 44.94331, "lng": -94.51961, "population": 62}, {"name": "Clitherall city, Minnesota", "lat": 46.27368, "lng": -95.63331, "population": 62}, {"name": "Taopi city, Minnesota", "lat": 43.55749, "lng": -92.64041, "population": 61}, {"name": "Manhattan Beach city, Minnesota", "lat": 46.7356, "lng": -94.14363, "population": 61}, {"name": "Ihlen city, Minnesota", "lat": 43.91557, "lng": -96.37277, "population": 61}, {"name": "Kenneth city, Minnesota", "lat": 43.75434, "lng": -96.07253, "population": 60}, {"name": "Gully city, Minnesota", "lat": 47.76844, "lng": -95.62286, "population": 59}, {"name": "Dovray city, Minnesota", "lat": 44.05452, "lng": -95.54774, "population": 58}, {"name": "Halma city, Minnesota", "lat": 48.66045, "lng": -96.59763, "population": 58}, {"name": "Mizpah city, Minnesota", "lat": 47.92087, "lng": -94.21318, "population": 58}, {"name": "St. Rosa city, Minnesota", "lat": 45.72679, "lng": -94.7137, "population": 58}, {"name": "Henriette city, Minnesota", "lat": 45.87129, "lng": -93.1197, "population": 57}, {"name": "St. Vincent city, Minnesota", "lat": 48.96912, "lng": -97.22634, "population": 57}, {"name": "West Roy Lake CDP, Minnesota", "lat": 47.31155, "lng": -95.59544, "population": 56}, {"name": "Farwell city, Minnesota", "lat": 45.75241, "lng": -95.61887, "population": 56}, {"name": "Hubbard CDP, Minnesota", "lat": 46.83745, "lng": -95.00905, "population": 56}, {"name": "Hazel Run city, Minnesota", "lat": 44.74843, "lng": -95.71654, "population": 55}, {"name": "Angle Inlet CDP, Minnesota", "lat": 49.34741, "lng": -95.06982, "population": 54}, {"name": "Hadley city, Minnesota", "lat": 44.0018, "lng": -95.85556, "population": 54}, {"name": "Hatfield city, Minnesota", "lat": 43.95368, "lng": -96.1889, "population": 53}, {"name": "Urbank city, Minnesota", "lat": 46.12402, "lng": -95.51006, "population": 52}, {"name": "Manchester city, Minnesota", "lat": 43.72542, "lng": -93.45087, "population": 52}, {"name": "Norcross city, Minnesota", "lat": 45.86871, "lng": -96.19642, "population": 52}, {"name": "Goodland CDP, Minnesota", "lat": 47.16358, "lng": -93.13759, "population": 51}, {"name": "Ebro CDP, Minnesota", "lat": 47.49422, "lng": -95.54108, "population": 50}, {"name": "Leonidas city, Minnesota", "lat": 47.46766, "lng": -92.56744, "population": 50}, {"name": "Essig CDP, Minnesota", "lat": 44.32835, "lng": -94.60336, "population": 49}, {"name": "Myrtle city, Minnesota", "lat": 43.56323, "lng": -93.16299, "population": 47}, {"name": "Delhi city, Minnesota", "lat": 44.598, "lng": -95.21336, "population": 46}, {"name": "Baker CDP, Minnesota", "lat": 46.71049, "lng": -96.55794, "population": 45}, {"name": "Westport city, Minnesota", "lat": 45.71455, "lng": -95.16798, "population": 44}, {"name": "Regal city, Minnesota", "lat": 45.40538, "lng": -94.83973, "population": 43}, {"name": "Sedan city, Minnesota", "lat": 45.57819, "lng": -95.24529, "population": 43}, {"name": "Leonard city, Minnesota", "lat": 47.6498, "lng": -95.26416, "population": 41}, {"name": "McGrath city, Minnesota", "lat": 46.24214, "lng": -93.27506, "population": 41}, {"name": "Humboldt city, Minnesota", "lat": 48.92152, "lng": -97.09464, "population": 41}, {"name": "Trail city, Minnesota", "lat": 47.78328, "lng": -95.69803, "population": 40}, {"name": "Denham city, Minnesota", "lat": 46.36169, "lng": -92.94149, "population": 37}, {"name": "Doran city, Minnesota", "lat": 46.18514, "lng": -96.48561, "population": 36}, {"name": "Cobden city, Minnesota", "lat": 44.28249, "lng": -94.84659, "population": 36}, {"name": "Aldrich city, Minnesota", "lat": 46.37471, "lng": -94.93939, "population": 35}, {"name": "South End CDP, Minnesota", "lat": 47.32309, "lng": -95.47878, "population": 34}, {"name": "Louisburg city, Minnesota", "lat": 45.16448, "lng": -96.17106, "population": 31}, {"name": "Pine Bend CDP, Minnesota", "lat": 47.41825, "lng": -95.59684, "population": 31}, {"name": "Roy Lake CDP, Minnesota", "lat": 47.31683, "lng": -95.53873, "population": 30}, {"name": "Florence city, Minnesota", "lat": 44.23722, "lng": -96.05194, "population": 28}, {"name": "Boy River city, Minnesota", "lat": 47.16781, "lng": -94.12411, "population": 26}, {"name": "Correll city, Minnesota", "lat": 45.23193, "lng": -96.16264, "population": 26}, {"name": "Strathcona city, Minnesota", "lat": 48.55371, "lng": -96.16705, "population": 25}, {"name": "Johnson city, Minnesota", "lat": 45.57225, "lng": -96.29404, "population": 24}, {"name": "Hillman city, Minnesota", "lat": 46.00628, "lng": -93.88865, "population": 23}, {"name": "Donaldson city, Minnesota", "lat": 48.57824, "lng": -96.90212, "population": 20}, {"name": "Midway CDP, Minnesota", "lat": 47.31594, "lng": -95.77938, "population": 20}, {"name": "Funkley city, Minnesota", "lat": 47.78693, "lng": -94.42663, "population": 18}, {"name": "Barry city, Minnesota", "lat": 45.5582, "lng": -96.56036, "population": 16}, {"name": "The Ranch CDP, Minnesota", "lat": 47.31977, "lng": -95.69515, "population": 14}, {"name": "Kinbrae city, Minnesota", "lat": 43.82281, "lng": -95.47594, "population": 10}]