[{"name": "Kansas City city, Missouri", "lat": 39.12236, "lng": -94.55512, "population": 508090}, {"name": "St. Louis city, Missouri", "lat": 38.6357, "lng": -90.24458, "population": 301578}, {"name": "Springfield city, Missouri", "lat": 37.19415, "lng": -93.2913, "population": 169176}, {"name": "Columbia city, Missouri", "lat": 38.94729, "lng": -92.32639, "population": 126254}, {"name": "Independence city, Missouri", "lat": 39.08547, "lng": -94.35208, "population": 123011}, {"name": "Lee's Summit city, Missouri", "lat": 38.9216, "lng": -94.38476, "population": 101108}, {"name": "O'Fallon city, Missouri", "lat": 38.78346, "lng": -90.71525, "population": 91316}, {"name": "St. Joseph city, Missouri", "lat": 39.75946, "lng": -94.82114, "population": 72473}, {"name": "St. Charles city, Missouri", "lat": 38.7957, "lng": -90.51536, "population": 70493}, {"name": "Blue Springs city, Missouri", "lat": 39.012, "lng": -94.26761, "population": 58603}, {"name": "St. Peters city, Missouri", "lat": 38.78157, "lng": -90.60417, "population": 57732}, {"name": "Florissant city, Missouri", "lat": 38.79973, "lng": -90.32708, "population": 52533}, {"name": "Joplin city, Missouri", "lat": 37.07522, "lng": -94.50126, "population": 51762}, {"name": "Chesterfield city, Missouri", "lat": 38.65813, "lng": -90.57595, "population": 49999}, {"name": "Wentzville city, Missouri", "lat": 38.81526, "lng": -90.8667, "population": 44372}, {"name": "Jefferson City city, Missouri", "lat": 38.56746, "lng": -92.17525, "population": 43228}, {"name": "Cape Girardeau city, Missouri", "lat": 37.31009, "lng": -89.55803, "population": 39540}, {"name": "Oakville CDP, Missouri", "lat": 38.44975, "lng": -90.31844, "population": 36301}, {"name": "Wildwood city, Missouri", "lat": 38.57707, "lng": -90.66781, "population": 35417}, {"name": "University City city, Missouri", "lat": 38.66573, "lng": -90.33156, "population": 35065}, {"name": "Ballwin city, Missouri", "lat": 38.59507, "lng": -90.55, "population": 31103}, {"name": "Liberty city, Missouri", "lat": 39.23931, "lng": -94.41889, "population": 30167}, {"name": "Raytown city, Missouri", "lat": 38.9951, "lng": -94.46499, "population": 30012}, {"name": "Kirkwood city, Missouri", "lat": 38.57936, "lng": -90.42088, "population": 29461}, {"name": "Mehlville CDP, Missouri", "lat": 38.50232, "lng": -90.31445, "population": 28955}, {"name": "Maryland Heights city, Missouri", "lat": 38.71677, "lng": -90.47184, "population": 28284}, {"name": "Gladstone city, Missouri", "lat": 39.21298, "lng": -94.55896, "population": 27063}, {"name": "Grandview city, Missouri", "lat": 38.88136, "lng": -94.52274, "population": 26209}, {"name": "Hazelwood city, Missouri", "lat": 38.79471, "lng": -90.396, "population": 25458}, {"name": "Webster Groves city, Missouri", "lat": 38.58665, "lng": -90.35441, "population": 24010}, {"name": "Belton city, Missouri", "lat": 38.81873, "lng": -94.52964, "population": 23953}, {"name": "Nixa city, Missouri", "lat": 37.04509, "lng": -93.29591, "population": 23257}, {"name": "Raymore city, Missouri", "lat": 38.8033, "lng": -94.45832, "population": 22941}, {"name": "Sedalia city, Missouri", "lat": 38.70605, "lng": -93.2345, "population": 21725}, {"name": "Ozark city, Missouri", "lat": 37.0336, "lng": -93.21804, "population": 21284}, {"name": "Arnold city, Missouri", "lat": 38.42601, "lng": -90.36931, "population": 20858}, {"name": "Affton CDP, Missouri", "lat": 38.54991, "lng": -90.32642, "population": 20417}, {"name": "Rolla city, Missouri", "lat": 37.94594, "lng": -91.7612, "population": 19943}, {"name": "Old Jamestown CDP, Missouri", "lat": 38.83493, "lng": -90.28511, "population": 19790}, {"name": "Warrensburg city, Missouri", "lat": 38.76238, "lng": -93.72534, "population": 19337}, {"name": "Creve Coeur city, Missouri", "lat": 38.66202, "lng": -90.44305, "population": 18834}, {"name": "Republic city, Missouri", "lat": 37.16855, "lng": -93.41306, "population": 18750}, {"name": "Ferguson city, Missouri", "lat": 38.74883, "lng": -90.29583, "population": 18527}, {"name": "Spanish Lake CDP, Missouri", "lat": 38.78854, "lng": -90.2078, "population": 18413}, {"name": "Manchester city, Missouri", "lat": 38.58303, "lng": -90.50642, "population": 18333}, {"name": "Farmington city, Missouri", "lat": 37.78249, "lng": -90.4273, "population": 18217}, {"name": "Concord CDP, Missouri", "lat": 38.5117, "lng": -90.35089, "population": 17668}, {"name": "Kirksville city, Missouri", "lat": 40.19817, "lng": -92.57456, "population": 17530}, {"name": "Clayton city, Missouri", "lat": 38.64441, "lng": -90.33024, "population": 17355}, {"name": "Lemay CDP, Missouri", "lat": 38.53354, "lng": -90.28505, "population": 17117}, {"name": "Hannibal city, Missouri", "lat": 39.71021, "lng": -91.39404, "population": 17108}, {"name": "Lake St. Louis city, Missouri", "lat": 38.77989, "lng": -90.78559, "population": 16707}, {"name": "Sikeston city, Missouri", "lat": 36.885, "lng": -89.58745, "population": 16291}, {"name": "Poplar Bluff city, Missouri", "lat": 36.76326, "lng": -90.41395, "population": 16225}, {"name": "Fort Leonard Wood CDP, Missouri", "lat": 37.75616, "lng": -92.12775, "population": 15959}, {"name": "Overland city, Missouri", "lat": 38.69595, "lng": -90.36835, "population": 15955}, {"name": "Grain Valley city, Missouri", "lat": 39.01499, "lng": -94.21637, "population": 15627}, {"name": "Carthage city, Missouri", "lat": 37.1506, "lng": -94.32787, "population": 15522}, {"name": "Jackson city, Missouri", "lat": 37.37992, "lng": -89.65407, "population": 15481}, {"name": "Lebanon city, Missouri", "lat": 37.67213, "lng": -92.65967, "population": 15013}, {"name": "Washington city, Missouri", "lat": 38.55192, "lng": -91.01549, "population": 14500}, {"name": "Marshall city, Missouri", "lat": 39.11509, "lng": -93.20247, "population": 13806}, {"name": "Moberly city, Missouri", "lat": 39.41811, "lng": -92.43654, "population": 13783}, {"name": "Webb City city, Missouri", "lat": 37.14114, "lng": -94.46759, "population": 13031}, {"name": "St. Ann city, Missouri", "lat": 38.72661, "lng": -90.38718, "population": 13019}, {"name": "Jennings city, Missouri", "lat": 38.72307, "lng": -90.26438, "population": 12895}, {"name": "Dardenne Prairie city, Missouri", "lat": 38.74112, "lng": -90.71536, "population": 12743}, {"name": "Festus city, Missouri", "lat": 38.21943, "lng": -90.40972, "population": 12706}, {"name": "Troy city, Missouri", "lat": 38.96999, "lng": -90.96747, "population": 12686}, {"name": "Branson city, Missouri", "lat": 36.65272, "lng": -93.26258, "population": 12638}, {"name": "Fulton city, Missouri", "lat": 38.85515, "lng": -91.9508, "population": 12600}, {"name": "Neosho city, Missouri", "lat": 36.84751, "lng": -94.39774, "population": 12590}, {"name": "Crestwood city, Missouri", "lat": 38.55688, "lng": -90.37823, "population": 12404}, {"name": "Union city, Missouri", "lat": 38.43788, "lng": -90.9958, "population": 12348}, {"name": "West Plains city, Missouri", "lat": 36.73743, "lng": -91.86796, "population": 12184}, {"name": "Eureka city, Missouri", "lat": 38.49847, "lng": -90.64542, "population": 11646}, {"name": "Town and Country city, Missouri", "lat": 38.6306, "lng": -90.47719, "population": 11640}, {"name": "Mexico city, Missouri", "lat": 39.16217, "lng": -91.87277, "population": 11469}, {"name": "Bridgeton city, Missouri", "lat": 38.77332, "lng": -90.417, "population": 11445}, {"name": "Bellefontaine Neighbors city, Missouri", "lat": 38.75287, "lng": -90.22799, "population": 10740}, {"name": "Bolivar city, Missouri", "lat": 37.6067, "lng": -93.41671, "population": 10679}, {"name": "Maryville city, Missouri", "lat": 40.34251, "lng": -94.87005, "population": 10633}, {"name": "Excelsior Springs city, Missouri", "lat": 39.33993, "lng": -94.24099, "population": 10553}, {"name": "Kennett city, Missouri", "lat": 36.24022, "lng": -90.04722, "population": 10515}, {"name": "Smithville city, Missouri", "lat": 39.39687, "lng": -94.57099, "population": 10406}, {"name": "Kearney city, Missouri", "lat": 39.35511, "lng": -94.35858, "population": 10404}, {"name": "Harrisonville city, Missouri", "lat": 38.65249, "lng": -94.347, "population": 10121}, {"name": "Ellisville city, Missouri", "lat": 38.58962, "lng": -90.58839, "population": 9985}, {"name": "Monett city, Missouri", "lat": 36.92085, "lng": -93.92786, "population": 9576}, {"name": "Richmond Heights city, Missouri", "lat": 38.63093, "lng": -90.33322, "population": 9286}, {"name": "Sunset Hills city, Missouri", "lat": 38.53125, "lng": -90.40928, "population": 9198}, {"name": "Des Peres city, Missouri", "lat": 38.59841, "lng": -90.44527, "population": 9193}, {"name": "Clinton city, Missouri", "lat": 38.37117, "lng": -93.76814, "population": 9174}, {"name": "Chillicothe city, Missouri", "lat": 39.79608, "lng": -93.54996, "population": 9107}, {"name": "Ladue city, Missouri", "lat": 38.63643, "lng": -90.38511, "population": 8989}, {"name": "Pleasant Hill city, Missouri", "lat": 38.80597, "lng": -94.27228, "population": 8777}, {"name": "Park Hills city, Missouri", "lat": 37.81698, "lng": -90.49989, "population": 8587}, {"name": "Perryville city, Missouri", "lat": 37.72633, "lng": -89.87649, "population": 8555}, {"name": "Cameron city, Missouri", "lat": 39.7445, "lng": -94.23232, "population": 8513}, {"name": "Olivette city, Missouri", "lat": 38.67237, "lng": -90.37858, "population": 8504}, {"name": "Warrenton city, Missouri", "lat": 38.81906, "lng": -91.13793, "population": 8429}, {"name": "Murphy CDP, Missouri", "lat": 38.49207, "lng": -90.48592, "population": 8425}, {"name": "Maplewood city, Missouri", "lat": 38.61211, "lng": -90.32397, "population": 8269}, {"name": "Brentwood city, Missouri", "lat": 38.61946, "lng": -90.34754, "population": 8233}, {"name": "Berkeley city, Missouri", "lat": 38.74629, "lng": -90.3362, "population": 8228}, {"name": "Nevada city, Missouri", "lat": 37.84491, "lng": -94.35032, "population": 8212}, {"name": "Oak Grove city, Missouri", "lat": 39.00703, "lng": -94.12844, "population": 8157}, {"name": "Carl Junction city, Missouri", "lat": 37.16416, "lng": -94.54265, "population": 8143}, {"name": "Sappington CDP, Missouri", "lat": 38.52604, "lng": -90.37305, "population": 7995}, {"name": "Boonville city, Missouri", "lat": 38.96144, "lng": -92.7462, "population": 7964}, {"name": "Dexter city, Missouri", "lat": 36.79282, "lng": -89.96297, "population": 7927}, {"name": "Marshfield city, Missouri", "lat": 37.3422, "lng": -92.91104, "population": 7458}, {"name": "Pacific city, Missouri", "lat": 38.48168, "lng": -90.75464, "population": 7414}, {"name": "Aurora city, Missouri", "lat": 36.96744, "lng": -93.7186, "population": 7219}, {"name": "Parkville city, Missouri", "lat": 39.21444, "lng": -94.70434, "population": 7117}, {"name": "Sullivan city, Missouri", "lat": 38.21288, "lng": -91.16363, "population": 6906}, {"name": "Bonne Terre city, Missouri", "lat": 37.9211, "lng": -90.54268, "population": 6903}, {"name": "Valley Park city, Missouri", "lat": 38.55074, "lng": -90.49303, "population": 6885}, {"name": "St. John city, Missouri", "lat": 38.71477, "lng": -90.34628, "population": 6643}, {"name": "Black Jack city, Missouri", "lat": 38.79898, "lng": -90.26344, "population": 6634}, {"name": "De Soto city, Missouri", "lat": 38.14106, "lng": -90.56084, "population": 6449}, {"name": "Shrewsbury city, Missouri", "lat": 38.58655, "lng": -90.32817, "population": 6406}, {"name": "Willard city, Missouri", "lat": 37.29301, "lng": -93.41704, "population": 6344}, {"name": "Glendale city, Missouri", "lat": 38.59351, "lng": -90.38257, "population": 6176}, {"name": "Pevely city, Missouri", "lat": 38.28667, "lng": -90.39903, "population": 6026}, {"name": "Greenwood city, Missouri", "lat": 38.84206, "lng": -94.33355, "population": 6021}, {"name": "Richmond city, Missouri", "lat": 39.27545, "lng": -93.97258, "population": 6013}, {"name": "Battlefield city, Missouri", "lat": 37.11926, "lng": -93.36829, "population": 5990}, {"name": "Barnhart CDP, Missouri", "lat": 38.33705, "lng": -90.40556, "population": 5832}, {"name": "Peculiar city, Missouri", "lat": 38.73083, "lng": -94.4686, "population": 5621}, {"name": "Cottleville city, Missouri", "lat": 38.75126, "lng": -90.65803, "population": 5611}, {"name": "Trenton city, Missouri", "lat": 40.08125, "lng": -93.60239, "population": 5609}, {"name": "Odessa city, Missouri", "lat": 38.9994, "lng": -93.9664, "population": 5593}, {"name": "Caruthersville city, Missouri", "lat": 36.18126, "lng": -89.6669, "population": 5562}, {"name": "Macon city, Missouri", "lat": 39.74223, "lng": -92.47055, "population": 5457}, {"name": "Waynesville city, Missouri", "lat": 37.81943, "lng": -92.21926, "population": 5406}, {"name": "Weldon Spring city, Missouri", "lat": 38.70938, "lng": -90.65254, "population": 5326}, {"name": "St. Robert city, Missouri", "lat": 37.82533, "lng": -92.15198, "population": 5192}, {"name": "Savannah city, Missouri", "lat": 39.93879, "lng": -94.82805, "population": 5069}, {"name": "Charleston city, Missouri", "lat": 36.91693, "lng": -89.33391, "population": 5056}, {"name": "Ste. Genevieve city, Missouri", "lat": 37.97502, "lng": -90.04998, "population": 4999}, {"name": "Dellwood city, Missouri", "lat": 38.75632, "lng": -90.27661, "population": 4914}, {"name": "Wright City city, Missouri", "lat": 38.8345, "lng": -91.03995, "population": 4881}, {"name": "Desloge city, Missouri", "lat": 37.87513, "lng": -90.51913, "population": 4823}, {"name": "Higginsville city, Missouri", "lat": 39.06572, "lng": -93.72681, "population": 4817}, {"name": "St. Clair city, Missouri", "lat": 38.3466, "lng": -90.99356, "population": 4791}, {"name": "Platte City city, Missouri", "lat": 39.35973, "lng": -94.75632, "population": 4784}, {"name": "Rock Hill city, Missouri", "lat": 38.6091, "lng": -90.36733, "population": 4750}, {"name": "Ashland city, Missouri", "lat": 38.81246, "lng": -92.23953, "population": 4747}, {"name": "Crystal City city, Missouri", "lat": 38.22276, "lng": -90.3815, "population": 4740}, {"name": "Herculaneum city, Missouri", "lat": 38.25756, "lng": -90.39313, "population": 4672}, {"name": "Lexington city, Missouri", "lat": 39.18031, "lng": -93.86905, "population": 4652}, {"name": "Osage Beach city, Missouri", "lat": 38.13622, "lng": -92.64703, "population": 4637}, {"name": "Salem city, Missouri", "lat": 37.63986, "lng": -91.53468, "population": 4608}, {"name": "Glasgow Village CDP, Missouri", "lat": 38.75789, "lng": -90.1984, "population": 4584}, {"name": "Hollister city, Missouri", "lat": 36.60665, "lng": -93.23358, "population": 4583}, {"name": "Centralia city, Missouri", "lat": 39.21053, "lng": -92.13427, "population": 4541}, {"name": "Mount Vernon city, Missouri", "lat": 37.10511, "lng": -93.81904, "population": 4526}, {"name": "California city, Missouri", "lat": 38.63031, "lng": -92.56708, "population": 4498}, {"name": "North Kansas City city, Missouri", "lat": 39.13956, "lng": -94.56475, "population": 4467}, {"name": "Breckenridge Hills city, Missouri", "lat": 38.71577, "lng": -90.36844, "population": 4458}, {"name": "Holts Summit city, Missouri", "lat": 38.64727, "lng": -92.11301, "population": 4458}, {"name": "Fredericktown city, Missouri", "lat": 37.56295, "lng": -90.30351, "population": 4429}, {"name": "Eldon city, Missouri", "lat": 38.35115, "lng": -92.57668, "population": 4416}, {"name": "Imperial CDP, Missouri", "lat": 38.35246, "lng": -90.38227, "population": 4407}, {"name": "Scott City city, Missouri", "lat": 37.22453, "lng": -89.53765, "population": 4346}, {"name": "Mountain Grove city, Missouri", "lat": 37.13422, "lng": -92.26629, "population": 4313}, {"name": "Normandy city, Missouri", "lat": 38.7071, "lng": -90.3009, "population": 4287}, {"name": "Lamar city, Missouri", "lat": 37.49392, "lng": -94.27843, "population": 4266}, {"name": "High Ridge CDP, Missouri", "lat": 38.46084, "lng": -90.53384, "population": 4242}, {"name": "Butler city, Missouri", "lat": 38.25936, "lng": -94.33953, "population": 4220}, {"name": "Bowling Green city, Missouri", "lat": 39.34477, "lng": -91.20249, "population": 4195}, {"name": "Brookfield city, Missouri", "lat": 39.78533, "lng": -93.07797, "population": 4111}, {"name": "Riverside city, Missouri", "lat": 39.17218, "lng": -94.6325, "population": 4013}, {"name": "Fenton city, Missouri", "lat": 38.52855, "lng": -90.45067, "population": 3989}, {"name": "Camdenton city, Missouri", "lat": 38.01324, "lng": -92.75139, "population": 3960}, {"name": "Woodson Terrace city, Missouri", "lat": 38.72862, "lng": -90.36004, "population": 3950}, {"name": "St. James city, Missouri", "lat": 38.00236, "lng": -91.61337, "population": 3935}, {"name": "Rogersville city, Missouri", "lat": 37.11475, "lng": -93.07415, "population": 3897}, {"name": "Malden city, Missouri", "lat": 36.601, "lng": -89.99751, "population": 3706}, {"name": "Northwoods city, Missouri", "lat": 38.70354, "lng": -90.28238, "population": 3687}, {"name": "Palmyra city, Missouri", "lat": 39.79778, "lng": -91.52652, "population": 3613}, {"name": "Frontenac city, Missouri", "lat": 38.63007, "lng": -90.41898, "population": 3612}, {"name": "Vandalia city, Missouri", "lat": 39.30797, "lng": -91.48934, "population": 3553}, {"name": "Carrollton city, Missouri", "lat": 39.36364, "lng": -93.49506, "population": 3514}, {"name": "El Dorado Springs city, Missouri", "lat": 37.8697, "lng": -94.01995, "population": 3493}, {"name": "Hillsboro city, Missouri", "lat": 38.23295, "lng": -90.5672, "population": 3473}, {"name": "Moscow Mills city, Missouri", "lat": 38.94352, "lng": -90.92471, "population": 3317}, {"name": "Buffalo city, Missouri", "lat": 37.64519, "lng": -93.09656, "population": 3290}, {"name": "Sugar Creek city, Missouri", "lat": 39.1395, "lng": -94.40851, "population": 3271}, {"name": "Louisiana city, Missouri", "lat": 39.44146, "lng": -91.06203, "population": 3199}, {"name": "Cassville city, Missouri", "lat": 36.6783, "lng": -93.8681, "population": 3190}, {"name": "Cuba city, Missouri", "lat": 38.0671, "lng": -91.40574, "population": 3181}, {"name": "Byrnes Mill city, Missouri", "lat": 38.43904, "lng": -90.5736, "population": 3173}, {"name": "Chaffee city, Missouri", "lat": 37.18122, "lng": -89.66124, "population": 3057}, {"name": "Gray Summit CDP, Missouri", "lat": 38.49486, "lng": -90.81535, "population": 3055}, {"name": "St. Paul city, Missouri", "lat": 38.84855, "lng": -90.74065, "population": 3005}, {"name": "Buckner city, Missouri", "lat": 39.13248, "lng": -94.19681, "population": 2945}, {"name": "East Prairie city, Missouri", "lat": 36.77892, "lng": -89.38408, "population": 2943}, {"name": "Portageville city, Missouri", "lat": 36.42947, "lng": -89.69934, "population": 2942}, {"name": "Tipton city, Missouri", "lat": 38.65506, "lng": -92.78127, "population": 2920}, {"name": "Clever city, Missouri", "lat": 37.03311, "lng": -93.47081, "population": 2918}, {"name": "Bethany city, Missouri", "lat": 40.26816, "lng": -94.02982, "population": 2915}, {"name": "Whiteman AFB CDP, Missouri", "lat": 38.73312, "lng": -93.55316, "population": 2896}, {"name": "Ava city, Missouri", "lat": 36.95622, "lng": -92.66596, "population": 2894}, {"name": "Licking city, Missouri", "lat": 37.50046, "lng": -91.86115, "population": 2851}, {"name": "Castle Point CDP, Missouri", "lat": 38.75682, "lng": -90.2485, "population": 2815}, {"name": "Montgomery City city, Missouri", "lat": 38.97389, "lng": -91.50257, "population": 2811}, {"name": "Fayette city, Missouri", "lat": 39.14729, "lng": -92.68567, "population": 2803}, {"name": "New Madrid city, Missouri", "lat": 36.58641, "lng": -89.55122, "population": 2787}, {"name": "Knob Noster city, Missouri", "lat": 38.76733, "lng": -93.56364, "population": 2782}, {"name": "Windsor city, Missouri", "lat": 38.53227, "lng": -93.52295, "population": 2775}, {"name": "Canton city, Missouri", "lat": 40.12986, "lng": -91.52584, "population": 2774}, {"name": "Owensville city, Missouri", "lat": 38.34844, "lng": -91.49736, "population": 2757}, {"name": "Pine Lawn city, Missouri", "lat": 38.69529, "lng": -90.27565, "population": 2754}, {"name": "Pleasant Valley city, Missouri", "lat": 39.21717, "lng": -94.48094, "population": 2743}, {"name": "Forsyth city, Missouri", "lat": 36.68528, "lng": -93.10265, "population": 2730}, {"name": "Green Park city, Missouri", "lat": 38.52324, "lng": -90.33776, "population": 2705}, {"name": "Monroe City city, Missouri", "lat": 39.65439, "lng": -91.73249, "population": 2652}, {"name": "Clarkson Valley city, Missouri", "lat": 38.62534, "lng": -90.59298, "population": 2609}, {"name": "Villa Ridge CDP, Missouri", "lat": 38.4657, "lng": -90.88235, "population": 2601}, {"name": "Strafford city, Missouri", "lat": 37.26899, "lng": -93.11815, "population": 2561}, {"name": "Oronogo city, Missouri", "lat": 37.19174, "lng": -94.46387, "population": 2558}, {"name": "Pagedale city, Missouri", "lat": 38.68017, "lng": -90.30809, "population": 2554}, {"name": "Lawson city, Missouri", "lat": 39.43297, "lng": -94.22031, "population": 2541}, {"name": "Versailles city, Missouri", "lat": 38.43345, "lng": -92.84603, "population": 2539}, {"name": "Potosi city, Missouri", "lat": 37.93374, "lng": -90.77503, "population": 2538}, {"name": "Mountain View city, Missouri", "lat": 36.99361, "lng": -91.70192, "population": 2533}, {"name": "Hayti city, Missouri", "lat": 36.23253, "lng": -89.74736, "population": 2493}, {"name": "Country Club village, Missouri", "lat": 39.84674, "lng": -94.82388, "population": 2487}, {"name": "Terre du Lac CDP, Missouri", "lat": 37.90426, "lng": -90.61843, "population": 2478}, {"name": "New Haven city, Missouri", "lat": 38.60501, "lng": -91.21778, "population": 2414}, {"name": "Riverview village, Missouri", "lat": 38.74412, "lng": -90.21109, "population": 2397}, {"name": "Village of Four Seasons village, Missouri", "lat": 38.1962, "lng": -92.71361, "population": 2383}, {"name": "Concordia city, Missouri", "lat": 38.98751, "lng": -93.56923, "population": 2371}, {"name": "Kimberling City city, Missouri", "lat": 36.64802, "lng": -93.4242, "population": 2344}, {"name": "Lake Lotawana city, Missouri", "lat": 38.90377, "lng": -94.25837, "population": 2310}, {"name": "Lathrop city, Missouri", "lat": 39.56185, "lng": -94.31985, "population": 2271}, {"name": "Seneca city, Missouri", "lat": 36.84452, "lng": -94.60924, "population": 2230}, {"name": "Plattsburg city, Missouri", "lat": 39.55417, "lng": -94.46336, "population": 2222}, {"name": "Marlborough village, Missouri", "lat": 38.5683, "lng": -90.33926, "population": 2221}, {"name": "Holden city, Missouri", "lat": 38.71346, "lng": -93.98941, "population": 2210}, {"name": "Warsaw city, Missouri", "lat": 38.24927, "lng": -93.36704, "population": 2209}, {"name": "Hermann city, Missouri", "lat": 38.69765, "lng": -91.43487, "population": 2185}, {"name": "Willow Springs city, Missouri", "lat": 36.98672, "lng": -91.9615, "population": 2164}, {"name": "Duquesne village, Missouri", "lat": 37.07084, "lng": -94.45679, "population": 2159}, {"name": "Moline Acres city, Missouri", "lat": 38.74561, "lng": -90.243, "population": 2156}, {"name": "Bel-Ridge village, Missouri", "lat": 38.71281, "lng": -90.32853, "population": 2132}, {"name": "Noel city, Missouri", "lat": 36.53833, "lng": -94.49086, "population": 2124}, {"name": "Marceline city, Missouri", "lat": 39.71752, "lng": -92.94735, "population": 2123}, {"name": "Houston city, Missouri", "lat": 37.32095, "lng": -91.96116, "population": 2079}, {"name": "Weatherby Lake city, Missouri", "lat": 39.23436, "lng": -94.69613, "population": 2077}, {"name": "Lake Ozark city, Missouri", "lat": 38.20087, "lng": -92.63005, "population": 2077}, {"name": "Marionville city, Missouri", "lat": 37.00219, "lng": -93.63646, "population": 2054}, {"name": "Granby city, Missouri", "lat": 36.91961, "lng": -94.26294, "population": 2050}, {"name": "Warson Woods city, Missouri", "lat": 38.60683, "lng": -90.39125, "population": 2018}, {"name": "Hanley Hills village, Missouri", "lat": 38.68555, "lng": -90.32491, "population": 2009}, {"name": "Merriam Woods city, Missouri", "lat": 36.72151, "lng": -93.17288, "population": 2006}, {"name": "Raintree Plantation CDP, Missouri", "lat": 38.25478, "lng": -90.60257, "population": 1996}, {"name": "Anderson city, Missouri", "lat": 36.65315, "lng": -94.44409, "population": 1981}, {"name": "Vinita Park city, Missouri", "lat": 38.68879, "lng": -90.33925, "population": 1970}, {"name": "Kahoka city, Missouri", "lat": 40.42362, "lng": -91.71871, "population": 1961}, {"name": "Cabool city, Missouri", "lat": 37.12648, "lng": -92.10322, "population": 1946}, {"name": "Elsberry city, Missouri", "lat": 39.16834, "lng": -90.78791, "population": 1937}, {"name": "Piedmont city, Missouri", "lat": 37.15037, "lng": -90.69575, "population": 1897}, {"name": "Thayer city, Missouri", "lat": 36.52236, "lng": -91.54078, "population": 1883}, {"name": "Sparta city, Missouri", "lat": 37.0018, "lng": -93.08456, "population": 1876}, {"name": "Cedar Hill CDP, Missouri", "lat": 38.35754, "lng": -90.64096, "population": 1875}, {"name": "Bernie city, Missouri", "lat": 36.67172, "lng": -89.97069, "population": 1859}, {"name": "Carterville city, Missouri", "lat": 37.14659, "lng": -94.43881, "population": 1855}, {"name": "Steele city, Missouri", "lat": 36.09479, "lng": -89.8621, "population": 1853}, {"name": "Seymour city, Missouri", "lat": 37.14742, "lng": -92.76884, "population": 1841}, {"name": "Slater city, Missouri", "lat": 39.22328, "lng": -93.06535, "population": 1834}, {"name": "Gallatin city, Missouri", "lat": 39.91035, "lng": -93.96401, "population": 1821}, {"name": "Milan city, Missouri", "lat": 40.20324, "lng": -93.124, "population": 1819}, {"name": "Doniphan city, Missouri", "lat": 36.62335, "lng": -90.82186, "population": 1781}, {"name": "Weston city, Missouri", "lat": 39.40413, "lng": -94.89126, "population": 1756}, {"name": "Bloomfield city, Missouri", "lat": 36.88764, "lng": -89.92979, "population": 1755}, {"name": "Unionville city, Missouri", "lat": 40.47571, "lng": -93.00442, "population": 1735}, {"name": "Richland city, Missouri", "lat": 37.86114, "lng": -92.39974, "population": 1734}, {"name": "Memphis city, Missouri", "lat": 40.4608, "lng": -92.16993, "population": 1731}, {"name": "Adrian city, Missouri", "lat": 38.39633, "lng": -94.34295, "population": 1730}, {"name": "Hamilton city, Missouri", "lat": 39.74354, "lng": -94.0024, "population": 1690}, {"name": "Stockton city, Missouri", "lat": 37.69689, "lng": -93.79589, "population": 1683}, {"name": "Albany city, Missouri", "lat": 40.24789, "lng": -94.33346, "population": 1679}, {"name": "LaBarque Creek CDP, Missouri", "lat": 38.41701, "lng": -90.67989, "population": 1658}, {"name": "Garden City city, Missouri", "lat": 38.56213, "lng": -94.19517, "population": 1629}, {"name": "Hallsville city, Missouri", "lat": 39.11943, "lng": -92.22681, "population": 1614}, {"name": "Shelbina city, Missouri", "lat": 39.69302, "lng": -92.03964, "population": 1613}, {"name": "Campbell city, Missouri", "lat": 36.49304, "lng": -90.07607, "population": 1605}, {"name": "Wardsville village, Missouri", "lat": 38.49181, "lng": -92.18248, "population": 1599}, {"name": "Senath city, Missouri", "lat": 36.13401, "lng": -90.16136, "population": 1593}, {"name": "Fair Grove city, Missouri", "lat": 37.38332, "lng": -93.15215, "population": 1582}, {"name": "Bourbon city, Missouri", "lat": 38.15058, "lng": -91.24928, "population": 1567}, {"name": "Salisbury city, Missouri", "lat": 39.42333, "lng": -92.80242, "population": 1563}, {"name": "Lakeshire city, Missouri", "lat": 38.53996, "lng": -90.33833, "population": 1554}, {"name": "St. George CDP, Missouri", "lat": 38.53755, "lng": -90.31207, "population": 1553}, {"name": "Wellston city, Missouri", "lat": 38.67504, "lng": -90.29407, "population": 1537}, {"name": "Gower city, Missouri", "lat": 39.61298, "lng": -94.5947, "population": 1533}, {"name": "Winfield city, Missouri", "lat": 38.99284, "lng": -90.74559, "population": 1518}, {"name": "Ash Grove city, Missouri", "lat": 37.31774, "lng": -93.58114, "population": 1512}, {"name": "Tarkio city, Missouri", "lat": 40.44299, "lng": -95.38352, "population": 1506}, {"name": "Crane city, Missouri", "lat": 36.90127, "lng": -93.56808, "population": 1495}, {"name": "Duenweg city, Missouri", "lat": 37.08919, "lng": -94.40925, "population": 1495}, {"name": "Lone Jack city, Missouri", "lat": 38.87063, "lng": -94.1852, "population": 1492}, {"name": "Ironton city, Missouri", "lat": 37.59584, "lng": -90.62975, "population": 1475}, {"name": "Steelville city, Missouri", "lat": 37.96961, "lng": -91.35458, "population": 1472}, {"name": "Winchester city, Missouri", "lat": 38.58971, "lng": -90.52604, "population": 1447}, {"name": "Lake Winnebago city, Missouri", "lat": 38.82128, "lng": -94.36145, "population": 1433}, {"name": "Sarcoxie city, Missouri", "lat": 37.06854, "lng": -94.12544, "population": 1406}, {"name": "Bel-Nor village, Missouri", "lat": 38.69808, "lng": -90.31779, "population": 1399}, {"name": "Oakland city, Missouri", "lat": 38.57684, "lng": -90.38492, "population": 1390}, {"name": "Marble Hill city, Missouri", "lat": 37.30248, "lng": -89.98179, "population": 1388}, {"name": "Belle city, Missouri", "lat": 38.28514, "lng": -91.72147, "population": 1381}, {"name": "Huntsville city, Missouri", "lat": 39.43643, "lng": -92.54382, "population": 1376}, {"name": "Gerald city, Missouri", "lat": 38.39935, "lng": -91.33028, "population": 1361}, {"name": "Linn city, Missouri", "lat": 38.4788, "lng": -91.84499, "population": 1350}, {"name": "Advance city, Missouri", "lat": 37.10375, "lng": -89.91172, "population": 1349}, {"name": "Claycomo village, Missouri", "lat": 39.19862, "lng": -94.47883, "population": 1343}, {"name": "Sweet Springs city, Missouri", "lat": 38.96428, "lng": -93.4165, "population": 1316}, {"name": "Charlack city, Missouri", "lat": 38.70293, "lng": -90.34268, "population": 1304}, {"name": "Rock Port city, Missouri", "lat": 40.41091, "lng": -95.53309, "population": 1278}, {"name": "Archie city, Missouri", "lat": 38.48112, "lng": -94.35061, "population": 1268}, {"name": "La Plata city, Missouri", "lat": 40.02395, "lng": -92.49078, "population": 1257}, {"name": "Shell Knob CDP, Missouri", "lat": 36.59576, "lng": -93.59663, "population": 1254}, {"name": "Pierce City city, Missouri", "lat": 36.94688, "lng": -94.00351, "population": 1251}, {"name": "Marthasville city, Missouri", "lat": 38.63092, "lng": -91.05805, "population": 1245}, {"name": "Bismarck city, Missouri", "lat": 37.76733, "lng": -90.62249, "population": 1239}, {"name": "Dixon city, Missouri", "lat": 37.99528, "lng": -92.09588, "population": 1232}, {"name": "Rich Hill city, Missouri", "lat": 38.09587, "lng": -94.36346, "population": 1232}, {"name": "Greenfield city, Missouri", "lat": 37.41608, "lng": -93.84288, "population": 1220}, {"name": "Hillsdale village, Missouri", "lat": 38.68578, "lng": -90.28692, "population": 1216}, {"name": "Goodman city, Missouri", "lat": 36.73882, "lng": -94.40917, "population": 1202}, {"name": "Oran city, Missouri", "lat": 37.08548, "lng": -89.65337, "population": 1195}, {"name": "Mansfield city, Missouri", "lat": 37.10984, "lng": -92.58096, "population": 1193}, {"name": "St. Martins city, Missouri", "lat": 38.59832, "lng": -92.33437, "population": 1191}, {"name": "Velda City city, Missouri", "lat": 38.69411, "lng": -90.29344, "population": 1188}, {"name": "Leadwood city, Missouri", "lat": 37.86174, "lng": -90.58916, "population": 1178}, {"name": "Paris city, Missouri", "lat": 39.473, "lng": -92.00845, "population": 1161}, {"name": "Taos city, Missouri", "lat": 38.50008, "lng": -92.09207, "population": 1150}, {"name": "Lincoln city, Missouri", "lat": 38.39414, "lng": -93.33073, "population": 1144}, {"name": "Calverton Park city, Missouri", "lat": 38.76521, "lng": -90.31158, "population": 1143}, {"name": "Reeds Spring city, Missouri", "lat": 36.73926, "lng": -93.38057, "population": 1136}, {"name": "Stanberry city, Missouri", "lat": 40.21658, "lng": -94.53809, "population": 1129}, {"name": "Summer Set CDP, Missouri", "lat": 38.0875, "lng": -90.57615, "population": 1127}, {"name": "Cole Camp city, Missouri", "lat": 38.45964, "lng": -93.2021, "population": 1104}, {"name": "Maysville city, Missouri", "lat": 39.88563, "lng": -94.36899, "population": 1095}, {"name": "Glasgow city, Missouri", "lat": 39.22815, "lng": -92.83993, "population": 1087}, {"name": "Billings city, Missouri", "lat": 37.06405, "lng": -93.55559, "population": 1084}, {"name": "Fremont Hills city, Missouri", "lat": 37.06468, "lng": -93.2531, "population": 1049}, {"name": "Cool Valley city, Missouri", "lat": 38.72503, "lng": -90.30582, "population": 1039}, {"name": "Appleton City city, Missouri", "lat": 38.19114, "lng": -94.03167, "population": 1032}, {"name": "Purdy city, Missouri", "lat": 36.81877, "lng": -93.92057, "population": 1031}, {"name": "New Franklin city, Missouri", "lat": 39.01482, "lng": -92.74484, "population": 1027}, {"name": "Kissee Mills CDP, Missouri", "lat": 36.66703, "lng": -93.05235, "population": 1023}, {"name": "Country Club Hills city, Missouri", "lat": 38.72087, "lng": -90.27507, "population": 1014}, {"name": "La Monte city, Missouri", "lat": 38.77168, "lng": -93.42391, "population": 1014}, {"name": "Edina city, Missouri", "lat": 40.16801, "lng": -92.17299, "population": 1012}, {"name": "Clarkton city, Missouri", "lat": 36.45204, "lng": -89.96809, "population": 1009}, {"name": "Princeton city, Missouri", "lat": 40.39633, "lng": -93.58877, "population": 1007}, {"name": "Stover city, Missouri", "lat": 38.44181, "lng": -92.99014, "population": 1006}, {"name": "Mound City city, Missouri", "lat": 40.1365, "lng": -95.23374, "population": 1004}, {"name": "Auxvasse city, Missouri", "lat": 39.01749, "lng": -91.89561, "population": 1001}, {"name": "Wellsville city, Missouri", "lat": 39.0732, "lng": -91.5689, "population": 998}, {"name": "Lilbourn city, Missouri", "lat": 36.59076, "lng": -89.61306, "population": 994}, {"name": "Flint Hill city, Missouri", "lat": 38.86266, "lng": -90.87231, "population": 981}, {"name": "Drexel city, Missouri", "lat": 38.50091, "lng": -94.60383, "population": 968}, {"name": "Highlandville city, Missouri", "lat": 36.93948, "lng": -93.28257, "population": 963}, {"name": "Winona city, Missouri", "lat": 37.00415, "lng": -91.32696, "population": 950}, {"name": "New London city, Missouri", "lat": 39.5842, "lng": -91.3989, "population": 943}, {"name": "Loma Linda town, Missouri", "lat": 36.98793, "lng": -94.59021, "population": 943}, {"name": "Grantwood Village town, Missouri", "lat": 38.55112, "lng": -90.35403, "population": 941}, {"name": "Laurie city, Missouri", "lat": 38.20798, "lng": -92.82536, "population": 939}, {"name": "Crocker city, Missouri", "lat": 37.94687, "lng": -92.26792, "population": 929}, {"name": "Southwest City town, Missouri", "lat": 36.51729, "lng": -94.60749, "population": 922}, {"name": "Miner city, Missouri", "lat": 36.90686, "lng": -89.53589, "population": 916}, {"name": "Pasadena Hills city, Missouri", "lat": 38.70829, "lng": -90.29214, "population": 912}, {"name": "Osceola city, Missouri", "lat": 38.04596, "lng": -93.69408, "population": 909}, {"name": "Sturgeon city, Missouri", "lat": 39.23447, "lng": -92.28244, "population": 907}, {"name": "Humansville city, Missouri", "lat": 37.79512, "lng": -93.57703, "population": 907}, {"name": "Jasper city, Missouri", "lat": 37.33566, "lng": -94.3028, "population": 906}, {"name": "Norwood Court town, Missouri", "lat": 38.71411, "lng": -90.28949, "population": 890}, {"name": "Lake Waukomis city, Missouri", "lat": 39.23272, "lng": -94.63782, "population": 888}, {"name": "Velda Village Hills city, Missouri", "lat": 38.69216, "lng": -90.28766, "population": 881}, {"name": "Puxico city, Missouri", "lat": 36.95054, "lng": -90.15883, "population": 873}, {"name": "Benton city, Missouri", "lat": 37.09934, "lng": -89.56052, "population": 866}, {"name": "Loch Lloyd village, Missouri", "lat": 38.82823, "lng": -94.59732, "population": 863}, {"name": "Edmundson city, Missouri", "lat": 38.7351, "lng": -90.36574, "population": 860}, {"name": "Truesdale city, Missouri", "lat": 38.81312, "lng": -91.12213, "population": 853}, {"name": "Lockwood city, Missouri", "lat": 37.38699, "lng": -93.95995, "population": 846}, {"name": "Oregon city, Missouri", "lat": 39.98609, "lng": -95.1433, "population": 837}, {"name": "Diamond town, Missouri", "lat": 36.99707, "lng": -94.31538, "population": 831}, {"name": "Rockaway Beach city, Missouri", "lat": 36.703, "lng": -93.15821, "population": 829}, {"name": "La Grange city, Missouri", "lat": 40.04685, "lng": -91.50229, "population": 825}, {"name": "Lake St. Clair CDP, Missouri", "lat": 38.32295, "lng": -90.9992, "population": 825}, {"name": "Grant City town, Missouri", "lat": 40.48578, "lng": -94.41346, "population": 817}, {"name": "Seligman city, Missouri", "lat": 36.5234, "lng": -93.93899, "population": 813}, {"name": "Pineville city, Missouri", "lat": 36.5755, "lng": -94.39154, "population": 802}, {"name": "Brunswick city, Missouri", "lat": 39.42718, "lng": -93.12718, "population": 801}, {"name": "King City city, Missouri", "lat": 40.05057, "lng": -94.52517, "population": 799}, {"name": "Lake Tapawingo city, Missouri", "lat": 39.02238, "lng": -94.31389, "population": 794}, {"name": "Ellington city, Missouri", "lat": 37.23687, "lng": -90.97374, "population": 790}, {"name": "Waverly city, Missouri", "lat": 39.20701, "lng": -93.51813, "population": 784}, {"name": "Gideon city, Missouri", "lat": 36.44441, "lng": -89.90601, "population": 780}, {"name": "Fordland city, Missouri", "lat": 37.15458, "lng": -92.94194, "population": 778}, {"name": "Russellville city, Missouri", "lat": 38.51276, "lng": -92.43851, "population": 778}, {"name": "Airport Drive village, Missouri", "lat": 37.14054, "lng": -94.51619, "population": 766}, {"name": "Leadington city, Missouri", "lat": 37.83431, "lng": -90.48069, "population": 764}, {"name": "Bella Villa city, Missouri", "lat": 38.54362, "lng": -90.28546, "population": 757}, {"name": "Wood Heights city, Missouri", "lat": 39.34173, "lng": -94.16305, "population": 757}, {"name": "Orrick city, Missouri", "lat": 39.21329, "lng": -94.1254, "population": 753}, {"name": "Van Buren town, Missouri", "lat": 37.01443, "lng": -91.00688, "population": 747}, {"name": "Gainesville city, Missouri", "lat": 36.60628, "lng": -92.42463, "population": 745}, {"name": "Morehouse city, Missouri", "lat": 36.84637, "lng": -89.69095, "population": 741}, {"name": "Clarence city, Missouri", "lat": 39.74318, "lng": -92.26014, "population": 738}, {"name": "Wellington city, Missouri", "lat": 39.14236, "lng": -93.98631, "population": 738}, {"name": "Braymer city, Missouri", "lat": 39.59023, "lng": -93.79589, "population": 737}, {"name": "Doe Run CDP, Missouri", "lat": 37.74552, "lng": -90.49992, "population": 737}, {"name": "Exeter city, Missouri", "lat": 36.67071, "lng": -93.93989, "population": 733}, {"name": "Stewartsville city, Missouri", "lat": 39.7565, "lng": -94.49905, "population": 733}, {"name": "Conway city, Missouri", "lat": 37.50679, "lng": -92.831, "population": 729}, {"name": "Jonesburg city, Missouri", "lat": 38.85459, "lng": -91.30284, "population": 726}, {"name": "Lake Timberline CDP, Missouri", "lat": 37.99737, "lng": -90.54985, "population": 726}, {"name": "Flordell Hills city, Missouri", "lat": 38.7174, "lng": -90.26483, "population": 724}, {"name": "Olympian Village city, Missouri", "lat": 38.13478, "lng": -90.45817, "population": 719}, {"name": "Bertrand city, Missouri", "lat": 36.90773, "lng": -89.45265, "population": 718}, {"name": "Alton city, Missouri", "lat": 36.69084, "lng": -91.39172, "population": 707}, {"name": "Miller city, Missouri", "lat": 37.21514, "lng": -93.84097, "population": 704}, {"name": "Iberia city, Missouri", "lat": 38.08868, "lng": -92.29618, "population": 703}, {"name": "Indian Lake CDP, Missouri", "lat": 38.10265, "lng": -91.45342, "population": 689}, {"name": "New Bloomfield city, Missouri", "lat": 38.71717, "lng": -92.09166, "population": 687}, {"name": "Hawk Point city, Missouri", "lat": 38.9713, "lng": -91.13174, "population": 676}, {"name": "Lancaster city, Missouri", "lat": 40.52632, "lng": -92.53173, "population": 675}, {"name": "Wheaton city, Missouri", "lat": 36.76161, "lng": -94.05699, "population": 672}, {"name": "Agency village, Missouri", "lat": 39.65546, "lng": -94.74833, "population": 671}, {"name": "Pilot Knob city, Missouri", "lat": 37.6229, "lng": -90.6448, "population": 671}, {"name": "Viburnum city, Missouri", "lat": 37.71506, "lng": -91.13077, "population": 667}, {"name": "Perry city, Missouri", "lat": 39.42996, "lng": -91.66605, "population": 665}, {"name": "Pilot Grove city, Missouri", "lat": 38.87362, "lng": -92.91261, "population": 665}, {"name": "La Belle city, Missouri", "lat": 40.11619, "lng": -91.91534, "population": 664}, {"name": "Parkway village, Missouri", "lat": 38.33604, "lng": -90.97113, "population": 663}, {"name": "Blue Summit CDP, Missouri", "lat": 39.08691, "lng": -94.48074, "population": 658}, {"name": "Horine CDP, Missouri", "lat": 38.26882, "lng": -90.4321, "population": 657}, {"name": "Pleasant Hope city, Missouri", "lat": 37.46609, "lng": -93.2758, "population": 657}, {"name": "Golden City city, Missouri", "lat": 37.39358, "lng": -94.09505, "population": 656}, {"name": "Walnut Grove city, Missouri", "lat": 37.41123, "lng": -93.54798, "population": 652}, {"name": "Cleveland city, Missouri", "lat": 38.6778, "lng": -94.6, "population": 650}, {"name": "Fairfax city, Missouri", "lat": 40.3395, "lng": -95.39204, "population": 648}, {"name": "Ferrelview village, Missouri", "lat": 39.31428, "lng": -94.66529, "population": 642}, {"name": "Greendale city, Missouri", "lat": 38.69383, "lng": -90.31251, "population": 642}, {"name": "Holcomb city, Missouri", "lat": 36.40134, "lng": -90.02484, "population": 642}, {"name": "New Florence city, Missouri", "lat": 38.90847, "lng": -91.45479, "population": 641}, {"name": "Iron Mountain Lake city, Missouri", "lat": 37.69087, "lng": -90.62171, "population": 640}, {"name": "Bloomsdale city, Missouri", "lat": 38.01444, "lng": -90.22035, "population": 639}, {"name": "Bevier city, Missouri", "lat": 39.75143, "lng": -92.56388, "population": 636}, {"name": "Norborne city, Missouri", "lat": 39.30242, "lng": -93.67597, "population": 634}, {"name": "Morley city, Missouri", "lat": 37.04333, "lng": -89.61223, "population": 630}, {"name": "Liberal city, Missouri", "lat": 37.55884, "lng": -94.51534, "population": 629}, {"name": "Gordonville village, Missouri", "lat": 37.30857, "lng": -89.67391, "population": 625}, {"name": "Shakertowne CDP, Missouri", "lat": 37.69396, "lng": -89.86737, "population": 625}, {"name": "Hermitage city, Missouri", "lat": 37.94513, "lng": -93.32896, "population": 621}, {"name": "Leawood village, Missouri", "lat": 37.03114, "lng": -94.50189, "population": 620}, {"name": "Arcadia city, Missouri", "lat": 37.58588, "lng": -90.6295, "population": 618}, {"name": "Lowry City city, Missouri", "lat": 38.14002, "lng": -93.72677, "population": 613}, {"name": "Twin Oaks village, Missouri", "lat": 38.56576, "lng": -90.50102, "population": 605}, {"name": "Green City city, Missouri", "lat": 40.26483, "lng": -92.96153, "population": 602}, {"name": "Edgerton city, Missouri", "lat": 39.50227, "lng": -94.6296, "population": 601}, {"name": "Innsbrook village, Missouri", "lat": 38.76158, "lng": -91.05439, "population": 596}, {"name": "Hartville city, Missouri", "lat": 37.25032, "lng": -92.51334, "population": 594}, {"name": "Vienna city, Missouri", "lat": 38.18783, "lng": -91.9506, "population": 581}, {"name": "Norwood city, Missouri", "lat": 37.10719, "lng": -92.41893, "population": 578}, {"name": "Trimble city, Missouri", "lat": 39.47615, "lng": -94.5619, "population": 573}, {"name": "Hardin city, Missouri", "lat": 39.26758, "lng": -93.83134, "population": 571}, {"name": "Doolittle city, Missouri", "lat": 37.94168, "lng": -91.89103, "population": 564}, {"name": "Queen City city, Missouri", "lat": 40.41177, "lng": -92.56668, "population": 562}, {"name": "Sycamore Hills village, Missouri", "lat": 38.70125, "lng": -90.34903, "population": 561}, {"name": "Cardwell city, Missouri", "lat": 36.04748, "lng": -90.2909, "population": 561}, {"name": "Jamesport city, Missouri", "lat": 39.97464, "lng": -93.80258, "population": 559}, {"name": "Parma city, Missouri", "lat": 36.61105, "lng": -89.81813, "population": 555}, {"name": "Kelso village, Missouri", "lat": 37.19221, "lng": -89.5504, "population": 554}, {"name": "Foristell city, Missouri", "lat": 38.81267, "lng": -90.96843, "population": 550}, {"name": "Indian Point village, Missouri", "lat": 36.64664, "lng": -93.34607, "population": 550}, {"name": "Alba city, Missouri", "lat": 37.23716, "lng": -94.41761, "population": 544}, {"name": "Fairdealing CDP, Missouri", "lat": 36.66311, "lng": -90.60449, "population": 543}, {"name": "New Melle city, Missouri", "lat": 38.7189, "lng": -90.88222, "population": 541}, {"name": "Birch Tree city, Missouri", "lat": 36.99668, "lng": -91.49167, "population": 541}, {"name": "Glenaire city, Missouri", "lat": 39.21973, "lng": -94.45146, "population": 539}, {"name": "Hornersville city, Missouri", "lat": 36.04022, "lng": -90.11638, "population": 537}, {"name": "Matthews city, Missouri", "lat": 36.7568, "lng": -89.56748, "population": 534}, {"name": "Leeton city, Missouri", "lat": 38.58334, "lng": -93.69531, "population": 532}, {"name": "Center city, Missouri", "lat": 39.50956, "lng": -91.52915, "population": 528}, {"name": "Goose Creek Lake CDP, Missouri", "lat": 37.98025, "lng": -90.33174, "population": 524}, {"name": "Burlington Junction city, Missouri", "lat": 40.44656, "lng": -95.06672, "population": 521}, {"name": "Lewistown town, Missouri", "lat": 40.08481, "lng": -91.81355, "population": 521}, {"name": "Shelbyville city, Missouri", "lat": 39.80733, "lng": -92.03989, "population": 518}, {"name": "Madison city, Missouri", "lat": 39.47545, "lng": -92.21385, "population": 515}, {"name": "Hayti Heights city, Missouri", "lat": 36.23116, "lng": -89.7682, "population": 515}, {"name": "Eminence city, Missouri", "lat": 37.15089, "lng": -91.35871, "population": 515}, {"name": "Josephville village, Missouri", "lat": 38.82931, "lng": -90.78699, "population": 512}, {"name": "Polo city, Missouri", "lat": 39.55171, "lng": -94.03598, "population": 509}, {"name": "Crystal Lake Park city, Missouri", "lat": 38.62124, "lng": -90.43205, "population": 508}, {"name": "Verona town, Missouri", "lat": 36.96221, "lng": -93.79044, "population": 507}, {"name": "Bland city, Missouri", "lat": 38.30045, "lng": -91.63306, "population": 506}, {"name": "Smithton city, Missouri", "lat": 38.68073, "lng": -93.0924, "population": 506}, {"name": "Laddonia city, Missouri", "lat": 39.2428, "lng": -91.64257, "population": 502}, {"name": "Spokane CDP, Missouri", "lat": 36.86688, "lng": -93.28706, "population": 491}, {"name": "Grayhawk CDP, Missouri", "lat": 37.9269, "lng": -90.24198, "population": 488}, {"name": "Lake Viking CDP, Missouri", "lat": 39.93221, "lng": -94.06668, "population": 486}, {"name": "Branson West city, Missouri", "lat": 36.68862, "lng": -93.39309, "population": 484}, {"name": "Dearborn city, Missouri", "lat": 39.52514, "lng": -94.77197, "population": 482}, {"name": "Freeman city, Missouri", "lat": 38.62529, "lng": -94.50781, "population": 475}, {"name": "Beverly Hills city, Missouri", "lat": 38.69795, "lng": -90.29012, "population": 475}, {"name": "Hopkins city, Missouri", "lat": 40.55108, "lng": -94.81699, "population": 472}, {"name": "Eolia village, Missouri", "lat": 39.23789, "lng": -91.01317, "population": 472}, {"name": "Holt city, Missouri", "lat": 39.45503, "lng": -94.34683, "population": 471}, {"name": "Green Ridge city, Missouri", "lat": 38.62125, "lng": -93.40986, "population": 468}, {"name": "Bell City city, Missouri", "lat": 37.02401, "lng": -89.81934, "population": 464}, {"name": "Urich city, Missouri", "lat": 38.46042, "lng": -93.99899, "population": 463}, {"name": "Qulin city, Missouri", "lat": 36.59526, "lng": -90.2463, "population": 460}, {"name": "Higbee city, Missouri", "lat": 39.30634, "lng": -92.51318, "population": 459}, {"name": "Camden Point city, Missouri", "lat": 39.45328, "lng": -94.74878, "population": 457}, {"name": "Galena city, Missouri", "lat": 36.80321, "lng": -93.46951, "population": 455}, {"name": "Summersville city, Missouri", "lat": 37.17855, "lng": -91.65769, "population": 453}, {"name": "Greenville city, Missouri", "lat": 37.12793, "lng": -90.44788, "population": 443}, {"name": "Naylor city, Missouri", "lat": 36.57447, "lng": -90.60558, "population": 440}, {"name": "Otterville city, Missouri", "lat": 38.70293, "lng": -93.00277, "population": 440}, {"name": "Keytesville city, Missouri", "lat": 39.43135, "lng": -92.93784, "population": 440}, {"name": "Pomona CDP, Missouri", "lat": 36.86827, "lng": -91.91332, "population": 440}, {"name": "Wilbur Park village, Missouri", "lat": 38.55319, "lng": -90.30873, "population": 439}, {"name": "Ravenwood town, Missouri", "lat": 40.35236, "lng": -94.67218, "population": 439}, {"name": "Avondale city, Missouri", "lat": 39.15453, "lng": -94.54517, "population": 436}, {"name": "Pasadena Park village, Missouri", "lat": 38.71098, "lng": -90.29743, "population": 435}, {"name": "Sheldon city, Missouri", "lat": 37.65836, "lng": -94.29571, "population": 435}, {"name": "Sunrise Beach village, Missouri", "lat": 38.16275, "lng": -92.78196, "population": 431}, {"name": "Bull Creek village, Missouri", "lat": 36.71519, "lng": -93.20194, "population": 426}, {"name": "Fair Play city, Missouri", "lat": 37.63263, "lng": -93.57696, "population": 422}, {"name": "Fairview town, Missouri", "lat": 36.81728, "lng": -94.08663, "population": 419}, {"name": "Corder city, Missouri", "lat": 39.0992, "lng": -93.63893, "population": 418}, {"name": "St. Elizabeth village, Missouri", "lat": 38.25607, "lng": -92.26645, "population": 418}, {"name": "Ellsinore city, Missouri", "lat": 36.93284, "lng": -90.74767, "population": 416}, {"name": "Meadville city, Missouri", "lat": 39.78718, "lng": -93.29807, "population": 415}, {"name": "Bucklin city, Missouri", "lat": 39.78402, "lng": -92.88813, "population": 413}, {"name": "Oak Grove Village village, Missouri", "lat": 38.22772, "lng": -91.14952, "population": 412}, {"name": "Freeburg village, Missouri", "lat": 38.3161, "lng": -91.92233, "population": 409}, {"name": "Wayland city, Missouri", "lat": 40.3963, "lng": -91.57544, "population": 408}, {"name": "Washburn city, Missouri", "lat": 36.58881, "lng": -93.9657, "population": 407}, {"name": "Ewing city, Missouri", "lat": 40.00875, "lng": -91.71468, "population": 406}, {"name": "Arbyrd city, Missouri", "lat": 36.05345, "lng": -90.23992, "population": 404}, {"name": "Essex city, Missouri", "lat": 36.8118, "lng": -89.86263, "population": 403}, {"name": "Alma city, Missouri", "lat": 39.09641, "lng": -93.5478, "population": 400}, {"name": "Marston city, Missouri", "lat": 36.51718, "lng": -89.60583, "population": 397}, {"name": "Platte Woods city, Missouri", "lat": 39.22889, "lng": -94.65212, "population": 394}, {"name": "Calhoun city, Missouri", "lat": 38.46809, "lng": -93.62394, "population": 392}, {"name": "Niangua city, Missouri", "lat": 37.38891, "lng": -92.83014, "population": 390}, {"name": "Crystal Lakes city, Missouri", "lat": 39.35833, "lng": -94.18669, "population": 390}, {"name": "Rosebud city, Missouri", "lat": 38.38476, "lng": -91.40296, "population": 390}, {"name": "Greentop city, Missouri", "lat": 40.35061, "lng": -92.56612, "population": 388}, {"name": "Urbana city, Missouri", "lat": 37.84345, "lng": -93.16756, "population": 387}, {"name": "Montrose city, Missouri", "lat": 38.25865, "lng": -93.98243, "population": 383}, {"name": "Novinger city, Missouri", "lat": 40.23443, "lng": -92.70697, "population": 383}, {"name": "Union Star town, Missouri", "lat": 39.97954, "lng": -94.5997, "population": 380}, {"name": "Atlanta city, Missouri", "lat": 39.89822, "lng": -92.48028, "population": 379}, {"name": "Butterfield city, Missouri", "lat": 36.74598, "lng": -93.90399, "population": 378}, {"name": "Weaubleau city, Missouri", "lat": 37.89121, "lng": -93.53946, "population": 378}, {"name": "Westphalia city, Missouri", "lat": 38.44124, "lng": -92.00043, "population": 378}, {"name": "Chamois city, Missouri", "lat": 38.67376, "lng": -91.773, "population": 377}, {"name": "Morrisville town, Missouri", "lat": 37.47864, "lng": -93.43042, "population": 376}, {"name": "Delta city, Missouri", "lat": 37.19746, "lng": -89.73916, "population": 376}, {"name": "Hale city, Missouri", "lat": 39.60509, "lng": -93.34331, "population": 375}, {"name": "Osborn city, Missouri", "lat": 39.74985, "lng": -94.3569, "population": 374}, {"name": "Lanagan town, Missouri", "lat": 36.60614, "lng": -94.45171, "population": 373}, {"name": "Clarksville city, Missouri", "lat": 39.3695, "lng": -90.9049, "population": 372}, {"name": "Ridgeway city, Missouri", "lat": 40.37782, "lng": -93.93784, "population": 372}, {"name": "Irondale city, Missouri", "lat": 37.83735, "lng": -90.67015, "population": 368}, {"name": "Oakview village, Missouri", "lat": 39.20855, "lng": -94.57041, "population": 366}, {"name": "Stanton CDP, Missouri", "lat": 38.27024, "lng": -91.1059, "population": 366}, {"name": "Macks Creek CDP, Missouri", "lat": 37.96348, "lng": -92.96691, "population": 365}, {"name": "Mine La Motte CDP, Missouri", "lat": 37.61416, "lng": -90.29649, "population": 364}, {"name": "Lake Arrowhead CDP, Missouri", "lat": 39.48406, "lng": -94.31721, "population": 363}, {"name": "Brewer CDP, Missouri", "lat": 37.78358, "lng": -89.918, "population": 361}, {"name": "Huntleigh city, Missouri", "lat": 38.61313, "lng": -90.4091, "population": 361}, {"name": "West Alton city, Missouri", "lat": 38.86293, "lng": -90.20394, "population": 359}, {"name": "Jane town, Missouri", "lat": 36.54031, "lng": -94.30777, "population": 359}, {"name": "Windsor Place village, Missouri", "lat": 38.93426, "lng": -92.70312, "population": 358}, {"name": "Shoal Creek Drive village, Missouri", "lat": 37.037, "lng": -94.52275, "population": 356}, {"name": "Deepwater city, Missouri", "lat": 38.25919, "lng": -93.77514, "population": 355}, {"name": "Briarwood Estates CDP, Missouri", "lat": 38.1561, "lng": -90.58659, "population": 347}, {"name": "Raymondville town, Missouri", "lat": 37.33978, "lng": -91.83647, "population": 345}, {"name": "Frankford city, Missouri", "lat": 39.4924, "lng": -91.32018, "population": 343}, {"name": "Cooter city, Missouri", "lat": 36.04669, "lng": -89.80917, "population": 343}, {"name": "Altenburg city, Missouri", "lat": 37.63044, "lng": -89.5859, "population": 341}, {"name": "Portage Des Sioux city, Missouri", "lat": 38.92997, "lng": -90.34067, "population": 335}, {"name": "Bunceton city, Missouri", "lat": 38.78968, "lng": -92.79869, "population": 334}, {"name": "Newburg city, Missouri", "lat": 37.91558, "lng": -91.90037, "population": 333}, {"name": "Jamestown town, Missouri", "lat": 38.76924, "lng": -92.4839, "population": 330}, {"name": "Gilman City city, Missouri", "lat": 40.13121, "lng": -93.87391, "population": 329}, {"name": "Creighton city, Missouri", "lat": 38.49656, "lng": -94.07209, "population": 327}, {"name": "Leasburg village, Missouri", "lat": 38.09485, "lng": -91.29532, "population": 326}, {"name": "Bellflower city, Missouri", "lat": 39.00392, "lng": -91.35166, "population": 325}, {"name": "Neelyville city, Missouri", "lat": 36.55629, "lng": -90.51368, "population": 318}, {"name": "Purcell city, Missouri", "lat": 37.2433, "lng": -94.43945, "population": 318}, {"name": "Westwood village, Missouri", "lat": 38.64349, "lng": -90.43349, "population": 316}, {"name": "Pattonsburg city, Missouri", "lat": 40.06876, "lng": -94.10881, "population": 314}, {"name": "Sibley village, Missouri", "lat": 39.17589, "lng": -94.20087, "population": 314}, {"name": "Fisk city, Missouri", "lat": 36.78228, "lng": -90.20751, "population": 312}, {"name": "Uplands Park village, Missouri", "lat": 38.69271, "lng": -90.28285, "population": 312}, {"name": "Wardell town, Missouri", "lat": 36.35381, "lng": -89.8153, "population": 310}, {"name": "Saddlebrooke village, Missouri", "lat": 36.82604, "lng": -93.20182, "population": 309}, {"name": "St. Mary city, Missouri", "lat": 37.87382, "lng": -89.94966, "population": 309}, {"name": "Diggins village, Missouri", "lat": 37.1737, "lng": -92.85148, "population": 305}, {"name": "Laclede city, Missouri", "lat": 39.78735, "lng": -93.16972, "population": 305}, {"name": "White Branch CDP, Missouri", "lat": 38.23056, "lng": -93.35346, "population": 301}, {"name": "Downing city, Missouri", "lat": 40.48677, "lng": -92.36862, "population": 300}, {"name": "Saginaw village, Missouri", "lat": 37.02437, "lng": -94.47522, "population": 300}, {"name": "Bunker city, Missouri", "lat": 37.45759, "lng": -91.21164, "population": 295}, {"name": "East Lynne city, Missouri", "lat": 38.66821, "lng": -94.23069, "population": 294}, {"name": "Chilhowee town, Missouri", "lat": 38.58859, "lng": -93.85619, "population": 291}, {"name": "Northmoor city, Missouri", "lat": 39.18447, "lng": -94.60548, "population": 291}, {"name": "Kingston city, Missouri", "lat": 39.64258, "lng": -94.03839, "population": 290}, {"name": "Blue Eye town, Missouri", "lat": 36.51932, "lng": -93.37714, "population": 289}, {"name": "Carytown city, Missouri", "lat": 37.26155, "lng": -94.33446, "population": 287}, {"name": "Risco city, Missouri", "lat": 36.55167, "lng": -89.81865, "population": 286}, {"name": "West Sullivan town, Missouri", "lat": 38.19197, "lng": -91.19173, "population": 285}, {"name": "Centertown town, Missouri", "lat": 38.618, "lng": -92.40895, "population": 284}, {"name": "Cainsville city, Missouri", "lat": 40.4398, "lng": -93.77468, "population": 283}, {"name": "Bent Tree Harbor CDP, Missouri", "lat": 38.24663, "lng": -93.4899, "population": 283}, {"name": "Hume town, Missouri", "lat": 38.09041, "lng": -94.58321, "population": 283}, {"name": "Junction City village, Missouri", "lat": 37.57396, "lng": -90.29325, "population": 283}, {"name": "Linneus city, Missouri", "lat": 39.8775, "lng": -93.18659, "population": 281}, {"name": "Williamsville city, Missouri", "lat": 36.97365, "lng": -90.54783, "population": 279}, {"name": "Henrietta city, Missouri", "lat": 39.23703, "lng": -93.93839, "population": 278}, {"name": "Wheatland city, Missouri", "lat": 37.94096, "lng": -93.39751, "population": 277}, {"name": "Howardville city, Missouri", "lat": 36.56845, "lng": -89.59712, "population": 277}, {"name": "Lake Lafayette city, Missouri", "lat": 38.94916, "lng": -93.96807, "population": 277}, {"name": "Maitland city, Missouri", "lat": 40.2021, "lng": -95.07791, "population": 276}, {"name": "Golden CDP, Missouri", "lat": 36.53713, "lng": -93.66041, "population": 275}, {"name": "Eagleville town, Missouri", "lat": 40.46872, "lng": -93.98596, "population": 275}, {"name": "Taneyville village, Missouri", "lat": 36.73768, "lng": -93.03544, "population": 274}, {"name": "Everton city, Missouri", "lat": 37.34318, "lng": -93.70271, "population": 273}, {"name": "Mindenmines city, Missouri", "lat": 37.47861, "lng": -94.57904, "population": 271}, {"name": "Cherokee Pass CDP, Missouri", "lat": 37.48753, "lng": -90.29495, "population": 271}, {"name": "Harrisburg town, Missouri", "lat": 39.14024, "lng": -92.45956, "population": 271}, {"name": "Augusta town, Missouri", "lat": 38.5694, "lng": -90.88116, "population": 270}, {"name": "Tracy city, Missouri", "lat": 39.37747, "lng": -94.79115, "population": 269}, {"name": "Kidder city, Missouri", "lat": 39.78198, "lng": -94.10247, "population": 267}, {"name": "Farley village, Missouri", "lat": 39.28829, "lng": -94.82852, "population": 265}, {"name": "Cobalt village, Missouri", "lat": 37.54512, "lng": -90.28693, "population": 264}, {"name": "Mercer town, Missouri", "lat": 40.51064, "lng": -93.52991, "population": 263}, {"name": "Kinloch city, Missouri", "lat": 38.7384, "lng": -90.32496, "population": 263}, {"name": "Prairie Home city, Missouri", "lat": 38.8136, "lng": -92.59061, "population": 262}, {"name": "Breckenridge city, Missouri", "lat": 39.76145, "lng": -93.80515, "population": 258}, {"name": "Berger city, Missouri", "lat": 38.66701, "lng": -91.3411, "population": 256}, {"name": "Farber city, Missouri", "lat": 39.27423, "lng": -91.57671, "population": 255}, {"name": "Clark city, Missouri", "lat": 39.27967, "lng": -92.35959, "population": 254}, {"name": "Clarksburg city, Missouri", "lat": 38.66132, "lng": -92.6665, "population": 254}, {"name": "Rensselaer village, Missouri", "lat": 39.6698, "lng": -91.54036, "population": 253}, {"name": "Martinsburg town, Missouri", "lat": 39.10098, "lng": -91.64737, "population": 251}, {"name": "Callao city, Missouri", "lat": 39.7624, "lng": -92.62335, "population": 251}, {"name": "Tarsney Lakes CDP, Missouri", "lat": 38.95076, "lng": -94.20527, "population": 250}, {"name": "Annapolis city, Missouri", "lat": 37.36106, "lng": -90.69577, "population": 250}, {"name": "Old Monroe city, Missouri", "lat": 38.93831, "lng": -90.74678, "population": 249}, {"name": "Faucett CDP, Missouri", "lat": 39.60024, "lng": -94.79747, "population": 248}, {"name": "Frohna city, Missouri", "lat": 37.63756, "lng": -89.61979, "population": 245}, {"name": "Clarksdale city, Missouri", "lat": 39.81385, "lng": -94.55077, "population": 245}, {"name": "Kingsville city, Missouri", "lat": 38.74361, "lng": -94.07076, "population": 245}, {"name": "Skidmore city, Missouri", "lat": 40.28789, "lng": -95.07949, "population": 245}, {"name": "Forest City city, Missouri", "lat": 39.98295, "lng": -95.18831, "population": 243}, {"name": "Armstrong city, Missouri", "lat": 39.26918, "lng": -92.70417, "population": 243}, {"name": "Millersville CDP, Missouri", "lat": 37.42942, "lng": -89.7907, "population": 240}, {"name": "Amazonia village, Missouri", "lat": 39.8894, "lng": -94.89228, "population": 238}, {"name": "Oak Ridge town, Missouri", "lat": 37.49874, "lng": -89.72988, "population": 237}, {"name": "Brashear city, Missouri", "lat": 40.14834, "lng": -92.37884, "population": 235}, {"name": "De Kalb town, Missouri", "lat": 39.58825, "lng": -94.92358, "population": 233}, {"name": "Mineral Point town, Missouri", "lat": 37.94558, "lng": -90.72463, "population": 231}, {"name": "Lake Tekakwitha village, Missouri", "lat": 38.44121, "lng": -90.71811, "population": 230}, {"name": "Houston Lake city, Missouri", "lat": 39.19013, "lng": -94.62017, "population": 229}, {"name": "Winston village, Missouri", "lat": 39.86995, "lng": -94.14174, "population": 229}, {"name": "Neck City city, Missouri", "lat": 37.2549, "lng": -94.44488, "population": 228}, {"name": "New Hampton city, Missouri", "lat": 40.26477, "lng": -94.19509, "population": 228}, {"name": "Schell City city, Missouri", "lat": 38.01915, "lng": -94.11677, "population": 228}, {"name": "Fidelity town, Missouri", "lat": 37.08172, "lng": -94.30956, "population": 227}, {"name": "Easton city, Missouri", "lat": 39.72285, "lng": -94.64064, "population": 227}, {"name": "Grandin city, Missouri", "lat": 36.83086, "lng": -90.82132, "population": 226}, {"name": "Dadeville village, Missouri", "lat": 37.4797, "lng": -93.67368, "population": 226}, {"name": "Rushville village, Missouri", "lat": 39.5874, "lng": -95.02376, "population": 225}, {"name": "Blackburn city, Missouri", "lat": 39.10477, "lng": -93.48605, "population": 224}, {"name": "Greencastle city, Missouri", "lat": 40.25862, "lng": -92.87586, "population": 224}, {"name": "Utica village, Missouri", "lat": 39.74558, "lng": -93.6286, "population": 222}, {"name": "St. Thomas town, Missouri", "lat": 38.36705, "lng": -92.216, "population": 222}, {"name": "Spickard city, Missouri", "lat": 40.24316, "lng": -93.59224, "population": 222}, {"name": "Wheeling city, Missouri", "lat": 39.78607, "lng": -93.38601, "population": 220}, {"name": "Browning city, Missouri", "lat": 40.03495, "lng": -93.16035, "population": 219}, {"name": "Bates City city, Missouri", "lat": 39.00394, "lng": -94.06339, "population": 219}, {"name": "Wyatt city, Missouri", "lat": 36.96033, "lng": -89.16955, "population": 219}, {"name": "Amsterdam city, Missouri", "lat": 38.3495, "lng": -94.58907, "population": 218}, {"name": "New Hamburg CDP, Missouri", "lat": 37.13197, "lng": -89.59831, "population": 218}, {"name": "Missouri City city, Missouri", "lat": 39.23825, "lng": -94.30269, "population": 217}, {"name": "Linn Creek city, Missouri", "lat": 38.04293, "lng": -92.71397, "population": 216}, {"name": "Vibbard CDP, Missouri", "lat": 39.38749, "lng": -94.14414, "population": 215}, {"name": "Wyaconda city, Missouri", "lat": 40.39219, "lng": -91.92612, "population": 214}, {"name": "Bosworth city, Missouri", "lat": 39.46991, "lng": -93.33556, "population": 213}, {"name": "Saverton CDP, Missouri", "lat": 39.64422, "lng": -91.26971, "population": 213}, {"name": "McCord Bend village, Missouri", "lat": 36.78744, "lng": -93.50306, "population": 212}, {"name": "Emerald Beach village, Missouri", "lat": 36.5742, "lng": -93.67079, "population": 212}, {"name": "South Fork CDP, Missouri", "lat": 36.63797, "lng": -91.95484, "population": 212}, {"name": "Blythedale village, Missouri", "lat": 40.47517, "lng": -93.92749, "population": 211}, {"name": "Napoleon city, Missouri", "lat": 39.12847, "lng": -94.08879, "population": 211}, {"name": "Blodgett village, Missouri", "lat": 37.00475, "lng": -89.52635, "population": 209}, {"name": "Excelsior Estates village, Missouri", "lat": 39.38994, "lng": -94.20821, "population": 209}, {"name": "Stoutland city, Missouri", "lat": 37.81321, "lng": -92.51698, "population": 209}, {"name": "Mayview city, Missouri", "lat": 39.05277, "lng": -93.8333, "population": 208}, {"name": "Philadelphia CDP, Missouri", "lat": 39.83505, "lng": -91.74118, "population": 206}, {"name": "Cairo village, Missouri", "lat": 39.51116, "lng": -92.44101, "population": 205}, {"name": "Newtonia town, Missouri", "lat": 36.87935, "lng": -94.18368, "population": 204}, {"name": "Cedar Hill Lakes village, Missouri", "lat": 38.33029, "lng": -90.65752, "population": 203}, {"name": "Barnard city, Missouri", "lat": 40.1754, "lng": -94.82317, "population": 201}, {"name": "Emma city, Missouri", "lat": 38.9752, "lng": -93.49504, "population": 201}, {"name": "Rocheport city, Missouri", "lat": 38.97818, "lng": -92.56352, "population": 201}, {"name": "Walker city, Missouri", "lat": 37.89891, "lng": -94.23113, "population": 199}, {"name": "Edgar Springs city, Missouri", "lat": 37.70259, "lng": -91.86607, "population": 199}, {"name": "Houstonia city, Missouri", "lat": 38.89936, "lng": -93.35942, "population": 198}, {"name": "Oakwood village, Missouri", "lat": 39.20049, "lng": -94.5705, "population": 198}, {"name": "Curryville city, Missouri", "lat": 39.34574, "lng": -91.34151, "population": 197}, {"name": "Wortham CDP, Missouri", "lat": 37.83975, "lng": -90.6035, "population": 197}, {"name": "Koshkonong town, Missouri", "lat": 36.59744, "lng": -91.64595, "population": 196}, {"name": "Chula city, Missouri", "lat": 39.92194, "lng": -93.47757, "population": 195}, {"name": "Kirbyville village, Missouri", "lat": 36.6294, "lng": -93.15678, "population": 195}, {"name": "Frankclay CDP, Missouri", "lat": 37.86296, "lng": -90.61443, "population": 194}, {"name": "Holland town, Missouri", "lat": 36.05705, "lng": -89.87053, "population": 194}, {"name": "Scotsdale town, Missouri", "lat": 38.3946, "lng": -90.58977, "population": 194}, {"name": "Asbury city, Missouri", "lat": 37.27294, "lng": -94.60515, "population": 193}, {"name": "Eagle Rock CDP, Missouri", "lat": 36.55406, "lng": -93.74364, "population": 193}, {"name": "Homestead village, Missouri", "lat": 39.36322, "lng": -94.20054, "population": 192}, {"name": "Bellerive Acres city, Missouri", "lat": 38.71223, "lng": -90.31213, "population": 191}, {"name": "Knox City city, Missouri", "lat": 40.14416, "lng": -92.0102, "population": 191}, {"name": "Sedgewickville village, Missouri", "lat": 37.51461, "lng": -89.90602, "population": 191}, {"name": "Birmingham village, Missouri", "lat": 39.16757, "lng": -94.45008, "population": 189}, {"name": "Centerview city, Missouri", "lat": 38.74602, "lng": -93.84427, "population": 189}, {"name": "Oakwood Park village, Missouri", "lat": 39.20472, "lng": -94.57384, "population": 189}, {"name": "Theodosia village, Missouri", "lat": 36.57989, "lng": -92.66457, "population": 188}, {"name": "Tuscumbia town, Missouri", "lat": 38.23706, "lng": -92.46004, "population": 188}, {"name": "Mokane city, Missouri", "lat": 38.67444, "lng": -91.87244, "population": 188}, {"name": "Malta Bend town, Missouri", "lat": 39.19399, "lng": -93.3635, "population": 187}, {"name": "Grovespring CDP, Missouri", "lat": 37.40393, "lng": -92.60681, "population": 187}, {"name": "Marquand city, Missouri", "lat": 37.42879, "lng": -90.16743, "population": 186}, {"name": "Bakersfield village, Missouri", "lat": 36.52667, "lng": -92.14805, "population": 186}, {"name": "High Hill city, Missouri", "lat": 38.87631, "lng": -91.38066, "population": 186}, {"name": "Vanduser village, Missouri", "lat": 36.99104, "lng": -89.68652, "population": 183}, {"name": "Ozora CDP, Missouri", "lat": 37.8627, "lng": -90.05048, "population": 182}, {"name": "Glenwood village, Missouri", "lat": 40.52303, "lng": -92.57588, "population": 181}, {"name": "Meta city, Missouri", "lat": 38.31226, "lng": -92.16563, "population": 180}, {"name": "Anniston town, Missouri", "lat": 36.82434, "lng": -89.32666, "population": 180}, {"name": "Freistatt village, Missouri", "lat": 37.02135, "lng": -93.89759, "population": 179}, {"name": "Conception Junction town, Missouri", "lat": 40.26835, "lng": -94.69136, "population": 177}, {"name": "Hurley city, Missouri", "lat": 36.9306, "lng": -93.49916, "population": 176}, {"name": "Rocky Comfort CDP, Missouri", "lat": 36.74237, "lng": -94.09035, "population": 176}, {"name": "Camden city, Missouri", "lat": 39.19906, "lng": -94.02338, "population": 175}, {"name": "Gilliam city, Missouri", "lat": 39.23274, "lng": -93.00413, "population": 175}, {"name": "Lohman city, Missouri", "lat": 38.5429, "lng": -92.36459, "population": 175}, {"name": "Fillmore city, Missouri", "lat": 40.0253, "lng": -94.97315, "population": 173}, {"name": "Gasconade city, Missouri", "lat": 38.67026, "lng": -91.55993, "population": 172}, {"name": "Middletown town, Missouri", "lat": 39.12866, "lng": -91.41385, "population": 171}, {"name": "Altamont village, Missouri", "lat": 39.88803, "lng": -94.08703, "population": 171}, {"name": "Blackwater city, Missouri", "lat": 38.97919, "lng": -92.99197, "population": 170}, {"name": "Lamar Heights city, Missouri", "lat": 37.49441, "lng": -94.29337, "population": 170}, {"name": "Fountain N' Lakes village, Missouri", "lat": 38.96891, "lng": -90.84925, "population": 169}, {"name": "Galt city, Missouri", "lat": 40.12726, "lng": -93.38792, "population": 168}, {"name": "Cowgill city, Missouri", "lat": 39.56079, "lng": -93.92624, "population": 168}, {"name": "Bogard city, Missouri", "lat": 39.45793, "lng": -93.52386, "population": 167}, {"name": "Centerville city, Missouri", "lat": 37.43668, "lng": -90.95968, "population": 167}, {"name": "Stotts City city, Missouri", "lat": 37.10178, "lng": -93.94828, "population": 167}, {"name": "Leisure Lake CDP, Missouri", "lat": 40.10983, "lng": -93.72348, "population": 166}, {"name": "Stella town, Missouri", "lat": 36.76259, "lng": -94.19112, "population": 166}, {"name": "Phillipsburg village, Missouri", "lat": 37.55259, "lng": -92.78946, "population": 164}, {"name": "Redings Mill village, Missouri", "lat": 37.01997, "lng": -94.51655, "population": 164}, {"name": "Bolckow city, Missouri", "lat": 40.11522, "lng": -94.82121, "population": 163}, {"name": "Bronaugh city, Missouri", "lat": 37.69367, "lng": -94.46861, "population": 163}, {"name": "Broseley CDP, Missouri", "lat": 36.6754, "lng": -90.24412, "population": 163}, {"name": "Mendon city, Missouri", "lat": 39.59058, "lng": -93.13393, "population": 163}, {"name": "Dutchtown CDP, Missouri", "lat": 37.2598, "lng": -89.64651, "population": 163}, {"name": "Jerico Springs village, Missouri", "lat": 37.61903, "lng": -94.01517, "population": 160}, {"name": "Mill Spring village, Missouri", "lat": 37.06508, "lng": -90.67786, "population": 159}, {"name": "Defiance CDP, Missouri", "lat": 38.63275, "lng": -90.78462, "population": 159}, {"name": "Parkdale village, Missouri", "lat": 38.48099, "lng": -90.52711, "population": 159}, {"name": "Canalou city, Missouri", "lat": 36.75402, "lng": -89.68651, "population": 158}, {"name": "Barnett city, Missouri", "lat": 38.37741, "lng": -92.67458, "population": 158}, {"name": "Clearmont city, Missouri", "lat": 40.508, "lng": -95.03258, "population": 158}, {"name": "Diehlstadt village, Missouri", "lat": 36.9593, "lng": -89.43234, "population": 157}, {"name": "Preston village, Missouri", "lat": 37.94096, "lng": -93.21271, "population": 157}, {"name": "Rayville CDP, Missouri", "lat": 39.34633, "lng": -94.06492, "population": 157}, {"name": "Laredo city, Missouri", "lat": 40.02607, "lng": -93.448, "population": 156}, {"name": "Hurdland city, Missouri", "lat": 40.14839, "lng": -92.30263, "population": 155}, {"name": "Whiting CDP, Missouri", "lat": 36.79207, "lng": -89.37156, "population": 155}, {"name": "Renick village, Missouri", "lat": 39.34306, "lng": -92.40981, "population": 154}, {"name": "New Cambria city, Missouri", "lat": 39.77668, "lng": -92.75127, "population": 153}, {"name": "Miami city, Missouri", "lat": 39.32247, "lng": -93.22591, "population": 152}, {"name": "Nelson city, Missouri", "lat": 38.99454, "lng": -93.03083, "population": 152}, {"name": "Syracuse city, Missouri", "lat": 38.66957, "lng": -92.87633, "population": 151}, {"name": "Halfway village, Missouri", "lat": 37.6188, "lng": -93.24052, "population": 151}, {"name": "Coffey city, Missouri", "lat": 40.10555, "lng": -94.00654, "population": 151}, {"name": "Hughesville village, Missouri", "lat": 38.83689, "lng": -93.29517, "population": 150}, {"name": "Big Spring CDP, Missouri", "lat": 38.79495, "lng": -91.48293, "population": 149}, {"name": "Pickering city, Missouri", "lat": 40.45025, "lng": -94.84193, "population": 149}, {"name": "Graham town, Missouri", "lat": 40.20126, "lng": -95.04039, "population": 147}, {"name": "Knob Lick CDP, Missouri", "lat": 37.67846, "lng": -90.36787, "population": 147}, {"name": "Sheridan town, Missouri", "lat": 40.51718, "lng": -94.6146, "population": 145}, {"name": "Argyle town, Missouri", "lat": 38.29539, "lng": -92.02553, "population": 144}, {"name": "Purdin city, Missouri", "lat": 39.95018, "lng": -93.16454, "population": 141}, {"name": "Eugene CDP, Missouri", "lat": 38.35711, "lng": -92.40195, "population": 140}, {"name": "Tina village, Missouri", "lat": 39.53789, "lng": -93.44132, "population": 139}, {"name": "Hunnewell city, Missouri", "lat": 39.66796, "lng": -91.85888, "population": 139}, {"name": "Rhineland town, Missouri", "lat": 38.72273, "lng": -91.51737, "population": 139}, {"name": "Aurora Springs CDP, Missouri", "lat": 38.32438, "lng": -92.58236, "population": 138}, {"name": "Bennett Springs CDP, Missouri", "lat": 37.73371, "lng": -92.85627, "population": 138}, {"name": "St. Francisville CDP, Missouri", "lat": 40.44228, "lng": -91.57606, "population": 137}, {"name": "Leslie village, Missouri", "lat": 38.41791, "lng": -91.23095, "population": 136}, {"name": "Bethel village, Missouri", "lat": 39.87777, "lng": -92.02267, "population": 135}, {"name": "Parnell city, Missouri", "lat": 40.43842, "lng": -94.62227, "population": 135}, {"name": "Rockville city, Missouri", "lat": 38.07248, "lng": -94.08045, "population": 135}, {"name": "Kingdom City village, Missouri", "lat": 38.94731, "lng": -91.93542, "population": 134}, {"name": "La Russell city, Missouri", "lat": 37.14024, "lng": -94.06094, "population": 134}, {"name": "Louisburg village, Missouri", "lat": 37.75642, "lng": -93.14105, "population": 134}, {"name": "Amoret city, Missouri", "lat": 38.2548, "lng": -94.58729, "population": 133}, {"name": "Hartsburg town, Missouri", "lat": 38.69722, "lng": -92.30695, "population": 133}, {"name": "Haywood City village, Missouri", "lat": 37.01168, "lng": -89.60028, "population": 133}, {"name": "Kimmswick city, Missouri", "lat": 38.36575, "lng": -90.36433, "population": 133}, {"name": "Shawneetown CDP, Missouri", "lat": 37.55109, "lng": -89.65552, "population": 132}, {"name": "Caledonia village, Missouri", "lat": 37.76477, "lng": -90.77235, "population": 131}, {"name": "Des Arc village, Missouri", "lat": 37.28316, "lng": -90.63607, "population": 131}, {"name": "Fortuna CDP, Missouri", "lat": 38.56765, "lng": -92.797, "population": 130}, {"name": "Gravois Mills town, Missouri", "lat": 38.29953, "lng": -92.825, "population": 129}, {"name": "Oaks village, Missouri", "lat": 39.19701, "lng": -94.57197, "population": 128}, {"name": "Brandsville city, Missouri", "lat": 36.65074, "lng": -91.69646, "population": 127}, {"name": "Weingarten CDP, Missouri", "lat": 37.88938, "lng": -90.21727, "population": 127}, {"name": "Miramiguoa Park village, Missouri", "lat": 38.23897, "lng": -91.06868, "population": 126}, {"name": "Baring city, Missouri", "lat": 40.24483, "lng": -92.20588, "population": 125}, {"name": "Collins village, Missouri", "lat": 37.88961, "lng": -93.62182, "population": 125}, {"name": "Stark City town, Missouri", "lat": 36.86287, "lng": -94.18634, "population": 125}, {"name": "Perkins CDP, Missouri", "lat": 37.09425, "lng": -89.77472, "population": 123}, {"name": "Pontiac CDP, Missouri", "lat": 36.52005, "lng": -92.60513, "population": 123}, {"name": "Glen Echo Park village, Missouri", "lat": 38.7009, "lng": -90.29645, "population": 122}, {"name": "Jacksonville village, Missouri", "lat": 39.58779, "lng": -92.47285, "population": 122}, {"name": "South Greenfield village, Missouri", "lat": 37.37605, "lng": -93.84089, "population": 122}, {"name": "Prathersville village, Missouri", "lat": 39.31531, "lng": -94.27381, "population": 121}, {"name": "McFall city, Missouri", "lat": 40.11158, "lng": -94.2223, "population": 119}, {"name": "Montreal CDP, Missouri", "lat": 37.9697, "lng": -92.58953, "population": 119}, {"name": "Cross Timbers city, Missouri", "lat": 38.02427, "lng": -93.22936, "population": 119}, {"name": "Rosendale city, Missouri", "lat": 40.0407, "lng": -94.82324, "population": 119}, {"name": "Climax Springs CDP, Missouri", "lat": 38.1004, "lng": -93.05281, "population": 118}, {"name": "West Line village, Missouri", "lat": 38.63575, "lng": -94.58696, "population": 117}, {"name": "Westboro city, Missouri", "lat": 40.53505, "lng": -95.32111, "population": 116}, {"name": "Wasola CDP, Missouri", "lat": 36.77823, "lng": -92.56745, "population": 115}, {"name": "Fleming city, Missouri", "lat": 39.19552, "lng": -94.05205, "population": 114}, {"name": "Turney village, Missouri", "lat": 39.6376, "lng": -94.32103, "population": 114}, {"name": "Cosby village, Missouri", "lat": 39.86384, "lng": -94.67982, "population": 114}, {"name": "Holliday village, Missouri", "lat": 39.49193, "lng": -92.13434, "population": 114}, {"name": "Olean town, Missouri", "lat": 38.41036, "lng": -92.53, "population": 114}, {"name": "Elmo city, Missouri", "lat": 40.51874, "lng": -95.11702, "population": 114}, {"name": "Newtown town, Missouri", "lat": 40.37464, "lng": -93.33245, "population": 113}, {"name": "Ludlow town, Missouri", "lat": 39.65427, "lng": -93.70259, "population": 111}, {"name": "Conception CDP, Missouri", "lat": 40.23884, "lng": -94.6809, "population": 111}, {"name": "Flemington village, Missouri", "lat": 37.80387, "lng": -93.50144, "population": 110}, {"name": "Frisbee CDP, Missouri", "lat": 36.35157, "lng": -90.02984, "population": 107}, {"name": "Strasburg city, Missouri", "lat": 38.75989, "lng": -94.16484, "population": 107}, {"name": "Lake Annette city, Missouri", "lat": 38.65372, "lng": -94.50584, "population": 107}, {"name": "Shoal Creek Estates village, Missouri", "lat": 37.01734, "lng": -94.4934, "population": 107}, {"name": "Chain-O-Lakes village, Missouri", "lat": 36.5342, "lng": -93.72418, "population": 106}, {"name": "Alexandria city, Missouri", "lat": 40.35989, "lng": -91.4594, "population": 105}, {"name": "Craig city, Missouri", "lat": 40.19238, "lng": -95.37426, "population": 105}, {"name": "Halltown village, Missouri", "lat": 37.19451, "lng": -93.62909, "population": 104}, {"name": "Monticello village, Missouri", "lat": 40.11896, "lng": -91.71305, "population": 104}, {"name": "Grand Falls Plaza town, Missouri", "lat": 37.03616, "lng": -94.53925, "population": 103}, {"name": "Avilla town, Missouri", "lat": 37.19381, "lng": -94.12984, "population": 103}, {"name": "Rush Hill village, Missouri", "lat": 39.21001, "lng": -91.72516, "population": 103}, {"name": "Novelty village, Missouri", "lat": 40.01246, "lng": -92.20716, "population": 102}, {"name": "Brooklyn Heights town, Missouri", "lat": 37.16941, "lng": -94.38554, "population": 101}, {"name": "Mosby city, Missouri", "lat": 39.31562, "lng": -94.30715, "population": 101}, {"name": "White Oak CDP, Missouri", "lat": 36.32999, "lng": -90.02758, "population": 101}, {"name": "Benton City village, Missouri", "lat": 39.13455, "lng": -91.76487, "population": 101}, {"name": "Dudley city, Missouri", "lat": 36.78975, "lng": -90.0916, "population": 101}, {"name": "Dawn CDP, Missouri", "lat": 39.6713, "lng": -93.63412, "population": 100}, {"name": "Mooresville village, Missouri", "lat": 39.74666, "lng": -93.72091, "population": 98}, {"name": "Wentworth village, Missouri", "lat": 36.99322, "lng": -94.07549, "population": 98}, {"name": "Harviell CDP, Missouri", "lat": 36.65641, "lng": -90.47894, "population": 98}, {"name": "Chain of Rocks village, Missouri", "lat": 38.91501, "lng": -90.80229, "population": 97}, {"name": "Pocahontas town, Missouri", "lat": 37.50161, "lng": -89.63985, "population": 97}, {"name": "Lewis and Clark Village town, Missouri", "lat": 39.53593, "lng": -95.05146, "population": 96}, {"name": "Blairstown city, Missouri", "lat": 38.55792, "lng": -93.9578, "population": 95}, {"name": "Allenville village, Missouri", "lat": 37.22183, "lng": -89.75547, "population": 95}, {"name": "Hunter CDP, Missouri", "lat": 36.88194, "lng": -90.84786, "population": 95}, {"name": "Iantha CDP, Missouri", "lat": 37.51493, "lng": -94.39937, "population": 95}, {"name": "Peaceful Village village, Missouri", "lat": 38.46696, "lng": -90.5428, "population": 95}, {"name": "Ridgely village, Missouri", "lat": 39.45361, "lng": -94.64034, "population": 95}, {"name": "Ashley CDP, Missouri", "lat": 39.25327, "lng": -91.22352, "population": 94}, {"name": "Morrison city, Missouri", "lat": 38.67005, "lng": -91.63248, "population": 93}, {"name": "Weldon Spring Heights town, Missouri", "lat": 38.70429, "lng": -90.6853, "population": 93}, {"name": "Hayward CDP, Missouri", "lat": 36.39597, "lng": -89.6668, "population": 93}, {"name": "Lithium CDP, Missouri", "lat": 37.83184, "lng": -89.88325, "population": 92}, {"name": "Reeds town, Missouri", "lat": 37.11647, "lng": -94.16824, "population": 91}, {"name": "Longtown town, Missouri", "lat": 37.67031, "lng": -89.77414, "population": 90}, {"name": "Foley city, Missouri", "lat": 39.04571, "lng": -90.7414, "population": 89}, {"name": "Humphreys village, Missouri", "lat": 40.12331, "lng": -93.32171, "population": 89}, {"name": "Roscoe village, Missouri", "lat": 37.97664, "lng": -93.81747, "population": 89}, {"name": "New Market CDP, Missouri", "lat": 39.50184, "lng": -94.79942, "population": 88}, {"name": "Whitewater town, Missouri", "lat": 37.23677, "lng": -89.79784, "population": 88}, {"name": "Clifton Hill city, Missouri", "lat": 39.43862, "lng": -92.66368, "population": 88}, {"name": "Burfordville CDP, Missouri", "lat": 37.36771, "lng": -89.80978, "population": 87}, {"name": "Grayridge CDP, Missouri", "lat": 36.82471, "lng": -89.78193, "population": 87}, {"name": "Pascola village, Missouri", "lat": 36.26726, "lng": -89.82581, "population": 87}, {"name": "Rutledge town, Missouri", "lat": 40.31398, "lng": -92.08759, "population": 86}, {"name": "Baldwin Park village, Missouri", "lat": 38.7927, "lng": -94.24893, "population": 85}, {"name": "Edinburg CDP, Missouri", "lat": 40.0811, "lng": -93.68985, "population": 84}, {"name": "Avalon CDP, Missouri", "lat": 39.65967, "lng": -93.43934, "population": 83}, {"name": "De Witt city, Missouri", "lat": 39.38488, "lng": -93.21991, "population": 83}, {"name": "Dover town, Missouri", "lat": 39.19411, "lng": -93.68952, "population": 83}, {"name": "Medill CDP, Missouri", "lat": 40.43045, "lng": -91.77039, "population": 82}, {"name": "Denton CDP, Missouri", "lat": 36.09052, "lng": -89.89149, "population": 82}, {"name": "Plato village, Missouri", "lat": 37.50163, "lng": -92.2184, "population": 82}, {"name": "Gunn City village, Missouri", "lat": 38.66598, "lng": -94.16399, "population": 80}, {"name": "Weatherby town, Missouri", "lat": 39.90926, "lng": -94.24217, "population": 80}, {"name": "Millard village, Missouri", "lat": 40.10749, "lng": -92.54596, "population": 79}, {"name": "Sumner town, Missouri", "lat": 39.65606, "lng": -93.24343, "population": 78}, {"name": "Tallapoosa city, Missouri", "lat": 36.50606, "lng": -89.817, "population": 78}, {"name": "Moundville town, Missouri", "lat": 37.76468, "lng": -94.45095, "population": 78}, {"name": "Riverview Estates village, Missouri", "lat": 38.74886, "lng": -94.5246, "population": 78}, {"name": "St. Catharine CDP, Missouri", "lat": 39.79777, "lng": -92.99565, "population": 78}, {"name": "McKittrick town, Missouri", "lat": 38.73989, "lng": -91.44521, "population": 77}, {"name": "Aullville village, Missouri", "lat": 39.01749, "lng": -93.67788, "population": 77}, {"name": "Wilson City village, Missouri", "lat": 36.92359, "lng": -89.22302, "population": 77}, {"name": "Levasy city, Missouri", "lat": 39.13522, "lng": -94.12812, "population": 77}, {"name": "Foster village, Missouri", "lat": 38.1667, "lng": -94.50828, "population": 76}, {"name": "Aldrich village, Missouri", "lat": 37.54847, "lng": -93.55052, "population": 76}, {"name": "Revere town, Missouri", "lat": 40.49437, "lng": -91.6763, "population": 76}, {"name": "St. Clement CDP, Missouri", "lat": 39.28054, "lng": -91.21184, "population": 76}, {"name": "Mount Moriah town, Missouri", "lat": 40.32926, "lng": -93.79707, "population": 75}, {"name": "Arrow Point village, Missouri", "lat": 36.54408, "lng": -93.62237, "population": 75}, {"name": "Paradise CDP, Missouri", "lat": 39.42886, "lng": -94.5128, "population": 75}, {"name": "Luray village, Missouri", "lat": 40.45234, "lng": -91.88412, "population": 73}, {"name": "Homestown city, Missouri", "lat": 36.33182, "lng": -89.82423, "population": 73}, {"name": "Old Appleton town, Missouri", "lat": 37.59391, "lng": -89.71071, "population": 73}, {"name": "Zalma CDP, Missouri", "lat": 37.14277, "lng": -90.08166, "population": 73}, {"name": "Jameson town, Missouri", "lat": 40.00585, "lng": -93.98779, "population": 73}, {"name": "Bragg City town, Missouri", "lat": 36.26813, "lng": -89.9113, "population": 72}, {"name": "Waco city, Missouri", "lat": 37.24695, "lng": -94.60028, "population": 72}, {"name": "Country Life Acres village, Missouri", "lat": 38.62224, "lng": -90.45538, "population": 72}, {"name": "Brownington town, Missouri", "lat": 38.24442, "lng": -93.72272, "population": 71}, {"name": "Ionia town, Missouri", "lat": 38.50372, "lng": -93.32353, "population": 71}, {"name": "Franklin city, Missouri", "lat": 39.01132, "lng": -92.75488, "population": 70}, {"name": "Gibbs village, Missouri", "lat": 40.09902, "lng": -92.41662, "population": 70}, {"name": "Brumley town, Missouri", "lat": 38.08801, "lng": -92.48451, "population": 69}, {"name": "Merwin village, Missouri", "lat": 38.40409, "lng": -94.5908, "population": 69}, {"name": "Latham CDP, Missouri", "lat": 38.55935, "lng": -92.67891, "population": 69}, {"name": "Unity Village village, Missouri", "lat": 38.95895, "lng": -94.40094, "population": 66}, {"name": "Darlington village, Missouri", "lat": 40.198, "lng": -94.39968, "population": 66}, {"name": "Ritchey town, Missouri", "lat": 36.94403, "lng": -94.18579, "population": 66}, {"name": "Harris town, Missouri", "lat": 40.30615, "lng": -93.35038, "population": 65}, {"name": "Mount Leonard town, Missouri", "lat": 39.12545, "lng": -93.39451, "population": 65}, {"name": "Big Lake village, Missouri", "lat": 40.0727, "lng": -95.35045, "population": 65}, {"name": "Worth village, Missouri", "lat": 40.40452, "lng": -94.44651, "population": 65}, {"name": "La Tour CDP, Missouri", "lat": 38.63564, "lng": -94.10055, "population": 65}, {"name": "Tebbetts CDP, Missouri", "lat": 38.61766, "lng": -91.956, "population": 64}, {"name": "Pierpont village, Missouri", "lat": 38.86318, "lng": -92.31299, "population": 64}, {"name": "Vandiver village, Missouri", "lat": 39.16115, "lng": -91.84759, "population": 63}, {"name": "Rothville village, Missouri", "lat": 39.65474, "lng": -93.0611, "population": 63}, {"name": "Sundown CDP, Missouri", "lat": 36.55881, "lng": -92.64162, "population": 62}, {"name": "Oxly CDP, Missouri", "lat": 36.60253, "lng": -90.67899, "population": 62}, {"name": "South Gorin town, Missouri", "lat": 40.35851, "lng": -92.02543, "population": 62}, {"name": "Grayson CDP, Missouri", "lat": 39.53431, "lng": -94.56178, "population": 61}, {"name": "Watson village, Missouri", "lat": 40.47991, "lng": -95.62348, "population": 61}, {"name": "Deering CDP, Missouri", "lat": 36.19164, "lng": -89.88421, "population": 61}, {"name": "Excello CDP, Missouri", "lat": 39.63141, "lng": -92.47221, "population": 61}, {"name": "Guilford town, Missouri", "lat": 40.16858, "lng": -94.736, "population": 60}, {"name": "Arrow Rock town, Missouri", "lat": 39.07, "lng": -92.94725, "population": 60}, {"name": "Paynesville village, Missouri", "lat": 39.26248, "lng": -90.90029, "population": 60}, {"name": "Williamstown CDP, Missouri", "lat": 40.24084, "lng": -91.79762, "population": 60}, {"name": "Ravanna CDP, Missouri", "lat": 40.45778, "lng": -93.45732, "population": 60}, {"name": "Truxton village, Missouri", "lat": 39.00439, "lng": -91.23892, "population": 59}, {"name": "Tightwad village, Missouri", "lat": 38.30576, "lng": -93.5423, "population": 58}, {"name": "Lucerne village, Missouri", "lat": 40.4637, "lng": -93.29171, "population": 57}, {"name": "Middle Grove CDP, Missouri", "lat": 39.39732, "lng": -92.27566, "population": 57}, {"name": "Milo village, Missouri", "lat": 37.75541, "lng": -94.30515, "population": 57}, {"name": "Glen Allen town, Missouri", "lat": 37.31706, "lng": -90.02812, "population": 57}, {"name": "Randolph village, Missouri", "lat": 39.15607, "lng": -94.49313, "population": 57}, {"name": "Leonard village, Missouri", "lat": 39.89441, "lng": -92.18196, "population": 57}, {"name": "Gentry village, Missouri", "lat": 40.33257, "lng": -94.42326, "population": 56}, {"name": "Arkoe town, Missouri", "lat": 40.25938, "lng": -94.82794, "population": 56}, {"name": "Clyde village, Missouri", "lat": 40.2662, "lng": -94.6696, "population": 55}, {"name": "Burgess CDP, Missouri", "lat": 37.55694, "lng": -94.61551, "population": 54}, {"name": "Newark village, Missouri", "lat": 39.9944, "lng": -91.97359, "population": 54}, {"name": "Connelsville CDP, Missouri", "lat": 40.27783, "lng": -92.70178, "population": 53}, {"name": "Whiteside village, Missouri", "lat": 39.18355, "lng": -91.01673, "population": 52}, {"name": "Livonia village, Missouri", "lat": 40.49203, "lng": -92.70048, "population": 52}, {"name": "Elmer city, Missouri", "lat": 39.9579, "lng": -92.6488, "population": 51}, {"name": "Penermon village, Missouri", "lat": 36.79096, "lng": -89.83008, "population": 51}, {"name": "Brimson village, Missouri", "lat": 40.14494, "lng": -93.7384, "population": 50}, {"name": "Prairie Hill CDP, Missouri", "lat": 39.52081, "lng": -92.73623, "population": 50}, {"name": "Grand Pass village, Missouri", "lat": 39.20494, "lng": -93.44264, "population": 49}, {"name": "Montier CDP, Missouri", "lat": 36.98173, "lng": -91.57495, "population": 49}, {"name": "Allendale village, Missouri", "lat": 40.48534, "lng": -94.28868, "population": 48}, {"name": "Chesapeake CDP, Missouri", "lat": 37.11481, "lng": -93.67879, "population": 48}, {"name": "Hoberg village, Missouri", "lat": 37.0682, "lng": -93.84926, "population": 48}, {"name": "Lambert village, Missouri", "lat": 37.09376, "lng": -89.55479, "population": 48}, {"name": "Biehle CDP, Missouri", "lat": 37.60655, "lng": -89.83769, "population": 47}, {"name": "Coney Island village, Missouri", "lat": 36.59321, "lng": -93.39714, "population": 47}, {"name": "Worthington village, Missouri", "lat": 40.4085, "lng": -92.68926, "population": 47}, {"name": "Dennis Acres village, Missouri", "lat": 37.04647, "lng": -94.50442, "population": 47}, {"name": "Irwin CDP, Missouri", "lat": 37.58867, "lng": -94.28656, "population": 47}, {"name": "Tindall town, Missouri", "lat": 40.16088, "lng": -93.60965, "population": 46}, {"name": "Pollock village, Missouri", "lat": 40.35836, "lng": -93.08373, "population": 46}, {"name": "Rea city, Missouri", "lat": 40.06096, "lng": -94.76444, "population": 46}, {"name": "Commerce village, Missouri", "lat": 37.16001, "lng": -89.44695, "population": 45}, {"name": "Fremont CDP, Missouri", "lat": 36.95226, "lng": -91.16231, "population": 43}, {"name": "Bagnell town, Missouri", "lat": 38.23139, "lng": -92.60414, "population": 43}, {"name": "Richards town, Missouri", "lat": 37.90996, "lng": -94.55749, "population": 43}, {"name": "St. Cloud village, Missouri", "lat": 38.17319, "lng": -91.21276, "population": 43}, {"name": "Powersville village, Missouri", "lat": 40.54981, "lng": -93.29966, "population": 42}, {"name": "Quitman CDP, Missouri", "lat": 40.3733, "lng": -95.07696, "population": 42}, {"name": "Rives town, Missouri", "lat": 36.09446, "lng": -90.01146, "population": 42}, {"name": "Umber View Heights village, Missouri", "lat": 37.6234, "lng": -93.80356, "population": 41}, {"name": "Catron town, Missouri", "lat": 36.61104, "lng": -89.70603, "population": 41}, {"name": "Ethel town, Missouri", "lat": 39.89378, "lng": -92.74071, "population": 41}, {"name": "New Wells CDP, Missouri", "lat": 37.55399, "lng": -89.6245, "population": 40}, {"name": "Cliff Village village, Missouri", "lat": 37.02514, "lng": -94.5172, "population": 40}, {"name": "Deerfield village, Missouri", "lat": 37.83865, "lng": -94.5077, "population": 40}, {"name": "Lock Springs village, Missouri", "lat": 39.8488, "lng": -93.77616, "population": 40}, {"name": "Iatan village, Missouri", "lat": 39.47905, "lng": -94.98473, "population": 39}, {"name": "Elmira village, Missouri", "lat": 39.50863, "lng": -94.15464, "population": 39}, {"name": "Stoutsville village, Missouri", "lat": 39.54887, "lng": -91.8568, "population": 37}, {"name": "Arcola village, Missouri", "lat": 37.54929, "lng": -93.87529, "population": 37}, {"name": "Ginger Blue village, Missouri", "lat": 36.58991, "lng": -94.45964, "population": 37}, {"name": "Winigan CDP, Missouri", "lat": 40.04687, "lng": -92.89827, "population": 37}, {"name": "Vista village, Missouri", "lat": 37.98883, "lng": -93.6642, "population": 36}, {"name": "Pendleton village, Missouri", "lat": 38.83489, "lng": -91.22949, "population": 34}, {"name": "Triplett city, Missouri", "lat": 39.49835, "lng": -93.19386, "population": 33}, {"name": "Ashburn town, Missouri", "lat": 39.54577, "lng": -91.17196, "population": 33}, {"name": "Denver village, Missouri", "lat": 40.39895, "lng": -94.3233, "population": 32}, {"name": "Harwood village, Missouri", "lat": 37.95668, "lng": -94.15393, "population": 29}, {"name": "Huntsdale town, Missouri", "lat": 38.91198, "lng": -92.47862, "population": 29}, {"name": "Lupus town, Missouri", "lat": 38.84597, "lng": -92.45401, "population": 28}, {"name": "Danville CDP, Missouri", "lat": 38.91221, "lng": -91.52979, "population": 28}, {"name": "Wooldridge village, Missouri", "lat": 38.90657, "lng": -92.5214, "population": 28}, {"name": "Blanchard CDP, Missouri", "lat": 40.57489, "lng": -95.21098, "population": 27}, {"name": "La Due village, Missouri", "lat": 38.31252, "lng": -93.87767, "population": 27}, {"name": "Amity town, Missouri", "lat": 39.86834, "lng": -94.4347, "population": 26}, {"name": "Passaic town, Missouri", "lat": 38.32163, "lng": -94.34898, "population": 26}, {"name": "Buell CDP, Missouri", "lat": 39.03241, "lng": -91.44073, "population": 25}, {"name": "Milford village, Missouri", "lat": 37.58626, "lng": -94.15817, "population": 24}, {"name": "Arbela town, Missouri", "lat": 40.46314, "lng": -92.01557, "population": 24}, {"name": "Hollywood CDP, Missouri", "lat": 36.05148, "lng": -90.18604, "population": 24}, {"name": "Osgood village, Missouri", "lat": 40.19733, "lng": -93.35053, "population": 24}, {"name": "Silex village, Missouri", "lat": 39.12519, "lng": -91.05673, "population": 24}, {"name": "Thomasville CDP, Missouri", "lat": 36.79074, "lng": -91.53394, "population": 23}, {"name": "Metz town, Missouri", "lat": 37.99678, "lng": -94.44253, "population": 22}, {"name": "Tarrants village, Missouri", "lat": 39.35761, "lng": -91.1837, "population": 22}, {"name": "Granger village, Missouri", "lat": 40.46696, "lng": -91.97351, "population": 22}, {"name": "North Lilbourn village, Missouri", "lat": 36.60181, "lng": -89.62199, "population": 22}, {"name": "South Gifford village, Missouri", "lat": 40.02748, "lng": -92.68495, "population": 22}, {"name": "Fortescue town, Missouri", "lat": 40.05186, "lng": -95.31759, "population": 21}, {"name": "Gerster town, Missouri", "lat": 37.95512, "lng": -93.57678, "population": 21}, {"name": "Evergreen village, Missouri", "lat": 37.55004, "lng": -92.59577, "population": 20}, {"name": "McBaine town, Missouri", "lat": 38.88285, "lng": -92.45649, "population": 17}, {"name": "Charmwood town, Missouri", "lat": 38.28103, "lng": -91.09677, "population": 17}, {"name": "Hartwell CDP, Missouri", "lat": 38.43148, "lng": -93.93392, "population": 15}, {"name": "Annada village, Missouri", "lat": 39.26229, "lng": -90.82873, "population": 14}, {"name": "Irena village, Missouri", "lat": 40.54026, "lng": -94.38988, "population": 14}, {"name": "South Lineville town, Missouri", "lat": 40.57856, "lng": -93.52407, "population": 13}, {"name": "Stotesbury town, Missouri", "lat": 37.97509, "lng": -94.56504, "population": 12}, {"name": "Champ village, Missouri", "lat": 38.745, "lng": -90.45355, "population": 10}, {"name": "Three Creeks village, Missouri", "lat": 38.57301, "lng": -90.99274, "population": 8}, {"name": "Dalton town, Missouri", "lat": 39.39761, "lng": -92.99206, "population": 7}, {"name": "Plevna CDP, Missouri", "lat": 39.98089, "lng": -92.0836, "population": 7}, {"name": "Pinhook village, Missouri", "lat": 36.73804, "lng": -89.26948, "population": 6}, {"name": "Florida village, Missouri", "lat": 39.49302, "lng": -91.79062, "population": 5}, {"name": "Bigelow village, Missouri", "lat": 40.10978, "lng": -95.2894, "population": 5}, {"name": "Friedenswald village, Missouri", "lat": 38.07278, "lng": -92.75995, "population": 4}, {"name": "Baker village, Missouri", "lat": 36.77354, "lng": -89.76139, "population": 3}, {"name": "Corning town, Missouri", "lat": 40.2486, "lng": -95.4545, "population": 3}, {"name": "River Bend village, Missouri", "lat": 39.1791, "lng": -94.38809, "population": 3}]