[{"name": "Las Vegas city, Nevada", "lat": 36.2335, "lng": -115.26404, "population": 641903}, {"name": "Henderson city, Nevada", "lat": 36.01015, "lng": -115.03575, "population": 317610}, {"name": "Reno city, Nevada", "lat": 39.5491, "lng": -119.84991, "population": 264165}, {"name": "North Las Vegas city, Nevada", "lat": 36.28196, "lng": -115.08751, "population": 262527}, {"name": "Enterprise CDP, Nevada", "lat": 36.00914, "lng": -115.22782, "population": 221831}, {"name": "Spring Valley CDP, Nevada", "lat": 36.09518, "lng": -115.26361, "population": 215597}, {"name": "Sunrise Manor CDP, Nevada", "lat": 36.17834, "lng": -115.04872, "population": 205618}, {"name": "Paradise CDP, Nevada", "lat": 36.08715, "lng": -115.13552, "population": 191238}, {"name": "Sparks city, Nevada", "lat": 39.57434, "lng": -119.71515, "population": 108445}, {"name": "Carson City, Nevada", "lat": 39.15306, "lng": -119.74737, "population": 58639}, {"name": "Whitney CDP, Nevada", "lat": 36.10082, "lng": -115.0379, "population": 49061}, {"name": "Pahrump CDP, Nevada", "lat": 36.22404, "lng": -115.99674, "population": 44738}, {"name": "Winchester CDP, Nevada", "lat": 36.13648, "lng": -115.13709, "population": 36403}, {"name": "Summerlin South CDP, Nevada", "lat": 36.12425, "lng": -115.33245, "population": 30744}, {"name": "Fernley city, Nevada", "lat": 39.56477, "lng": -119.18943, "population": 22895}, {"name": "Sun Valley CDP, Nevada", "lat": 39.61035, "lng": -119.77703, "population": 21178}, {"name": "Elko city, Nevada", "lat": 40.83811, "lng": -115.76781, "population": 20564}, {"name": "Mesquite city, Nevada", "lat": 36.81112, "lng": -114.12565, "population": 20471}, {"name": "Spanish Springs CDP, Nevada", "lat": 39.65501, "lng": -119.66882, "population": 17314}, {"name": "Dayton CDP, Nevada", "lat": 39.27163, "lng": -119.54495, "population": 15153}, {"name": "Spring Creek CDP, Nevada", "lat": 40.74406, "lng": -115.59803, "population": 14967}, {"name": "Boulder City city, Nevada", "lat": 35.84376, "lng": -114.91155, "population": 14885}, {"name": "Gardnerville Ranchos CDP, Nevada", "lat": 38.89572, "lng": -119.74915, "population": 11318}, {"name": "Cold Springs CDP, Nevada", "lat": 39.69264, "lng": -119.97729, "population": 10153}, {"name": "Incline Village CDP, Nevada", "lat": 39.26575, "lng": -119.94625, "population": 9462}, {"name": "Fallon city, Nevada", "lat": 39.47376, "lng": -118.77785, "population": 9327}, {"name": "Laughlin CDP, Nevada", "lat": 35.14039, "lng": -114.61656, "population": 8658}, {"name": "Winnemucca city, Nevada", "lat": 40.96456, "lng": -117.72464, "population": 8431}, {"name": "Johnson Lane CDP, Nevada", "lat": 39.06424, "lng": -119.72025, "population": 6409}, {"name": "Moapa Valley CDP, Nevada", "lat": 36.604, "lng": -114.44929, "population": 6289}, {"name": "Gardnerville CDP, Nevada", "lat": 38.939, "lng": -119.73688, "population": 6211}, {"name": "Indian Hills CDP, Nevada", "lat": 39.09155, "lng": -119.79751, "population": 5962}, {"name": "Silver Springs CDP, Nevada", "lat": 39.38345, "lng": -119.21464, "population": 5629}, {"name": "Lemmon Valley CDP, Nevada", "lat": 39.68744, "lng": -119.8332, "population": 4987}, {"name": "West Wendover city, Nevada", "lat": 40.74025, "lng": -114.07863, "population": 4512}, {"name": "Nellis AFB CDP, Nevada", "lat": 36.24659, "lng": -115.0571, "population": 4379}, {"name": "Ely city, Nevada", "lat": 39.26493, "lng": -114.87087, "population": 3924}, {"name": "Battle Mountain CDP, Nevada", "lat": 40.62837, "lng": -116.94855, "population": 3705}, {"name": "Minden CDP, Nevada", "lat": 38.96458, "lng": -119.76662, "population": 3442}, {"name": "Yerington city, Nevada", "lat": 38.95543, "lng": -119.11003, "population": 3121}, {"name": "Hawthorne CDP, Nevada", "lat": 38.52527, "lng": -118.62603, "population": 3118}, {"name": "Washoe Valley CDP, Nevada", "lat": 39.29227, "lng": -119.77675, "population": 3074}, {"name": "Kingsbury CDP, Nevada", "lat": 38.99093, "lng": -119.88367, "population": 2313}, {"name": "Tonopah CDP, Nevada", "lat": 38.08216, "lng": -117.22459, "population": 2179}, {"name": "Carlin city, Nevada", "lat": 40.71901, "lng": -116.10805, "population": 2050}, {"name": "Stagecoach CDP, Nevada", "lat": 39.36559, "lng": -119.38318, "population": 2022}, {"name": "Lovelock city, Nevada", "lat": 40.17874, "lng": -118.47744, "population": 1805}, {"name": "Smith Valley CDP, Nevada", "lat": 38.7869, "lng": -119.36866, "population": 1710}, {"name": "Sandy Valley CDP, Nevada", "lat": 35.84213, "lng": -115.63054, "population": 1663}, {"name": "Topaz Ranch Estates CDP, Nevada", "lat": 38.73565, "lng": -119.50079, "population": 1630}, {"name": "Golden Valley CDP, Nevada", "lat": 39.61775, "lng": -119.82312, "population": 1580}, {"name": "East Valley CDP, Nevada", "lat": 38.94205, "lng": -119.69324, "population": 1558}, {"name": "Verdi CDP, Nevada", "lat": 39.52144, "lng": -119.9839, "population": 1396}, {"name": "Genoa CDP, Nevada", "lat": 39.02562, "lng": -119.83093, "population": 1343}, {"name": "Mogul CDP, Nevada", "lat": 39.51617, "lng": -119.92304, "population": 1258}, {"name": "Ruhenstroth CDP, Nevada", "lat": 38.8913, "lng": -119.68329, "population": 1239}, {"name": "Wells city, Nevada", "lat": 41.11315, "lng": -114.95354, "population": 1237}, {"name": "Bunkerville CDP, Nevada", "lat": 36.75679, "lng": -114.13198, "population": 1069}, {"name": "Amargosa Valley CDP, Nevada", "lat": 36.54336, "lng": -116.4839, "population": 1064}, {"name": "Owyhee CDP, Nevada", "lat": 41.92796, "lng": -116.21217, "population": 1027}, {"name": "McGill CDP, Nevada", "lat": 39.40198, "lng": -114.77751, "population": 1010}, {"name": "Moapa Town CDP, Nevada", "lat": 36.69253, "lng": -114.63565, "population": 1006}, {"name": "Grass Valley CDP, Nevada", "lat": 40.79708, "lng": -117.76026, "population": 991}, {"name": "Wadsworth CDP, Nevada", "lat": 39.63217, "lng": -119.28903, "population": 991}, {"name": "Caliente city, Nevada", "lat": 37.64576, "lng": -114.49293, "population": 990}, {"name": "Pioche CDP, Nevada", "lat": 37.95197, "lng": -114.44345, "population": 933}, {"name": "Indian Springs CDP, Nevada", "lat": 36.57184, "lng": -115.72031, "population": 912}, {"name": "Round Hill Village CDP, Nevada", "lat": 38.99818, "lng": -119.91496, "population": 898}, {"name": "Beatty CDP, Nevada", "lat": 36.99616, "lng": -116.72347, "population": 880}, {"name": "Panaca CDP, Nevada", "lat": 37.78812, "lng": -114.40054, "population": 870}, {"name": "Jackpot CDP, Nevada", "lat": 41.97946, "lng": -114.6646, "population": 855}, {"name": "Virginia City CDP, Nevada", "lat": 39.30747, "lng": -119.64827, "population": 787}, {"name": "Alamo CDP, Nevada", "lat": 37.37702, "lng": -115.16782, "population": 785}, {"name": "Fish Springs CDP, Nevada", "lat": 38.95358, "lng": -119.65109, "population": 684}, {"name": "Zephyr Cove CDP, Nevada", "lat": 39.01333, "lng": -119.9236, "population": 679}, {"name": "Osino CDP, Nevada", "lat": 40.94088, "lng": -115.66077, "population": 668}, {"name": "Schurz CDP, Nevada", "lat": 38.97941, "lng": -118.83341, "population": 656}, {"name": "Stateline CDP, Nevada", "lat": 38.96593, "lng": -119.94245, "population": 595}, {"name": "Carter Springs CDP, Nevada", "lat": 38.86194, "lng": -119.64112, "population": 585}, {"name": "Crescent Valley CDP, Nevada", "lat": 40.41978, "lng": -116.57532, "population": 512}, {"name": "Nixon CDP, Nevada", "lat": 39.82802, "lng": -119.35895, "population": 464}, {"name": "Searchlight CDP, Nevada", "lat": 35.45543, "lng": -114.92043, "population": 445}, {"name": "Eureka CDP, Nevada", "lat": 39.5112, "lng": -115.96582, "population": 414}, {"name": "Lakeridge CDP, Nevada", "lat": 39.03818, "lng": -119.94279, "population": 409}, {"name": "Ruth CDP, Nevada", "lat": 39.27929, "lng": -114.99004, "population": 371}, {"name": "Crystal Bay CDP, Nevada", "lat": 39.23042, "lng": -120.00217, "population": 337}, {"name": "Skyland CDP, Nevada", "lat": 39.02725, "lng": -119.9192, "population": 328}, {"name": "Glenbrook CDP, Nevada", "lat": 39.10012, "lng": -119.92729, "population": 315}, {"name": "Mount Charleston CDP, Nevada", "lat": 36.26252, "lng": -115.61386, "population": 314}, {"name": "Sutcliffe CDP, Nevada", "lat": 39.94606, "lng": -119.63051, "population": 282}, {"name": "Fallon Station CDP, Nevada", "lat": 39.41496, "lng": -118.71651, "population": 281}, {"name": "Blue Diamond CDP, Nevada", "lat": 36.03995, "lng": -115.4128, "population": 268}, {"name": "Fort McDermitt CDP, Nevada", "lat": 41.96551, "lng": -117.63945, "population": 267}, {"name": "Humboldt River Ranch CDP, Nevada", "lat": 40.4318, "lng": -118.27187, "population": 249}, {"name": "Walker Lake CDP, Nevada", "lat": 38.64576, "lng": -118.75629, "population": 247}, {"name": "Dyer CDP, Nevada", "lat": 37.65613, "lng": -118.02799, "population": 232}, {"name": "Goldfield CDP, Nevada", "lat": 37.71217, "lng": -117.23785, "population": 225}, {"name": "Lund CDP, Nevada", "lat": 38.86418, "lng": -115.00993, "population": 211}, {"name": "Imlay CDP, Nevada", "lat": 40.65804, "lng": -118.14402, "population": 210}, {"name": "Topaz Lake CDP, Nevada", "lat": 38.69869, "lng": -119.5416, "population": 202}, {"name": "Kingston CDP, Nevada", "lat": 39.21013, "lng": -117.06794, "population": 194}, {"name": "Gabbs CDP, Nevada", "lat": 38.86278, "lng": -117.93214, "population": 186}, {"name": "Golconda CDP, Nevada", "lat": 40.95213, "lng": -117.49967, "population": 182}, {"name": "Double Spring CDP, Nevada", "lat": 38.77877, "lng": -119.6154, "population": 180}, {"name": "Austin CDP, Nevada", "lat": 39.49753, "lng": -117.07401, "population": 167}, {"name": "Goodsprings CDP, Nevada", "lat": 35.83188, "lng": -115.43534, "population": 162}, {"name": "Bennett Springs CDP, Nevada", "lat": 37.71411, "lng": -114.46671, "population": 158}, {"name": "Silver City CDP, Nevada", "lat": 39.26389, "lng": -119.6357, "population": 155}, {"name": "Cal-Nev-Ari CDP, Nevada", "lat": 35.29958, "lng": -114.87773, "population": 144}, {"name": "Gerlach CDP, Nevada", "lat": 40.64517, "lng": -119.36135, "population": 130}, {"name": "Lamoille CDP, Nevada", "lat": 40.72385, "lng": -115.47895, "population": 130}, {"name": "Mina CDP, Nevada", "lat": 38.39018, "lng": -118.11125, "population": 127}, {"name": "Hiko CDP, Nevada", "lat": 37.64523, "lng": -115.18905, "population": 124}, {"name": "McDermitt CDP, Nevada", "lat": 41.99033, "lng": -117.7208, "population": 124}, {"name": "Silver Peak CDP, Nevada", "lat": 37.75773, "lng": -117.63865, "population": 121}, {"name": "Orovada CDP, Nevada", "lat": 41.54922, "lng": -117.8236, "population": 117}, {"name": "Preston CDP, Nevada", "lat": 38.91495, "lng": -115.06367, "population": 76}, {"name": "Paradise Valley CDP, Nevada", "lat": 41.48438, "lng": -117.54698, "population": 71}, {"name": "Montello CDP, Nevada", "lat": 41.26701, "lng": -114.19706, "population": 66}, {"name": "Ursine CDP, Nevada", "lat": 37.97729, "lng": -114.22887, "population": 62}, {"name": "Dry Valley CDP, Nevada", "lat": 37.88435, "lng": -114.30505, "population": 49}, {"name": "Rachel CDP, Nevada", "lat": 37.64144, "lng": -115.76813, "population": 48}, {"name": "Empire CDP, Nevada", "lat": 40.57592, "lng": -119.34307, "population": 47}, {"name": "Baker CDP, Nevada", "lat": 39.01867, "lng": -114.121, "population": 41}, {"name": "Beaverdam CDP, Nevada", "lat": 37.6898, "lng": -114.44904, "population": 40}, {"name": "Logan Creek CDP, Nevada", "lat": 39.06507, "lng": -119.92449, "population": 40}, {"name": "Denio CDP, Nevada", "lat": 41.98886, "lng": -118.63748, "population": 34}, {"name": "Unionville CDP, Nevada", "lat": 40.44675, "lng": -118.12309, "population": 27}, {"name": "Mount Wilson CDP, Nevada", "lat": 38.23499, "lng": -114.45033, "population": 26}, {"name": "Valmy CDP, Nevada", "lat": 40.7908, "lng": -117.12688, "population": 26}, {"name": "Nelson CDP, Nevada", "lat": 35.71793, "lng": -114.83135, "population": 22}, {"name": "Mountain City CDP, Nevada", "lat": 41.83725, "lng": -115.96325, "population": 14}, {"name": "Oasis CDP, Nevada", "lat": 41.02861, "lng": -114.47632, "population": 4}]