[{"name": "Newark city, New Jersey", "lat": 40.72422, "lng": -74.17257, "population": 311549}, {"name": "Jersey City city, New Jersey", "lat": 40.71142, "lng": -74.06476, "population": 292449}, {"name": "Paterson city, New Jersey", "lat": 40.91477, "lng": -74.16283, "population": 159732}, {"name": "Elizabeth city, New Jersey", "lat": 40.66637, "lng": -74.1935, "population": 137298}, {"name": "Toms River CDP, New Jersey", "lat": 39.99486, "lng": -74.18775, "population": 92830}, {"name": "Trenton city, New Jersey", "lat": 40.22384, "lng": -74.76362, "population": 90871}, {"name": "Clifton city, New Jersey", "lat": 40.86214, "lng": -74.16039, "population": 90296}, {"name": "Camden city, New Jersey", "lat": 39.93679, "lng": -75.10664, "population": 71791}, {"name": "Bayonne city, New Jersey", "lat": 40.66249, "lng": -74.1102, "population": 71686}, {"name": "Passaic city, New Jersey", "lat": 40.85755, "lng": -74.12909, "population": 70537}, {"name": "East Orange city, New Jersey", "lat": 40.76505, "lng": -74.21165, "population": 69612}, {"name": "Lakewood CDP, New Jersey", "lat": 40.09398, "lng": -74.21148, "population": 69398}, {"name": "Union City city, New Jersey", "lat": 40.76743, "lng": -74.03228, "population": 68589}, {"name": "Vineland city, New Jersey", "lat": 39.46501, "lng": -74.99711, "population": 60780}, {"name": "Hoboken city, New Jersey", "lat": 40.74525, "lng": -74.02793, "population": 60419}, {"name": "Perth Amboy city, New Jersey", "lat": 40.52016, "lng": -74.27133, "population": 55436}, {"name": "New Brunswick city, New Jersey", "lat": 40.48668, "lng": -74.44441, "population": 55266}, {"name": "Plainfield city, New Jersey", "lat": 40.61544, "lng": -74.41577, "population": 54586}, {"name": "West New York town, New Jersey", "lat": 40.78603, "lng": -74.00951, "population": 52912}, {"name": "Hackensack city, New Jersey", "lat": 40.8894, "lng": -74.0457, "population": 46030}, {"name": "Sayreville borough, New Jersey", "lat": 40.46695, "lng": -74.32019, "population": 45345}, {"name": "Sicklerville CDP, New Jersey", "lat": 39.74251, "lng": -74.99023, "population": 45084}, {"name": "Linden city, New Jersey", "lat": 40.62734, "lng": -74.23631, "population": 43738}, {"name": "Kearny town, New Jersey", "lat": 40.75233, "lng": -74.12309, "population": 41999}, {"name": "Fort Lee borough, New Jersey", "lat": 40.85064, "lng": -73.97101, "population": 40191}, {"name": "Atlantic City city, New Jersey", "lat": 39.3773, "lng": -74.45108, "population": 38497}, {"name": "Fair Lawn borough, New Jersey", "lat": 40.93583, "lng": -74.1175, "population": 34927}, {"name": "Garfield city, New Jersey", "lat": 40.8798, "lng": -74.10825, "population": 32655}, {"name": "Long Branch city, New Jersey", "lat": 40.29537, "lng": -73.9899, "population": 31667}, {"name": "Westfield town, New Jersey", "lat": 40.65164, "lng": -74.34345, "population": 31032}, {"name": "Princeton, New Jersey", "lat": 40.35824, "lng": -74.66673, "population": 30681}, {"name": "Rahway city, New Jersey", "lat": 40.60715, "lng": -74.28053, "population": 29556}, {"name": "Englewood city, New Jersey", "lat": 40.8912, "lng": -73.97252, "population": 29308}, {"name": "Bergenfield borough, New Jersey", "lat": 40.92233, "lng": -73.998, "population": 28321}, {"name": "Millville city, New Jersey", "lat": 39.39009, "lng": -75.0548, "population": 27491}, {"name": "Bridgeton city, New Jersey", "lat": 39.42919, "lng": -75.22859, "population": 27263}, {"name": "Old Bridge CDP, New Jersey", "lat": 40.39537, "lng": -74.33119, "population": 27210}, {"name": "Paramus borough, New Jersey", "lat": 40.9473, "lng": -74.07017, "population": 26698}, {"name": "Lodi borough, New Jersey", "lat": 40.87792, "lng": -74.0825, "population": 26206}, {"name": "Ridgewood village, New Jersey", "lat": 40.98159, "lng": -74.11351, "population": 25979}, {"name": "Cliffside Park borough, New Jersey", "lat": 40.82205, "lng": -73.98793, "population": 25693}, {"name": "Carteret borough, New Jersey", "lat": 40.58379, "lng": -74.22746, "population": 25326}, {"name": "South Plainfield borough, New Jersey", "lat": 40.57441, "lng": -74.4148, "population": 24338}, {"name": "Glassboro borough, New Jersey", "lat": 39.7001, "lng": -75.11142, "population": 23149}, {"name": "Somerset CDP, New Jersey", "lat": 40.50851, "lng": -74.50021, "population": 22968}, {"name": "North Plainfield borough, New Jersey", "lat": 40.62125, "lng": -74.43947, "population": 22808}, {"name": "Parsippany CDP, New Jersey", "lat": 40.86406, "lng": -74.41237, "population": 22778}, {"name": "Summit city, New Jersey", "lat": 40.71562, "lng": -74.36468, "population": 22719}, {"name": "Roselle borough, New Jersey", "lat": 40.65221, "lng": -74.26016, "population": 22695}, {"name": "Hillsborough CDP, New Jersey", "lat": 40.50807, "lng": -74.65288, "population": 22214}, {"name": "Secaucus town, New Jersey", "lat": 40.78196, "lng": -74.06765, "population": 22181}, {"name": "Lindenwold borough, New Jersey", "lat": 39.81883, "lng": -74.98997, "population": 21641}, {"name": "Elmwood Park borough, New Jersey", "lat": 40.90453, "lng": -74.11951, "population": 21422}, {"name": "Pleasantville city, New Jersey", "lat": 39.3888, "lng": -74.51429, "population": 20629}, {"name": "Palisades Park borough, New Jersey", "lat": 40.84702, "lng": -73.99706, "population": 20292}, {"name": "Morristown town, New Jersey", "lat": 40.79656, "lng": -74.47732, "population": 20180}, {"name": "Iselin CDP, New Jersey", "lat": 40.57014, "lng": -74.31637, "population": 20088}, {"name": "Woodbridge CDP, New Jersey", "lat": 40.55286, "lng": -74.28694, "population": 19839}, {"name": "Hawthorne borough, New Jersey", "lat": 40.95696, "lng": -74.15856, "population": 19637}, {"name": "Harrison town, New Jersey", "lat": 40.74298, "lng": -74.15291, "population": 19450}, {"name": "Tinton Falls borough, New Jersey", "lat": 40.26626, "lng": -74.09613, "population": 19181}, {"name": "Point Pleasant borough, New Jersey", "lat": 40.07775, "lng": -74.06992, "population": 18941}, {"name": "Rutherford borough, New Jersey", "lat": 40.82031, "lng": -74.10604, "population": 18834}, {"name": "Colonia CDP, New Jersey", "lat": 40.58933, "lng": -74.31141, "population": 18609}, {"name": "Preakness CDP, New Jersey", "lat": 40.93821, "lng": -74.22489, "population": 18487}, {"name": "Dover town, New Jersey", "lat": 40.8856, "lng": -74.55916, "population": 18460}, {"name": "Ocean Acres CDP, New Jersey", "lat": 39.74201, "lng": -74.28106, "population": 18185}, {"name": "Dumont borough, New Jersey", "lat": 40.94524, "lng": -73.99243, "population": 17863}, {"name": "Madison borough, New Jersey", "lat": 40.75804, "lng": -74.41781, "population": 16937}, {"name": "New Milford borough, New Jersey", "lat": 40.93416, "lng": -74.01945, "population": 16923}, {"name": "Avenel CDP, New Jersey", "lat": 40.58433, "lng": -74.27163, "population": 16920}, {"name": "North Arlington borough, New Jersey", "lat": 40.78626, "lng": -74.12622, "population": 16457}, {"name": "South River borough, New Jersey", "lat": 40.44565, "lng": -74.37846, "population": 16118}, {"name": "Tenafly borough, New Jersey", "lat": 40.91831, "lng": -73.95052, "population": 15409}, {"name": "Phillipsburg town, New Jersey", "lat": 40.69197, "lng": -75.17901, "population": 15249}, {"name": "Asbury Park city, New Jersey", "lat": 40.22288, "lng": -74.01023, "population": 15188}, {"name": "Williamstown CDP, New Jersey", "lat": 39.6842, "lng": -74.96867, "population": 15082}, {"name": "Highland Park borough, New Jersey", "lat": 40.50079, "lng": -74.42791, "population": 15072}, {"name": "Metuchen borough, New Jersey", "lat": 40.54245, "lng": -74.36277, "population": 15049}, {"name": "Fairview borough, New Jersey", "lat": 40.82111, "lng": -74.00303, "population": 15025}, {"name": "Springdale CDP, New Jersey", "lat": 39.87619, "lng": -74.97214, "population": 14811}, {"name": "Cherry Hill Mall CDP, New Jersey", "lat": 39.93821, "lng": -75.01236, "population": 14805}, {"name": "Ramsey borough, New Jersey", "lat": 41.06132, "lng": -74.147, "population": 14798}, {"name": "Princeton Meadows CDP, New Jersey", "lat": 40.33562, "lng": -74.56475, "population": 14776}, {"name": "Hammonton town, New Jersey", "lat": 39.66078, "lng": -74.76702, "population": 14711}, {"name": "Middlesex borough, New Jersey", "lat": 40.57463, "lng": -74.49826, "population": 14636}, {"name": "Short Hills CDP, New Jersey", "lat": 40.73916, "lng": -74.32744, "population": 14422}, {"name": "Hopatcong borough, New Jersey", "lat": 40.95165, "lng": -74.66238, "population": 14362}, {"name": "Edgewater borough, New Jersey", "lat": 40.82465, "lng": -73.97379, "population": 14336}, {"name": "Moorestown-Lenola CDP, New Jersey", "lat": 39.96612, "lng": -74.96156, "population": 14240}, {"name": "Collingswood borough, New Jersey", "lat": 39.91528, "lng": -75.07839, "population": 14186}, {"name": "Bradley Gardens CDP, New Jersey", "lat": 40.5721, "lng": -74.66344, "population": 14077}, {"name": "Roselle Park borough, New Jersey", "lat": 40.66531, "lng": -74.26656, "population": 13967}, {"name": "Westmont CDP, New Jersey", "lat": 39.90783, "lng": -75.05409, "population": 13726}, {"name": "New Providence borough, New Jersey", "lat": 40.69889, "lng": -74.40662, "population": 13650}, {"name": "Eatontown borough, New Jersey", "lat": 40.29162, "lng": -74.05412, "population": 13597}, {"name": "West Freehold CDP, New Jersey", "lat": 40.2309, "lng": -74.29407, "population": 13596}, {"name": "Woodland Park borough, New Jersey", "lat": 40.88985, "lng": -74.19436, "population": 13484}, {"name": "Mercerville CDP, New Jersey", "lat": 40.23583, "lng": -74.69225, "population": 13447}, {"name": "Franklin Park CDP, New Jersey", "lat": 40.44463, "lng": -74.54204, "population": 13430}, {"name": "Ridgefield Park village, New Jersey", "lat": 40.85471, "lng": -74.01993, "population": 13224}, {"name": "Upper Montclair CDP, New Jersey", "lat": 40.84258, "lng": -74.2013, "population": 13146}, {"name": "Holiday City-Berkeley CDP, New Jersey", "lat": 39.96281, "lng": -74.27965, "population": 12943}, {"name": "Fords CDP, New Jersey", "lat": 40.53604, "lng": -74.31355, "population": 12941}, {"name": "Red Bank borough, New Jersey", "lat": 40.34872, "lng": -74.06653, "population": 12936}, {"name": "Oakland borough, New Jersey", "lat": 41.03102, "lng": -74.2405, "population": 12748}, {"name": "Hamilton Square CDP, New Jersey", "lat": 40.22503, "lng": -74.65048, "population": 12679}, {"name": "Florham Park borough, New Jersey", "lat": 40.77599, "lng": -74.39432, "population": 12585}, {"name": "Haddonfield borough, New Jersey", "lat": 39.89542, "lng": -75.03441, "population": 12550}, {"name": "Freehold borough, New Jersey", "lat": 40.26022, "lng": -74.27588, "population": 12538}, {"name": "Somerville borough, New Jersey", "lat": 40.56975, "lng": -74.60768, "population": 12346}, {"name": "Martinsville CDP, New Jersey", "lat": 40.60295, "lng": -74.57579, "population": 12147}, {"name": "Glen Rock borough, New Jersey", "lat": 40.95947, "lng": -74.1252, "population": 12133}, {"name": "Hasbrouck Heights borough, New Jersey", "lat": 40.86275, "lng": -74.07518, "population": 12125}, {"name": "River Edge borough, New Jersey", "lat": 40.92677, "lng": -74.03747, "population": 12049}, {"name": "Pennsville CDP, New Jersey", "lat": 39.64826, "lng": -75.50033, "population": 12043}, {"name": "Guttenberg town, New Jersey", "lat": 40.79278, "lng": -74.00457, "population": 12017}, {"name": "Greentree CDP, New Jersey", "lat": 39.89867, "lng": -74.96168, "population": 12012}, {"name": "Bound Brook borough, New Jersey", "lat": 40.56775, "lng": -74.53725, "population": 11988}, {"name": "Echelon CDP, New Jersey", "lat": 39.84723, "lng": -74.99368, "population": 11896}, {"name": "Wallington borough, New Jersey", "lat": 40.85308, "lng": -74.10632, "population": 11868}, {"name": "Ringwood borough, New Jersey", "lat": 41.10396, "lng": -74.27114, "population": 11735}, {"name": "Bellmawr borough, New Jersey", "lat": 39.86636, "lng": -75.09467, "population": 11707}, {"name": "Ridgefield borough, New Jersey", "lat": 40.83268, "lng": -74.01409, "population": 11501}, {"name": "Gloucester City city, New Jersey", "lat": 39.89169, "lng": -75.11669, "population": 11484}, {"name": "The Hills CDP, New Jersey", "lat": 40.65379, "lng": -74.62098, "population": 11410}, {"name": "Robertsville CDP, New Jersey", "lat": 40.33951, "lng": -74.29437, "population": 11399}, {"name": "Wanaque borough, New Jersey", "lat": 41.04242, "lng": -74.28864, "population": 11317}, {"name": "Westwood borough, New Jersey", "lat": 40.98903, "lng": -74.03187, "population": 11282}, {"name": "Ocean City city, New Jersey", "lat": 39.26952, "lng": -74.5998, "population": 11229}, {"name": "Pompton Plains CDP, New Jersey", "lat": 40.96741, "lng": -74.30697, "population": 11144}, {"name": "Pompton Lakes borough, New Jersey", "lat": 41.00273, "lng": -74.28674, "population": 11127}, {"name": "Franklin Lakes borough, New Jersey", "lat": 41.00753, "lng": -74.20565, "population": 11079}, {"name": "Totowa borough, New Jersey", "lat": 40.90342, "lng": -74.21978, "population": 11065}, {"name": "Oak Ridge CDP, New Jersey", "lat": 41.03105, "lng": -74.49824, "population": 10996}, {"name": "Little Ferry borough, New Jersey", "lat": 40.84343, "lng": -74.03424, "population": 10987}, {"name": "Manville borough, New Jersey", "lat": 40.54127, "lng": -74.58927, "population": 10953}, {"name": "Lincoln Park borough, New Jersey", "lat": 40.92375, "lng": -74.30424, "population": 10915}, {"name": "Beachwood borough, New Jersey", "lat": 39.9284, "lng": -74.20219, "population": 10859}, {"name": "Pine Hill borough, New Jersey", "lat": 39.78897, "lng": -74.98688, "population": 10743}, {"name": "Browns Mills CDP, New Jersey", "lat": 39.97315, "lng": -74.56921, "population": 10734}, {"name": "Marlton CDP, New Jersey", "lat": 39.90189, "lng": -74.92928, "population": 10594}, {"name": "Somers Point city, New Jersey", "lat": 39.31724, "lng": -74.60638, "population": 10469}, {"name": "Succasunna CDP, New Jersey", "lat": 40.85447, "lng": -74.65736, "population": 10338}, {"name": "Hackettstown town, New Jersey", "lat": 40.8537, "lng": -74.82488, "population": 10248}, {"name": "Lake Hopatcong CDP, New Jersey", "lat": 40.95956, "lng": -74.60951, "population": 10232}, {"name": "Lake Hiawatha CDP, New Jersey", "lat": 40.88147, "lng": -74.38261, "population": 10194}, {"name": "Hillsdale borough, New Jersey", "lat": 41.00713, "lng": -74.04512, "population": 10143}, {"name": "Wood-Ridge borough, New Jersey", "lat": 40.85018, "lng": -74.08707, "population": 10137}, {"name": "Maywood borough, New Jersey", "lat": 40.90288, "lng": -74.06346, "population": 10080}, {"name": "Waldwick borough, New Jersey", "lat": 41.01337, "lng": -74.12522, "population": 10058}, {"name": "East Rutherford borough, New Jersey", "lat": 40.8171, "lng": -74.08502, "population": 10022}, {"name": "Kendall Park CDP, New Jersey", "lat": 40.4134, "lng": -74.56245, "population": 9989}, {"name": "Kinnelon borough, New Jersey", "lat": 40.98204, "lng": -74.3859, "population": 9966}, {"name": "Woodbury city, New Jersey", "lat": 39.83791, "lng": -75.15153, "population": 9963}, {"name": "Brookdale CDP, New Jersey", "lat": 40.8343, "lng": -74.17979, "population": 9854}, {"name": "Flanders CDP, New Jersey", "lat": 40.84389, "lng": -74.70976, "population": 9832}, {"name": "White Horse CDP, New Jersey", "lat": 40.19182, "lng": -74.70137, "population": 9791}, {"name": "East Franklin CDP, New Jersey", "lat": 40.49331, "lng": -74.47107, "population": 9788}, {"name": "Budd Lake CDP, New Jersey", "lat": 40.87349, "lng": -74.73683, "population": 9784}, {"name": "Lake Mohawk CDP, New Jersey", "lat": 41.01298, "lng": -74.67148, "population": 9759}, {"name": "McKee City CDP, New Jersey", "lat": 39.44381, "lng": -74.65189, "population": 9758}, {"name": "Keansburg borough, New Jersey", "lat": 40.45187, "lng": -74.15563, "population": 9755}, {"name": "Smithville CDP, New Jersey", "lat": 39.49494, "lng": -74.47863, "population": 9754}, {"name": "Burlington city, New Jersey", "lat": 40.07882, "lng": -74.85248, "population": 9743}, {"name": "Matawan borough, New Jersey", "lat": 40.41104, "lng": -74.23653, "population": 9565}, {"name": "Blackwells Mills CDP, New Jersey", "lat": 40.48071, "lng": -74.59829, "population": 9473}, {"name": "South Amboy city, New Jersey", "lat": 40.48639, "lng": -74.27876, "population": 9411}, {"name": "Leonia borough, New Jersey", "lat": 40.86339, "lng": -73.98847, "population": 9304}, {"name": "Chatham borough, New Jersey", "lat": 40.74069, "lng": -74.38448, "population": 9212}, {"name": "Ventnor City city, New Jersey", "lat": 39.34205, "lng": -74.48263, "population": 9210}, {"name": "Cresskill borough, New Jersey", "lat": 40.94002, "lng": -73.95831, "population": 9155}, {"name": "Absecon city, New Jersey", "lat": 39.42356, "lng": -74.49303, "population": 9137}, {"name": "Villas CDP, New Jersey", "lat": 39.01627, "lng": -74.93597, "population": 9134}, {"name": "Atco CDP, New Jersey", "lat": 39.77, "lng": -74.86174, "population": 9058}, {"name": "Haledon borough, New Jersey", "lat": 40.93699, "lng": -74.18887, "population": 9052}, {"name": "Caldwell borough, New Jersey", "lat": 40.83924, "lng": -74.27703, "population": 9027}, {"name": "North Haledon borough, New Jersey", "lat": 40.96362, "lng": -74.18528, "population": 8927}, {"name": "Pine Lake Park CDP, New Jersey", "lat": 40.0016, "lng": -74.25898, "population": 8913}, {"name": "Monmouth Junction CDP, New Jersey", "lat": 40.37607, "lng": -74.55792, "population": 8895}, {"name": "Park Ridge borough, New Jersey", "lat": 41.03618, "lng": -74.04429, "population": 8883}, {"name": "Whippany CDP, New Jersey", "lat": 40.82328, "lng": -74.41869, "population": 8863}, {"name": "Boonton town, New Jersey", "lat": 40.90382, "lng": -74.40637, "population": 8815}, {"name": "Clayton borough, New Jersey", "lat": 39.66406, "lng": -75.0744, "population": 8807}, {"name": "Pitman borough, New Jersey", "lat": 39.73309, "lng": -75.12967, "population": 8780}, {"name": "Bogota borough, New Jersey", "lat": 40.87429, "lng": -74.02974, "population": 8778}, {"name": "White Meadow Lake CDP, New Jersey", "lat": 40.92377, "lng": -74.51048, "population": 8710}, {"name": "Audubon borough, New Jersey", "lat": 39.89013, "lng": -75.07238, "population": 8707}, {"name": "Closter borough, New Jersey", "lat": 40.97289, "lng": -73.96031, "population": 8594}, {"name": "West Long Branch borough, New Jersey", "lat": 40.2879, "lng": -74.02002, "population": 8587}, {"name": "Ashland CDP, New Jersey", "lat": 39.87623, "lng": -75.00826, "population": 8513}, {"name": "Montvale borough, New Jersey", "lat": 41.05459, "lng": -74.0473, "population": 8436}, {"name": "Northfield city, New Jersey", "lat": 39.37307, "lng": -74.55413, "population": 8434}, {"name": "Kenilworth borough, New Jersey", "lat": 40.67809, "lng": -74.28811, "population": 8427}, {"name": "Crestwood Village CDP, New Jersey", "lat": 39.9551, "lng": -74.35207, "population": 8426}, {"name": "Newton town, New Jersey", "lat": 41.05149, "lng": -74.7536, "population": 8374}, {"name": "Upper Saddle River borough, New Jersey", "lat": 41.06316, "lng": -74.09997, "population": 8353}, {"name": "Runnemede borough, New Jersey", "lat": 39.85341, "lng": -75.0755, "population": 8324}, {"name": "Mystic Island CDP, New Jersey", "lat": 39.56569, "lng": -74.38294, "population": 8301}, {"name": "Oradell borough, New Jersey", "lat": 40.95665, "lng": -74.03286, "population": 8244}, {"name": "Spotswood borough, New Jersey", "lat": 40.39361, "lng": -74.39274, "population": 8163}, {"name": "Dayton CDP, New Jersey", "lat": 40.37785, "lng": -74.50779, "population": 8138}, {"name": "Watsessing CDP, New Jersey", "lat": 40.78657, "lng": -74.20116, "population": 8078}, {"name": "Madison Park CDP, New Jersey", "lat": 40.44596, "lng": -74.29639, "population": 8050}, {"name": "Butler borough, New Jersey", "lat": 40.99777, "lng": -74.347, "population": 8047}, {"name": "Bernardsville borough, New Jersey", "lat": 40.73038, "lng": -74.5926, "population": 7893}, {"name": "Carneys Point CDP, New Jersey", "lat": 39.70533, "lng": -75.468, "population": 7841}, {"name": "Raritan borough, New Jersey", "lat": 40.57134, "lng": -74.64603, "population": 7835}, {"name": "Glen Ridge borough, New Jersey", "lat": 40.8048, "lng": -74.20457, "population": 7802}, {"name": "Twin Rivers CDP, New Jersey", "lat": 40.26354, "lng": -74.49192, "population": 7787}, {"name": "Bloomingdale borough, New Jersey", "lat": 41.03547, "lng": -74.33561, "population": 7777}, {"name": "Fanwood borough, New Jersey", "lat": 40.6417, "lng": -74.38569, "population": 7774}, {"name": "Brigantine city, New Jersey", "lat": 39.41386, "lng": -74.3779, "population": 7716}, {"name": "Dunellen borough, New Jersey", "lat": 40.59029, "lng": -74.46565, "population": 7637}, {"name": "Haddon Heights borough, New Jersey", "lat": 39.87913, "lng": -75.06592, "population": 7495}, {"name": "Berlin borough, New Jersey", "lat": 39.79206, "lng": -74.93699, "population": 7489}, {"name": "Palmyra borough, New Jersey", "lat": 40.00261, "lng": -75.03527, "population": 7438}, {"name": "Pomona CDP, New Jersey", "lat": 39.46878, "lng": -74.55019, "population": 7416}, {"name": "Rumson borough, New Jersey", "lat": 40.36207, "lng": -74.00451, "population": 7343}, {"name": "Washington borough, New Jersey", "lat": 40.75852, "lng": -74.98319, "population": 7299}, {"name": "Emerson borough, New Jersey", "lat": 40.97499, "lng": -74.02325, "population": 7290}, {"name": "Wharton borough, New Jersey", "lat": 40.89706, "lng": -74.57451, "population": 7241}, {"name": "Strathmore CDP, New Jersey", "lat": 40.40202, "lng": -74.22155, "population": 7225}, {"name": "Keyport borough, New Jersey", "lat": 40.43263, "lng": -74.20034, "population": 7204}, {"name": "Basking Ridge CDP, New Jersey", "lat": 40.70655, "lng": -74.55763, "population": 7196}, {"name": "Heathcote CDP, New Jersey", "lat": 40.391, "lng": -74.57766, "population": 7154}, {"name": "Barrington borough, New Jersey", "lat": 39.86894, "lng": -75.05136, "population": 7075}, {"name": "Lincroft CDP, New Jersey", "lat": 40.33536, "lng": -74.13272, "population": 7060}, {"name": "Milltown borough, New Jersey", "lat": 40.45022, "lng": -74.43479, "population": 7037}, {"name": "Mountainside borough, New Jersey", "lat": 40.68072, "lng": -74.36029, "population": 7020}, {"name": "Midland Park borough, New Jersey", "lat": 40.99581, "lng": -74.14126, "population": 7014}, {"name": "Stratford borough, New Jersey", "lat": 39.82899, "lng": -75.01554, "population": 6981}, {"name": "Linwood city, New Jersey", "lat": 39.34372, "lng": -74.57105, "population": 6971}, {"name": "Yardville CDP, New Jersey", "lat": 40.18664, "lng": -74.66308, "population": 6965}, {"name": "Allendale borough, New Jersey", "lat": 41.03267, "lng": -74.13383, "population": 6848}, {"name": "Franklin Center CDP, New Jersey", "lat": 40.53153, "lng": -74.54141, "population": 6803}, {"name": "North Caldwell borough, New Jersey", "lat": 40.8645, "lng": -74.26, "population": 6694}, {"name": "Ramblewood CDP, New Jersey", "lat": 39.93205, "lng": -74.95278, "population": 6655}, {"name": "Laurence Harbor CDP, New Jersey", "lat": 40.44685, "lng": -74.25998, "population": 6635}, {"name": "Yorketown CDP, New Jersey", "lat": 40.30591, "lng": -74.3389, "population": 6617}, {"name": "Rockaway borough, New Jersey", "lat": 40.89585, "lng": -74.51732, "population": 6598}, {"name": "Green Knoll CDP, New Jersey", "lat": 40.60473, "lng": -74.61451, "population": 6594}, {"name": "Fort Dix CDP, New Jersey", "lat": 40.00561, "lng": -74.61107, "population": 6508}, {"name": "Watchung borough, New Jersey", "lat": 40.64285, "lng": -74.43623, "population": 6449}, {"name": "Finderne CDP, New Jersey", "lat": 40.56128, "lng": -74.57424, "population": 6392}, {"name": "Carlstadt borough, New Jersey", "lat": 40.82643, "lng": -74.06234, "population": 6372}, {"name": "Prospect Park borough, New Jersey", "lat": 40.94156, "lng": -74.17409, "population": 6372}, {"name": "Ramtown CDP, New Jersey", "lat": 40.11471, "lng": -74.15016, "population": 6329}, {"name": "Kingston Estates CDP, New Jersey", "lat": 39.91808, "lng": -74.99018, "population": 6322}, {"name": "Roseland borough, New Jersey", "lat": 40.82174, "lng": -74.31015, "population": 6299}, {"name": "Fair Haven borough, New Jersey", "lat": 40.36194, "lng": -74.03878, "population": 6269}, {"name": "Packanack Lake CDP, New Jersey", "lat": 40.93854, "lng": -74.25584, "population": 6261}, {"name": "Morganville CDP, New Jersey", "lat": 40.37605, "lng": -74.23261, "population": 6203}, {"name": "Paulsboro borough, New Jersey", "lat": 39.83998, "lng": -75.23996, "population": 6196}, {"name": "Morris Plains borough, New Jersey", "lat": 40.83881, "lng": -74.4742, "population": 6153}, {"name": "Oceanport borough, New Jersey", "lat": 40.31601, "lng": -74.02048, "population": 6150}, {"name": "Little Silver borough, New Jersey", "lat": 40.33695, "lng": -74.03454, "population": 6131}, {"name": "Woodcliff Lake borough, New Jersey", "lat": 41.02598, "lng": -74.06106, "population": 6128}, {"name": "Bridgewater Center CDP, New Jersey", "lat": 40.60274, "lng": -74.6461, "population": 6082}, {"name": "Manasquan borough, New Jersey", "lat": 40.11242, "lng": -74.03816, "population": 5938}, {"name": "Mount Arlington borough, New Jersey", "lat": 40.92075, "lng": -74.64079, "population": 5909}, {"name": "Belmar borough, New Jersey", "lat": 40.17966, "lng": -74.02444, "population": 5907}, {"name": "Hightstown borough, New Jersey", "lat": 40.26846, "lng": -74.5258, "population": 5900}, {"name": "Old Tappan borough, New Jersey", "lat": 41.02331, "lng": -73.98422, "population": 5888}, {"name": "Jamesburg borough, New Jersey", "lat": 40.34904, "lng": -74.4402, "population": 5783}, {"name": "Union Beach borough, New Jersey", "lat": 40.44749, "lng": -74.17005, "population": 5723}, {"name": "Pine Brook CDP, New Jersey", "lat": 40.8699, "lng": -74.34424, "population": 5675}, {"name": "Norwood borough, New Jersey", "lat": 40.99205, "lng": -73.95055, "population": 5641}, {"name": "Towaco CDP, New Jersey", "lat": 40.92692, "lng": -74.34244, "population": 5624}, {"name": "Mays Landing CDP, New Jersey", "lat": 39.45226, "lng": -74.70747, "population": 5603}, {"name": "Cape May Court House CDP, New Jersey", "lat": 39.07918, "lng": -74.82255, "population": 5573}, {"name": "Belle Mead CDP, New Jersey", "lat": 40.46858, "lng": -74.65702, "population": 5569}, {"name": "Somerdale borough, New Jersey", "lat": 39.84542, "lng": -75.0217, "population": 5566}, {"name": "Bargaintown CDP, New Jersey", "lat": 39.36812, "lng": -74.59082, "population": 5360}, {"name": "Lyons CDP, New Jersey", "lat": 40.68077, "lng": -74.54844, "population": 5345}, {"name": "Englewood Cliffs borough, New Jersey", "lat": 40.88463, "lng": -73.94465, "population": 5342}, {"name": "Clementon borough, New Jersey", "lat": 39.80268, "lng": -74.98376, "population": 5338}, {"name": "Margate City city, New Jersey", "lat": 39.33091, "lng": -74.50685, "population": 5317}, {"name": "Salem city, New Jersey", "lat": 39.56824, "lng": -75.47255, "population": 5296}, {"name": "Forked River CDP, New Jersey", "lat": 39.82581, "lng": -74.18076, "population": 5274}, {"name": "Vauxhall CDP, New Jersey", "lat": 40.71738, "lng": -74.28378, "population": 5251}, {"name": "Neshanic Station CDP, New Jersey", "lat": 40.52827, "lng": -74.73544, "population": 5224}, {"name": "Wildwood city, New Jersey", "lat": 38.98755, "lng": -74.81819, "population": 5157}, {"name": "Ampere North CDP, New Jersey", "lat": 40.77574, "lng": -74.19183, "population": 5132}, {"name": "Troy Hills CDP, New Jersey", "lat": 40.85059, "lng": -74.39663, "population": 5081}, {"name": "East Freehold CDP, New Jersey", "lat": 40.27575, "lng": -74.24131, "population": 4987}, {"name": "Brielle borough, New Jersey", "lat": 40.10548, "lng": -74.06368, "population": 4982}, {"name": "Demarest borough, New Jersey", "lat": 40.9541, "lng": -73.95492, "population": 4981}, {"name": "Mendham borough, New Jersey", "lat": 40.76729, "lng": -74.59777, "population": 4981}, {"name": "Leisure Village CDP, New Jersey", "lat": 40.0438, "lng": -74.18641, "population": 4966}, {"name": "Franklin borough, New Jersey", "lat": 41.109, "lng": -74.58864, "population": 4912}, {"name": "Ledgewood CDP, New Jersey", "lat": 40.88327, "lng": -74.66803, "population": 4903}, {"name": "Spring Lake Heights borough, New Jersey", "lat": 40.14948, "lng": -74.04617, "population": 4890}, {"name": "Flemington borough, New Jersey", "lat": 40.50864, "lng": -74.85987, "population": 4876}, {"name": "South Bound Brook borough, New Jersey", "lat": 40.55395, "lng": -74.52746, "population": 4863}, {"name": "Penns Grove borough, New Jersey", "lat": 39.7277, "lng": -75.46904, "population": 4837}, {"name": "Beckett CDP, New Jersey", "lat": 39.75314, "lng": -75.35945, "population": 4834}, {"name": "Highland Lakes CDP, New Jersey", "lat": 41.17056, "lng": -74.46323, "population": 4816}, {"name": "Glendora CDP, New Jersey", "lat": 39.84094, "lng": -75.06721, "population": 4784}, {"name": "Golden Triangle CDP, New Jersey", "lat": 39.92855, "lng": -75.03883, "population": 4769}, {"name": "Point Pleasant Beach borough, New Jersey", "lat": 40.09257, "lng": -74.04517, "population": 4766}, {"name": "Northvale borough, New Jersey", "lat": 41.01287, "lng": -73.94855, "population": 4761}, {"name": "Harrington Park borough, New Jersey", "lat": 40.99168, "lng": -73.9802, "population": 4741}, {"name": "Silver Lake CDP (Essex County), New Jersey", "lat": 40.78043, "lng": -74.18282, "population": 4730}, {"name": "Florence CDP, New Jersey", "lat": 40.11916, "lng": -74.80877, "population": 4704}, {"name": "Beattystown CDP, New Jersey", "lat": 40.82061, "lng": -74.856, "population": 4701}, {"name": "Mullica Hill CDP, New Jersey", "lat": 39.72069, "lng": -75.21011, "population": 4698}, {"name": "Barclay CDP, New Jersey", "lat": 39.90124, "lng": -75.00083, "population": 4656}, {"name": "Mount Ephraim borough, New Jersey", "lat": 39.87952, "lng": -75.09181, "population": 4651}, {"name": "Neptune City borough, New Jersey", "lat": 40.20054, "lng": -74.0329, "population": 4626}, {"name": "Blackwood CDP, New Jersey", "lat": 39.79922, "lng": -75.06375, "population": 4622}, {"name": "Highlands borough, New Jersey", "lat": 40.40423, "lng": -73.98819, "population": 4621}, {"name": "Ellisburg CDP, New Jersey", "lat": 39.91989, "lng": -75.00934, "population": 4601}, {"name": "Rutgers University-Busch Campus CDP, New Jersey", "lat": 40.5196, "lng": -74.46748, "population": 4586}, {"name": "McGuire AFB CDP, New Jersey", "lat": 40.02799, "lng": -74.58782, "population": 4522}, {"name": "Buena borough, New Jersey", "lat": 39.52917, "lng": -74.9452, "population": 4501}, {"name": "Mountain Lakes borough, New Jersey", "lat": 40.89085, "lng": -74.44203, "population": 4472}, {"name": "Garwood borough, New Jersey", "lat": 40.65133, "lng": -74.32315, "population": 4454}, {"name": "Atlantic Highlands borough, New Jersey", "lat": 40.41177, "lng": -74.01984, "population": 4414}, {"name": "Egg Harbor City city, New Jersey", "lat": 39.56369, "lng": -74.59587, "population": 4396}, {"name": "Panther Valley CDP, New Jersey", "lat": 40.90945, "lng": -74.842, "population": 4391}, {"name": "Magnolia borough, New Jersey", "lat": 39.85619, "lng": -75.0364, "population": 4352}, {"name": "Wanamassa CDP, New Jersey", "lat": 40.23682, "lng": -74.02886, "population": 4344}, {"name": "Landing CDP, New Jersey", "lat": 40.9069, "lng": -74.66205, "population": 4296}, {"name": "Bradley Beach borough, New Jersey", "lat": 40.2016, "lng": -74.01206, "population": 4282}, {"name": "Westville borough, New Jersey", "lat": 39.87069, "lng": -75.12989, "population": 4264}, {"name": "Medford Lakes borough, New Jersey", "lat": 39.85365, "lng": -74.81167, "population": 4264}, {"name": "Ho-Ho-Kus borough, New Jersey", "lat": 40.9995, "lng": -74.09658, "population": 4258}, {"name": "Leisure Village East CDP, New Jersey", "lat": 40.04044, "lng": -74.16893, "population": 4189}, {"name": "Shrewsbury borough, New Jersey", "lat": 40.32645, "lng": -74.05737, "population": 4184}, {"name": "Beach Haven West CDP, New Jersey", "lat": 39.67161, "lng": -74.23494, "population": 4143}, {"name": "Lambertville city, New Jersey", "lat": 40.36856, "lng": -74.94305, "population": 4139}, {"name": "Holiday City South CDP, New Jersey", "lat": 39.95409, "lng": -74.23729, "population": 4124}, {"name": "Riverdale borough, New Jersey", "lat": 40.99589, "lng": -74.31453, "population": 4107}, {"name": "Cedar Knolls CDP, New Jersey", "lat": 40.81891, "lng": -74.45519, "population": 4082}, {"name": "Oakhurst CDP, New Jersey", "lat": 40.26149, "lng": -74.02655, "population": 4069}, {"name": "Country Lake Estates CDP, New Jersey", "lat": 39.94899, "lng": -74.53793, "population": 4054}, {"name": "North Cape May CDP, New Jersey", "lat": 38.98085, "lng": -74.95102, "population": 4007}, {"name": "Bordentown city, New Jersey", "lat": 40.14969, "lng": -74.70768, "population": 3993}, {"name": "Oaklyn borough, New Jersey", "lat": 39.9023, "lng": -75.08057, "population": 3930}, {"name": "Port Reading CDP, New Jersey", "lat": 40.56742, "lng": -74.24493, "population": 3921}, {"name": "Barnegat CDP, New Jersey", "lat": 39.7539, "lng": -74.22165, "population": 3894}, {"name": "Leisuretowne CDP, New Jersey", "lat": 39.89453, "lng": -74.70948, "population": 3842}, {"name": "Gibbstown CDP, New Jersey", "lat": 39.82454, "lng": -75.27808, "population": 3822}, {"name": "Merchantville borough, New Jersey", "lat": 39.95022, "lng": -75.05034, "population": 3820}, {"name": "Lawrenceville CDP, New Jersey", "lat": 40.30262, "lng": -74.73852, "population": 3751}, {"name": "Port Monmouth CDP, New Jersey", "lat": 40.43424, "lng": -74.10067, "population": 3745}, {"name": "Fairview CDP, New Jersey", "lat": 40.36531, "lng": -74.08059, "population": 3731}, {"name": "The College of New Jersey CDP, New Jersey", "lat": 40.26838, "lng": -74.7779, "population": 3701}, {"name": "Leisure Village West CDP, New Jersey", "lat": 40.01028, "lng": -74.2809, "population": 3692}, {"name": "Upper Greenwood Lake CDP, New Jersey", "lat": 41.18585, "lng": -74.37815, "population": 3687}, {"name": "Woodstown borough, New Jersey", "lat": 39.65018, "lng": -75.32623, "population": 3678}, {"name": "South Toms River borough, New Jersey", "lat": 39.93905, "lng": -74.20701, "population": 3643}, {"name": "North Wildwood city, New Jersey", "lat": 39.00594, "lng": -74.79751, "population": 3621}, {"name": "Rio Grande CDP, New Jersey", "lat": 39.01905, "lng": -74.87787, "population": 3610}, {"name": "Singac CDP, New Jersey", "lat": 40.88494, "lng": -74.24291, "population": 3602}, {"name": "Turnersville CDP, New Jersey", "lat": 39.76644, "lng": -75.062, "population": 3594}, {"name": "Roebling CDP, New Jersey", "lat": 40.11722, "lng": -74.77784, "population": 3585}, {"name": "Shark River Hills CDP, New Jersey", "lat": 40.19229, "lng": -74.04741, "population": 3583}, {"name": "Richwood CDP, New Jersey", "lat": 39.71602, "lng": -75.17245, "population": 3577}, {"name": "Tuckerton borough, New Jersey", "lat": 39.5922, "lng": -74.33308, "population": 3577}, {"name": "High Bridge borough, New Jersey", "lat": 40.67011, "lng": -74.89021, "population": 3546}, {"name": "Rutgers University-Livingston Campus CDP, New Jersey", "lat": 40.51772, "lng": -74.44477, "population": 3545}, {"name": "Stanhope borough, New Jersey", "lat": 40.91337, "lng": -74.70363, "population": 3526}, {"name": "Oak Valley CDP, New Jersey", "lat": 39.80627, "lng": -75.15882, "population": 3497}, {"name": "Six Mile Run CDP, New Jersey", "lat": 40.47015, "lng": -74.53405, "population": 3383}, {"name": "Netcong borough, New Jersey", "lat": 40.89923, "lng": -74.70082, "population": 3375}, {"name": "Saddle River borough, New Jersey", "lat": 41.0237, "lng": -74.09255, "population": 3372}, {"name": "English Creek CDP, New Jersey", "lat": 39.37851, "lng": -74.65031, "population": 3364}, {"name": "Sewell CDP, New Jersey", "lat": 39.7692, "lng": -75.1447, "population": 3346}, {"name": "Haworth borough, New Jersey", "lat": 40.96274, "lng": -73.99747, "population": 3343}, {"name": "Great Notch CDP, New Jersey", "lat": 40.87148, "lng": -74.20863, "population": 3289}, {"name": "Hamburg borough, New Jersey", "lat": 41.14876, "lng": -74.57342, "population": 3266}, {"name": "Palermo CDP, New Jersey", "lat": 39.23363, "lng": -74.68581, "population": 3183}, {"name": "Monmouth Beach borough, New Jersey", "lat": 40.3359, "lng": -73.98561, "population": 3174}, {"name": "Robbinsville Center CDP, New Jersey", "lat": 40.21997, "lng": -74.63022, "population": 3164}, {"name": "White House Station CDP, New Jersey", "lat": 40.62069, "lng": -74.77347, "population": 3152}, {"name": "North Middletown CDP, New Jersey", "lat": 40.43899, "lng": -74.11852, "population": 3146}, {"name": "Moonachie borough, New Jersey", "lat": 40.84133, "lng": -74.05767, "population": 3133}, {"name": "Groveville CDP, New Jersey", "lat": 40.17009, "lng": -74.65131, "population": 3106}, {"name": "Wildwood Crest borough, New Jersey", "lat": 38.97153, "lng": -74.83733, "population": 3101}, {"name": "Woodbury Heights borough, New Jersey", "lat": 39.81329, "lng": -75.15065, "population": 3098}, {"name": "Ocean Grove CDP, New Jersey", "lat": 40.21182, "lng": -74.00694, "population": 3057}, {"name": "Millington CDP, New Jersey", "lat": 40.67504, "lng": -74.51479, "population": 3038}, {"name": "Cliffwood Beach CDP, New Jersey", "lat": 40.44321, "lng": -74.21784, "population": 3036}, {"name": "Pines Lake CDP, New Jersey", "lat": 40.99867, "lng": -74.26377, "population": 3033}, {"name": "Keasbey CDP, New Jersey", "lat": 40.51472, "lng": -74.31186, "population": 3027}, {"name": "National Park borough, New Jersey", "lat": 39.8673, "lng": -75.18562, "population": 3026}, {"name": "Rossmoor CDP, New Jersey", "lat": 40.33475, "lng": -74.47009, "population": 2992}, {"name": "Gillette CDP, New Jersey", "lat": 40.69518, "lng": -74.45687, "population": 2956}, {"name": "Lawnside borough, New Jersey", "lat": 39.86731, "lng": -75.0289, "population": 2955}, {"name": "Mount Hope CDP, New Jersey", "lat": 40.91873, "lng": -74.55085, "population": 2930}, {"name": "Clearbrook CDP, New Jersey", "lat": 40.30984, "lng": -74.46519, "population": 2909}, {"name": "Woodlynne borough, New Jersey", "lat": 39.91648, "lng": -75.09555, "population": 2902}, {"name": "Sewaren CDP, New Jersey", "lat": 40.54885, "lng": -74.25517, "population": 2885}, {"name": "Laurel Lake CDP, New Jersey", "lat": 39.32629, "lng": -75.03062, "population": 2861}, {"name": "Menlo Park Terrace CDP, New Jersey", "lat": 40.55341, "lng": -74.32426, "population": 2806}, {"name": "Thorofare CDP, New Jersey", "lat": 39.85473, "lng": -75.19869, "population": 2806}, {"name": "Pennington borough, New Jersey", "lat": 40.32492, "lng": -74.78878, "population": 2802}, {"name": "Spring Lake borough, New Jersey", "lat": 40.15376, "lng": -74.02685, "population": 2789}, {"name": "Clinton town, New Jersey", "lat": 40.63679, "lng": -74.91521, "population": 2773}, {"name": "Cape May city, New Jersey", "lat": 38.94115, "lng": -74.89837, "population": 2768}, {"name": "Riverton borough, New Jersey", "lat": 40.01194, "lng": -75.01474, "population": 2764}, {"name": "Plainsboro Center CDP, New Jersey", "lat": 40.33127, "lng": -74.59159, "population": 2760}, {"name": "Brownville CDP, New Jersey", "lat": 40.39959, "lng": -74.29334, "population": 2746}, {"name": "Swedesboro borough, New Jersey", "lat": 39.74588, "lng": -75.31095, "population": 2711}, {"name": "West Berlin CDP, New Jersey", "lat": 39.80968, "lng": -74.9413, "population": 2686}, {"name": "Lakehurst borough, New Jersey", "lat": 40.01312, "lng": -74.32036, "population": 2636}, {"name": "Hopelawn CDP, New Jersey", "lat": 40.52863, "lng": -74.29363, "population": 2603}, {"name": "East Newark borough, New Jersey", "lat": 40.75201, "lng": -74.16219, "population": 2594}, {"name": "Leisure Knoll CDP, New Jersey", "lat": 40.01805, "lng": -74.28963, "population": 2562}, {"name": "Greenwich CDP (Warren County), New Jersey", "lat": 40.68491, "lng": -75.13382, "population": 2558}, {"name": "Peapack and Gladstone borough, New Jersey", "lat": 40.71578, "lng": -74.65405, "population": 2558}, {"name": "Stirling CDP, New Jersey", "lat": 40.68042, "lng": -74.48892, "population": 2555}, {"name": "Leonardo CDP, New Jersey", "lat": 40.41972, "lng": -74.06021, "population": 2549}, {"name": "Pine Ridge at Crestwood CDP, New Jersey", "lat": 39.96151, "lng": -74.31208, "population": 2537}, {"name": "Belvidere town, New Jersey", "lat": 40.8298, "lng": -75.07334, "population": 2520}, {"name": "Beverly city, New Jersey", "lat": 40.06481, "lng": -74.9219, "population": 2499}, {"name": "Pemberton Heights CDP, New Jersey", "lat": 39.95792, "lng": -74.67492, "population": 2485}, {"name": "Princeton Junction CDP, New Jersey", "lat": 40.32317, "lng": -74.62187, "population": 2475}, {"name": "West Belmar CDP, New Jersey", "lat": 40.17067, "lng": -74.03758, "population": 2459}, {"name": "Concordia CDP, New Jersey", "lat": 40.31459, "lng": -74.44736, "population": 2455}, {"name": "Helmetta borough, New Jersey", "lat": 40.37842, "lng": -74.42338, "population": 2455}, {"name": "Seaside Heights borough, New Jersey", "lat": 39.94491, "lng": -74.07829, "population": 2440}, {"name": "Stockton University CDP, New Jersey", "lat": 39.48474, "lng": -74.549, "population": 2428}, {"name": "Seaville CDP, New Jersey", "lat": 39.2072, "lng": -74.71599, "population": 2426}, {"name": "Manahawkin CDP, New Jersey", "lat": 39.68994, "lng": -74.24265, "population": 2413}, {"name": "Marmora CDP, New Jersey", "lat": 39.26093, "lng": -74.65452, "population": 2413}, {"name": "Vista Center CDP, New Jersey", "lat": 40.15905, "lng": -74.32233, "population": 2370}, {"name": "Middlebush CDP, New Jersey", "lat": 40.50204, "lng": -74.53538, "population": 2368}, {"name": "New Egypt CDP, New Jersey", "lat": 40.06515, "lng": -74.52706, "population": 2357}, {"name": "Presidential Lakes Estates CDP, New Jersey", "lat": 39.91495, "lng": -74.56351, "population": 2353}, {"name": "Whittingham CDP, New Jersey", "lat": 40.32665, "lng": -74.44547, "population": 2348}, {"name": "Englishtown borough, New Jersey", "lat": 40.29614, "lng": -74.35958, "population": 2346}, {"name": "Pleasantdale CDP, New Jersey", "lat": 40.804, "lng": -74.27463, "population": 2329}, {"name": "Alpha borough, New Jersey", "lat": 40.65945, "lng": -75.15705, "population": 2328}, {"name": "Whitesboro CDP, New Jersey", "lat": 39.04901, "lng": -74.87184, "population": 2300}, {"name": "Mickleton CDP, New Jersey", "lat": 39.79105, "lng": -75.24617, "population": 2285}, {"name": "Wenonah borough, New Jersey", "lat": 39.792, "lng": -75.14822, "population": 2283}, {"name": "Ogdensburg borough, New Jersey", "lat": 41.08009, "lng": -74.59763, "population": 2258}, {"name": "Essex Fells borough, New Jersey", "lat": 40.8281, "lng": -74.27623, "population": 2244}, {"name": "Byram Center CDP, New Jersey", "lat": 40.93216, "lng": -74.71256, "population": 2232}, {"name": "Union CDP, New Jersey", "lat": 40.69654, "lng": -74.26929, "population": 2229}, {"name": "Cranbury CDP, New Jersey", "lat": 40.31345, "lng": -74.52023, "population": 2200}, {"name": "Ramapo College of New Jersey CDP, New Jersey", "lat": 41.08082, "lng": -74.17412, "population": 2200}, {"name": "Macopin CDP, New Jersey", "lat": 41.02687, "lng": -74.38004, "population": 2199}, {"name": "North Beach Haven CDP, New Jersey", "lat": 39.60044, "lng": -74.21162, "population": 2198}, {"name": "Gibbsboro borough, New Jersey", "lat": 39.83257, "lng": -74.96691, "population": 2189}, {"name": "Montclair State University CDP, New Jersey", "lat": 40.86592, "lng": -74.19836, "population": 2180}, {"name": "Monroe Manor CDP, New Jersey", "lat": 40.25902, "lng": -74.47428, "population": 2178}, {"name": "Pine Beach borough, New Jersey", "lat": 39.93606, "lng": -74.16979, "population": 2139}, {"name": "Holiday Heights CDP, New Jersey", "lat": 39.93958, "lng": -74.2572, "population": 2135}, {"name": "Woodbine borough, New Jersey", "lat": 39.22835, "lng": -74.80962, "population": 2128}, {"name": "Sea Isle City city, New Jersey", "lat": 39.15078, "lng": -74.70273, "population": 2104}, {"name": "Forsgate CDP, New Jersey", "lat": 40.34929, "lng": -74.46781, "population": 2056}, {"name": "Ten Mile Run CDP, New Jersey", "lat": 40.42292, "lng": -74.5871, "population": 2055}, {"name": "Regency at Monroe CDP, New Jersey", "lat": 40.32087, "lng": -74.38626, "population": 2036}, {"name": "Cranford CDP, New Jersey", "lat": 40.65437, "lng": -74.30863, "population": 2032}, {"name": "Erma CDP, New Jersey", "lat": 38.99482, "lng": -74.89195, "population": 2031}, {"name": "Sussex borough, New Jersey", "lat": 41.20877, "lng": -74.60824, "population": 2024}, {"name": "Weston CDP, New Jersey", "lat": 40.52241, "lng": -74.57412, "population": 2023}, {"name": "Navesink CDP, New Jersey", "lat": 40.40029, "lng": -74.04481, "population": 2004}, {"name": "Victory Lakes CDP, New Jersey", "lat": 39.63056, "lng": -74.96922, "population": 1999}, {"name": "Laurel Springs borough, New Jersey", "lat": 39.82054, "lng": -75.00544, "population": 1978}, {"name": "Avon-by-the-Sea borough, New Jersey", "lat": 40.19142, "lng": -74.01511, "population": 1933}, {"name": "Ocean Gate borough, New Jersey", "lat": 39.92645, "lng": -74.13476, "population": 1932}, {"name": "Franklinville CDP, New Jersey", "lat": 39.618, "lng": -75.07298, "population": 1927}, {"name": "Hopewell borough, New Jersey", "lat": 40.38931, "lng": -74.7638, "population": 1918}, {"name": "Hewitt CDP, New Jersey", "lat": 41.1762, "lng": -74.32479, "population": 1912}, {"name": "Liberty Corner CDP, New Jersey", "lat": 40.66249, "lng": -74.58463, "population": 1877}, {"name": "Sea Girt borough, New Jersey", "lat": 40.1305, "lng": -74.03384, "population": 1866}, {"name": "Long Valley CDP, New Jersey", "lat": 40.78163, "lng": -74.77684, "population": 1827}, {"name": "Brooklawn borough, New Jersey", "lat": 39.87935, "lng": -75.1204, "population": 1815}, {"name": "Folsom borough, New Jersey", "lat": 39.59674, "lng": -74.84316, "population": 1811}, {"name": "Kenvil CDP, New Jersey", "lat": 40.88105, "lng": -74.61966, "population": 1806}, {"name": "Lavallette borough, New Jersey", "lat": 39.96947, "lng": -74.07188, "population": 1787}, {"name": "Newfield borough, New Jersey", "lat": 39.55104, "lng": -75.01022, "population": 1774}, {"name": "Brookside CDP, New Jersey", "lat": 40.79457, "lng": -74.56404, "population": 1767}, {"name": "Alpine borough, New Jersey", "lat": 40.96878, "lng": -73.9169, "population": 1762}, {"name": "Vernon Center CDP, New Jersey", "lat": 41.18879, "lng": -74.50405, "population": 1743}, {"name": "Allentown borough, New Jersey", "lat": 40.17858, "lng": -74.59006, "population": 1734}, {"name": "Upper Pohatcong CDP, New Jersey", "lat": 40.67739, "lng": -75.15571, "population": 1714}, {"name": "South Dennis CDP, New Jersey", "lat": 39.17024, "lng": -74.80436, "population": 1703}, {"name": "Lake Como borough, New Jersey", "lat": 40.17001, "lng": -74.02486, "population": 1697}, {"name": "Glen Gardner borough, New Jersey", "lat": 40.70038, "lng": -74.93952, "population": 1682}, {"name": "Chester borough, New Jersey", "lat": 40.79063, "lng": -74.69008, "population": 1681}, {"name": "Estell Manor city, New Jersey", "lat": 39.35393, "lng": -74.77514, "population": 1668}, {"name": "Lebanon borough, New Jersey", "lat": 40.64186, "lng": -74.83331, "population": 1665}, {"name": "Annandale CDP, New Jersey", "lat": 40.64682, "lng": -74.88814, "population": 1663}, {"name": "Island Heights borough, New Jersey", "lat": 39.9418, "lng": -74.14384, "population": 1650}, {"name": "Belford CDP, New Jersey", "lat": 40.42791, "lng": -74.07874, "population": 1648}, {"name": "Stonebridge CDP, New Jersey", "lat": 40.29547, "lng": -74.46862, "population": 1616}, {"name": "Deans CDP, New Jersey", "lat": 40.40315, "lng": -74.51531, "population": 1615}, {"name": "Gouldtown CDP, New Jersey", "lat": 39.41517, "lng": -75.19119, "population": 1601}, {"name": "Victory Gardens borough, New Jersey", "lat": 40.87613, "lng": -74.54353, "population": 1582}, {"name": "Kingston CDP, New Jersey", "lat": 40.38145, "lng": -74.61398, "population": 1581}, {"name": "Brass Castle CDP, New Jersey", "lat": 40.7631, "lng": -75.0264, "population": 1536}, {"name": "Chesilhurst borough, New Jersey", "lat": 39.7298, "lng": -74.88053, "population": 1536}, {"name": "Kean University CDP, New Jersey", "lat": 40.67788, "lng": -74.23313, "population": 1522}, {"name": "Springfield CDP, New Jersey", "lat": 40.70607, "lng": -74.31299, "population": 1518}, {"name": "Voorhees CDP, New Jersey", "lat": 40.48218, "lng": -74.49251, "population": 1517}, {"name": "Cedar Glen Lakes CDP, New Jersey", "lat": 39.95374, "lng": -74.40028, "population": 1517}, {"name": "Seabrook Farms CDP, New Jersey", "lat": 39.50115, "lng": -75.22035, "population": 1508}, {"name": "West Park CDP, New Jersey", "lat": 39.44028, "lng": -75.26368, "population": 1506}, {"name": "Farmingdale borough, New Jersey", "lat": 40.19836, "lng": -74.17008, "population": 1504}, {"name": "Collings Lakes CDP, New Jersey", "lat": 39.5952, "lng": -74.88842, "population": 1501}, {"name": "Vernon Valley CDP, New Jersey", "lat": 41.24222, "lng": -74.48611, "population": 1491}, {"name": "Waretown CDP, New Jersey", "lat": 39.78981, "lng": -74.19328, "population": 1483}, {"name": "Malaga CDP, New Jersey", "lat": 39.57967, "lng": -75.05638, "population": 1475}, {"name": "Cologne CDP, New Jersey", "lat": 39.49325, "lng": -74.6084, "population": 1461}, {"name": "Sea Bright borough, New Jersey", "lat": 40.35943, "lng": -73.97489, "population": 1449}, {"name": "Hampton borough, New Jersey", "lat": 40.70457, "lng": -74.97152, "population": 1438}, {"name": "Seaside Park borough, New Jersey", "lat": 39.92637, "lng": -74.07871, "population": 1436}, {"name": "Silver Lake CDP (Cumberland County), New Jersey", "lat": 39.46847, "lng": -75.23982, "population": 1435}, {"name": "William Paterson University of New Jersey CDP, New Jersey", "lat": 40.94582, "lng": -74.19822, "population": 1417}, {"name": "Absecon Highlands CDP, New Jersey", "lat": 39.44269, "lng": -74.47023, "population": 1414}, {"name": "Cedar Glen West CDP, New Jersey", "lat": 40.03802, "lng": -74.2858, "population": 1379}, {"name": "Pemberton borough, New Jersey", "lat": 39.97219, "lng": -74.68656, "population": 1371}, {"name": "Frenchtown borough, New Jersey", "lat": 40.53054, "lng": -75.05285, "population": 1370}, {"name": "Elmer borough, New Jersey", "lat": 39.59226, "lng": -75.17457, "population": 1347}, {"name": "Dover Beaches South CDP, New Jersey", "lat": 39.95488, "lng": -74.08173, "population": 1331}, {"name": "Olivet CDP, New Jersey", "lat": 39.5381, "lng": -75.17633, "population": 1297}, {"name": "Alloway CDP, New Jersey", "lat": 39.5616, "lng": -75.3453, "population": 1296}, {"name": "Centre Grove CDP, New Jersey", "lat": 39.36094, "lng": -75.13648, "population": 1281}, {"name": "Dover Beaches North CDP, New Jersey", "lat": 39.99354, "lng": -74.07066, "population": 1277}, {"name": "Rainbow Lakes CDP, New Jersey", "lat": 40.87411, "lng": -74.45504, "population": 1255}, {"name": "Bedminster CDP, New Jersey", "lat": 40.67428, "lng": -74.6605, "population": 1244}, {"name": "Mount Tabor CDP, New Jersey", "lat": 40.87228, "lng": -74.47393, "population": 1244}, {"name": "Avalon borough, New Jersey", "lat": 39.08645, "lng": -74.739, "population": 1243}, {"name": "Surf City borough, New Jersey", "lat": 39.66432, "lng": -74.17162, "population": 1243}, {"name": "Milford borough, New Jersey", "lat": 40.57348, "lng": -75.0897, "population": 1232}, {"name": "Elwood CDP, New Jersey", "lat": 39.56938, "lng": -74.70792, "population": 1215}, {"name": "Lake Telemark CDP, New Jersey", "lat": 40.95983, "lng": -74.49773, "population": 1172}, {"name": "Silver Ridge CDP, New Jersey", "lat": 39.96172, "lng": -74.23594, "population": 1167}, {"name": "Rosenhayn CDP, New Jersey", "lat": 39.47867, "lng": -75.13796, "population": 1150}, {"name": "Newfoundland CDP, New Jersey", "lat": 41.05536, "lng": -74.42915, "population": 1145}, {"name": "Crandon Lakes CDP, New Jersey", "lat": 41.12273, "lng": -74.84051, "population": 1120}, {"name": "Port Norris CDP, New Jersey", "lat": 39.26243, "lng": -75.0465, "population": 1111}, {"name": "Green Village CDP, New Jersey", "lat": 40.73723, "lng": -74.44835, "population": 1103}, {"name": "Port Republic city, New Jersey", "lat": 39.5348, "lng": -74.4761, "population": 1101}, {"name": "Ship Bottom borough, New Jersey", "lat": 39.64535, "lng": -74.183, "population": 1098}, {"name": "Flagtown CDP, New Jersey", "lat": 40.52252, "lng": -74.69104, "population": 1070}, {"name": "Fairton CDP, New Jersey", "lat": 39.37335, "lng": -75.20884, "population": 1060}, {"name": "Auburn CDP, New Jersey", "lat": 39.68804, "lng": -75.35626, "population": 1057}, {"name": "Dorothy CDP, New Jersey", "lat": 39.40434, "lng": -74.83197, "population": 1057}, {"name": "Oxford CDP, New Jersey", "lat": 40.80485, "lng": -74.99732, "population": 1033}, {"name": "Beach Haven borough, New Jersey", "lat": 39.57603, "lng": -74.25179, "population": 1027}, {"name": "West Cape May borough, New Jersey", "lat": 38.94223, "lng": -74.93903, "population": 1010}, {"name": "Califon borough, New Jersey", "lat": 40.71947, "lng": -74.83692, "population": 1005}, {"name": "Audubon Park borough, New Jersey", "lat": 39.89684, "lng": -75.08882, "population": 991}, {"name": "Allenwood CDP, New Jersey", "lat": 40.13537, "lng": -74.09805, "population": 954}, {"name": "The Ponds CDP, New Jersey", "lat": 40.30683, "lng": -74.45321, "population": 941}, {"name": "Bay Head borough, New Jersey", "lat": 40.07032, "lng": -74.04816, "population": 930}, {"name": "Hi-Nella borough, New Jersey", "lat": 39.83652, "lng": -75.02196, "population": 927}, {"name": "East Vineland CDP, New Jersey", "lat": 39.47662, "lng": -74.9057, "population": 925}, {"name": "Far Hills borough, New Jersey", "lat": 40.69089, "lng": -74.62154, "population": 924}, {"name": "Milmay CDP, New Jersey", "lat": 39.43902, "lng": -74.86832, "population": 919}, {"name": "Carlls Corner CDP, New Jersey", "lat": 39.4659, "lng": -75.20363, "population": 911}, {"name": "Cookstown CDP, New Jersey", "lat": 40.04374, "lng": -74.54765, "population": 900}, {"name": "Deal borough, New Jersey", "lat": 40.2497, "lng": -73.99746, "population": 900}, {"name": "Longport borough, New Jersey", "lat": 39.31134, "lng": -74.52696, "population": 893}, {"name": "Vienna CDP, New Jersey", "lat": 40.87225, "lng": -74.87252, "population": 881}, {"name": "Grenloch CDP, New Jersey", "lat": 39.78275, "lng": -75.05546, "population": 863}, {"name": "Neshanic CDP, New Jersey", "lat": 40.5054, "lng": -74.71202, "population": 854}, {"name": "Crosswicks CDP, New Jersey", "lat": 40.13985, "lng": -74.63652, "population": 849}, {"name": "Ringoes CDP, New Jersey", "lat": 40.43088, "lng": -74.8718, "population": 849}, {"name": "Griggstown CDP, New Jersey", "lat": 40.43987, "lng": -74.59832, "population": 835}, {"name": "Dennisville CDP, New Jersey", "lat": 39.20656, "lng": -74.81839, "population": 830}, {"name": "Interlaken borough, New Jersey", "lat": 40.23431, "lng": -74.01594, "population": 828}, {"name": "New Vernon CDP, New Jersey", "lat": 40.73889, "lng": -74.48046, "population": 825}, {"name": "Llewellyn Park CDP, New Jersey", "lat": 40.78932, "lng": -74.23968, "population": 821}, {"name": "Beesleys Point CDP, New Jersey", "lat": 39.27718, "lng": -74.63487, "population": 816}, {"name": "Roosevelt borough, New Jersey", "lat": 40.22074, "lng": -74.47016, "population": 808}, {"name": "Sweetwater CDP, New Jersey", "lat": 39.61342, "lng": -74.65077, "population": 805}, {"name": "Stone Harbor borough, New Jersey", "lat": 39.04169, "lng": -74.76884, "population": 796}, {"name": "Oceanville CDP, New Jersey", "lat": 39.482, "lng": -74.45264, "population": 793}, {"name": "Bloomsbury borough, New Jersey", "lat": 40.65689, "lng": -75.07622, "population": 792}, {"name": "Pleasant Plains CDP, New Jersey", "lat": 40.45312, "lng": -74.57646, "population": 792}, {"name": "Branchville borough, New Jersey", "lat": 41.14724, "lng": -74.74904, "population": 791}, {"name": "Mount Royal CDP, New Jersey", "lat": 39.80997, "lng": -75.2147, "population": 777}, {"name": "Burleigh CDP, New Jersey", "lat": 39.04723, "lng": -74.84665, "population": 766}, {"name": "Port Morris CDP, New Jersey", "lat": 40.90626, "lng": -74.6841, "population": 754}, {"name": "Rocky Hill borough, New Jersey", "lat": 40.40035, "lng": -74.63892, "population": 743}, {"name": "Newtonville CDP, New Jersey", "lat": 39.56329, "lng": -74.85593, "population": 742}, {"name": "Delaware Park CDP, New Jersey", "lat": 40.70512, "lng": -75.18827, "population": 739}, {"name": "Brookfield CDP, New Jersey", "lat": 40.81502, "lng": -75.07181, "population": 727}, {"name": "Wrightstown borough, New Jersey", "lat": 40.02559, "lng": -74.63191, "population": 720}, {"name": "Cedarville CDP, New Jersey", "lat": 39.33858, "lng": -75.21448, "population": 702}, {"name": "South Seaville CDP, New Jersey", "lat": 39.18657, "lng": -74.75356, "population": 695}, {"name": "Layton CDP, New Jersey", "lat": 41.21852, "lng": -74.82348, "population": 692}, {"name": "Lopatcong Overlook CDP, New Jersey", "lat": 40.69711, "lng": -75.1452, "population": 692}, {"name": "Ocean View CDP, New Jersey", "lat": 39.20126, "lng": -74.74374, "population": 685}, {"name": "Barnegat Light borough, New Jersey", "lat": 39.7535, "lng": -74.10495, "population": 640}, {"name": "Renaissance at Monroe CDP, New Jersey", "lat": 40.26345, "lng": -74.4807, "population": 637}, {"name": "Stewartsville CDP, New Jersey", "lat": 40.68892, "lng": -75.10224, "population": 636}, {"name": "Titusville CDP, New Jersey", "lat": 40.309, "lng": -74.87394, "population": 633}, {"name": "Cream Ridge CDP, New Jersey", "lat": 40.13222, "lng": -74.53725, "population": 630}, {"name": "Encore at Monroe CDP, New Jersey", "lat": 40.31957, "lng": -74.4671, "population": 625}, {"name": "Richland CDP, New Jersey", "lat": 39.49067, "lng": -74.88901, "population": 623}, {"name": "Lower Berkshire Valley CDP, New Jersey", "lat": 40.91218, "lng": -74.61401, "population": 617}, {"name": "Belleplain CDP, New Jersey", "lat": 39.25784, "lng": -74.87486, "population": 614}, {"name": "Leesburg CDP, New Jersey", "lat": 39.26261, "lng": -74.9819, "population": 601}, {"name": "Andover borough, New Jersey", "lat": 40.98574, "lng": -74.7437, "population": 595}, {"name": "East Millstone CDP, New Jersey", "lat": 40.49722, "lng": -74.56973, "population": 588}, {"name": "Connecticut Farms CDP, New Jersey", "lat": 40.69302, "lng": -74.27155, "population": 545}, {"name": "West Wildwood borough, New Jersey", "lat": 39.0006, "lng": -74.82357, "population": 540}, {"name": "Vincentown CDP, New Jersey", "lat": 39.9363, "lng": -74.75119, "population": 535}, {"name": "Fieldsboro borough, New Jersey", "lat": 40.13547, "lng": -74.73336, "population": 526}, {"name": "Stockton borough, New Jersey", "lat": 40.40585, "lng": -74.97063, "population": 495}, {"name": "Mountain Lake CDP, New Jersey", "lat": 40.8598, "lng": -74.98757, "population": 494}, {"name": "Sunset Lake CDP, New Jersey", "lat": 39.45248, "lng": -75.23502, "population": 494}, {"name": "Blairstown CDP, New Jersey", "lat": 40.98733, "lng": -74.95474, "population": 493}, {"name": "Newport CDP, New Jersey", "lat": 39.2915, "lng": -75.16981, "population": 487}, {"name": "Pedricktown CDP, New Jersey", "lat": 39.76637, "lng": -75.40761, "population": 487}, {"name": "Mizpah CDP, New Jersey", "lat": 39.48188, "lng": -74.83832, "population": 479}, {"name": "Allenhurst borough, New Jersey", "lat": 40.23595, "lng": -74.00242, "population": 472}, {"name": "Corbin City city, New Jersey", "lat": 39.30167, "lng": -74.70558, "population": 471}, {"name": "Quinton CDP, New Jersey", "lat": 39.54748, "lng": -75.41092, "population": 470}, {"name": "East Rocky Hill CDP, New Jersey", "lat": 40.41515, "lng": -74.61801, "population": 468}, {"name": "Pottersville CDP, New Jersey", "lat": 40.71364, "lng": -74.72568, "population": 467}, {"name": "Millstone borough, New Jersey", "lat": 40.49987, "lng": -74.59553, "population": 448}, {"name": "Oldwick CDP, New Jersey", "lat": 40.66746, "lng": -74.73945, "population": 445}, {"name": "Shiloh borough, New Jersey", "lat": 39.46242, "lng": -75.29244, "population": 444}, {"name": "Harlingen CDP, New Jersey", "lat": 40.45151, "lng": -74.65459, "population": 430}, {"name": "Hainesburg CDP, New Jersey", "lat": 40.95723, "lng": -75.05224, "population": 422}, {"name": "Nesco CDP, New Jersey", "lat": 39.64264, "lng": -74.6896, "population": 422}, {"name": "Rockleigh borough, New Jersey", "lat": 41.00024, "lng": -73.93407, "population": 407}, {"name": "Lakeside-Beebe Run CDP, New Jersey", "lat": 39.45218, "lng": -75.24978, "population": 403}, {"name": "Mauricetown CDP, New Jersey", "lat": 39.29244, "lng": -75.0075, "population": 403}, {"name": "Goshen CDP, New Jersey", "lat": 39.14811, "lng": -74.84615, "population": 400}, {"name": "New Village CDP, New Jersey", "lat": 40.71841, "lng": -75.07724, "population": 399}, {"name": "Harvey Cedars borough, New Jersey", "lat": 39.69958, "lng": -74.14151, "population": 391}, {"name": "New Gretna CDP, New Jersey", "lat": 39.58777, "lng": -74.45452, "population": 390}, {"name": "Bridgeport CDP, New Jersey", "lat": 39.80091, "lng": -75.34695, "population": 389}, {"name": "Johnsonburg CDP, New Jersey", "lat": 40.96433, "lng": -74.87605, "population": 381}, {"name": "Laurel Heights CDP, New Jersey", "lat": 39.45695, "lng": -75.22347, "population": 380}, {"name": "Marshallville CDP, New Jersey", "lat": 39.29268, "lng": -74.77046, "population": 376}, {"name": "Harmony CDP, New Jersey", "lat": 40.75123, "lng": -75.13782, "population": 374}, {"name": "Washington Crossing CDP, New Jersey", "lat": 40.29624, "lng": -74.86028, "population": 371}, {"name": "Jobstown CDP, New Jersey", "lat": 40.03093, "lng": -74.70047, "population": 369}, {"name": "Finesville CDP, New Jersey", "lat": 40.61159, "lng": -75.17154, "population": 364}, {"name": "Juliustown CDP, New Jersey", "lat": 40.01209, "lng": -74.67153, "population": 362}, {"name": "Pluckemin CDP, New Jersey", "lat": 40.64526, "lng": -74.63463, "population": 359}, {"name": "Tuckahoe CDP, New Jersey", "lat": 39.28918, "lng": -74.74968, "population": 357}, {"name": "Dividing Creek CDP, New Jersey", "lat": 39.27049, "lng": -75.10021, "population": 345}, {"name": "Silver Lake CDP (Warren County), New Jersey", "lat": 40.93212, "lng": -74.95043, "population": 333}, {"name": "Mantoloking borough, New Jersey", "lat": 40.05669, "lng": -74.04816, "population": 331}, {"name": "Windsor CDP, New Jersey", "lat": 40.2474, "lng": -74.58133, "population": 330}, {"name": "Upper Stewartsville CDP, New Jersey", "lat": 40.70479, "lng": -75.12056, "population": 329}, {"name": "Three Bridges CDP, New Jersey", "lat": 40.52059, "lng": -74.80017, "population": 321}, {"name": "Cumberland-Hesstown CDP, New Jersey", "lat": 39.36224, "lng": -74.91448, "population": 315}, {"name": "Anderson CDP, New Jersey", "lat": 40.76126, "lng": -74.92557, "population": 306}, {"name": "Harrisonville CDP, New Jersey", "lat": 39.68566, "lng": -75.27731, "population": 306}, {"name": "Cape May Point borough, New Jersey", "lat": 38.93691, "lng": -74.96537, "population": 305}, {"name": "Great Meadows CDP, New Jersey", "lat": 40.87581, "lng": -74.89658, "population": 305}, {"name": "Germania CDP, New Jersey", "lat": 39.51442, "lng": -74.59077, "population": 297}, {"name": "Dorchester CDP, New Jersey", "lat": 39.26989, "lng": -74.97127, "population": 291}, {"name": "Port Elizabeth CDP, New Jersey", "lat": 39.30993, "lng": -74.97137, "population": 290}, {"name": "Blawenburg CDP, New Jersey", "lat": 40.40265, "lng": -74.69857, "population": 287}, {"name": "Asbury CDP, New Jersey", "lat": 40.69894, "lng": -75.00783, "population": 270}, {"name": "Port Colden CDP, New Jersey", "lat": 40.76641, "lng": -74.95336, "population": 260}, {"name": "Hope CDP, New Jersey", "lat": 40.91209, "lng": -74.95889, "population": 256}, {"name": "Greenwich CDP (Cumberland County), New Jersey", "lat": 39.38917, "lng": -75.34439, "population": 251}, {"name": "Clyde CDP, New Jersey", "lat": 40.48734, "lng": -74.51319, "population": 243}, {"name": "Skillman CDP, New Jersey", "lat": 40.42819, "lng": -74.71229, "population": 237}, {"name": "Deerfield Street CDP, New Jersey", "lat": 39.5164, "lng": -75.24395, "population": 230}, {"name": "Bridgeville CDP, New Jersey", "lat": 40.84417, "lng": -75.03177, "population": 229}, {"name": "Heislerville CDP, New Jersey", "lat": 39.22366, "lng": -74.99148, "population": 227}, {"name": "Port Murray CDP, New Jersey", "lat": 40.79283, "lng": -74.92716, "population": 227}, {"name": "Loch Arbour village, New Jersey", "lat": 40.2323, "lng": -74.00001, "population": 224}, {"name": "Columbia CDP, New Jersey", "lat": 40.92587, "lng": -75.09406, "population": 215}, {"name": "Broadway CDP, New Jersey", "lat": 40.73557, "lng": -75.04953, "population": 213}, {"name": "Hibernia CDP, New Jersey", "lat": 40.94462, "lng": -74.50088, "population": 208}, {"name": "Buttzville CDP, New Jersey", "lat": 40.82839, "lng": -75.00617, "population": 205}, {"name": "Leeds Point CDP, New Jersey", "lat": 39.49061, "lng": -74.44334, "population": 205}, {"name": "Diamond Beach CDP, New Jersey", "lat": 38.95925, "lng": -74.85286, "population": 203}, {"name": "Brainards CDP, New Jersey", "lat": 40.77176, "lng": -75.16993, "population": 194}, {"name": "Fortescue CDP, New Jersey", "lat": 39.237, "lng": -75.17052, "population": 189}, {"name": "Marksboro CDP, New Jersey", "lat": 40.9793, "lng": -74.90253, "population": 186}, {"name": "Delaware CDP, New Jersey", "lat": 40.89282, "lng": -75.06944, "population": 173}, {"name": "Mount Hermon CDP, New Jersey", "lat": 40.92193, "lng": -74.994, "population": 172}, {"name": "Allamuchy CDP, New Jersey", "lat": 40.93136, "lng": -74.81174, "population": 156}, {"name": "Hancocks Bridge CDP, New Jersey", "lat": 39.50531, "lng": -75.45932, "population": 155}, {"name": "Roadstown CDP, New Jersey", "lat": 39.44318, "lng": -75.31678, "population": 155}, {"name": "Seeley CDP, New Jersey", "lat": 39.48335, "lng": -75.24116, "population": 152}, {"name": "Strathmere CDP, New Jersey", "lat": 39.19483, "lng": -74.66037, "population": 137}, {"name": "Lamington CDP, New Jersey", "lat": 40.67173, "lng": -74.70633, "population": 135}, {"name": "Othello CDP, New Jersey", "lat": 39.40998, "lng": -75.34205, "population": 132}, {"name": "Sheppards Mill CDP, New Jersey", "lat": 39.41244, "lng": -75.31367, "population": 131}, {"name": "Marlboro CDP, New Jersey", "lat": 39.48708, "lng": -75.32458, "population": 127}, {"name": "Arrowhead Lake CDP, New Jersey", "lat": 39.47512, "lng": -75.31783, "population": 126}, {"name": "Dutch Neck CDP, New Jersey", "lat": 39.40166, "lng": -75.27867, "population": 123}, {"name": "Delmont CDP, New Jersey", "lat": 39.21524, "lng": -74.94944, "population": 122}, {"name": "Ross Corner CDP, New Jersey", "lat": 41.12808, "lng": -74.7136, "population": 120}, {"name": "Hutchinson CDP, New Jersey", "lat": 40.77925, "lng": -75.11996, "population": 103}, {"name": "Zarephath CDP, New Jersey", "lat": 40.53457, "lng": -74.57237, "population": 69}, {"name": "Teterboro borough, New Jersey", "lat": 40.85457, "lng": -74.05962, "population": 61}, {"name": "Gandys Beach CDP, New Jersey", "lat": 39.27255, "lng": -75.23439, "population": 25}, {"name": "Money Island CDP, New Jersey", "lat": 39.28763, "lng": -75.23515, "population": 22}, {"name": "Pine Valley borough, New Jersey", "lat": 39.78828, "lng": -74.97488, "population": 21}, {"name": "Tavistock borough, New Jersey", "lat": 39.87626, "lng": -75.02981, "population": 9}]