[{"name": "Manchester city, New Hampshire", "lat": 42.98494, "lng": -71.44413, "population": 115644}, {"name": "Nashua city, New Hampshire", "lat": 42.74907, "lng": -71.49054, "population": 91322}, {"name": "Concord city, New Hampshire", "lat": 43.23249, "lng": -71.56125, "population": 43976}, {"name": "Dover city, New Hampshire", "lat": 43.18636, "lng": -70.88362, "population": 32741}, {"name": "Rochester city, New Hampshire", "lat": 43.29849, "lng": -70.97701, "population": 32492}, {"name": "Keene city, New Hampshire", "lat": 42.95384, "lng": -72.30688, "population": 23047}, {"name": "Derry CDP, New Hampshire", "lat": 42.88761, "lng": -71.28205, "population": 22879}, {"name": "Portsmouth city, New Hampshire", "lat": 43.06059, "lng": -70.78035, "population": 21956}, {"name": "Laconia city, New Hampshire", "lat": 43.57653, "lng": -71.48226, "population": 16871}, {"name": "Lebanon city, New Hampshire", "lat": 43.63543, "lng": -72.25384, "population": 14282}, {"name": "Claremont city, New Hampshire", "lat": 43.38647, "lng": -72.3345, "population": 12949}, {"name": "Somersworth city, New Hampshire", "lat": 43.25348, "lng": -70.88794, "population": 11855}, {"name": "Londonderry CDP, New Hampshire", "lat": 42.8534, "lng": -71.36243, "population": 11645}, {"name": "Durham CDP, New Hampshire", "lat": 43.14275, "lng": -70.925, "population": 11147}, {"name": "Exeter CDP, New Hampshire", "lat": 42.97698, "lng": -70.94546, "population": 10109}, {"name": "Hampton CDP, New Hampshire", "lat": 42.9439, "lng": -70.82535, "population": 9597}, {"name": "Berlin city, New Hampshire", "lat": 44.48433, "lng": -71.27712, "population": 9425}, {"name": "Milford CDP, New Hampshire", "lat": 42.83165, "lng": -71.67871, "population": 9212}, {"name": "Hanover CDP, New Hampshire", "lat": 43.71159, "lng": -72.27314, "population": 9078}, {"name": "Franklin city, New Hampshire", "lat": 43.45392, "lng": -71.66989, "population": 8741}, {"name": "Hudson CDP, New Hampshire", "lat": 42.76381, "lng": -71.43201, "population": 7534}, {"name": "South Hooksett CDP, New Hampshire", "lat": 43.02777, "lng": -71.42684, "population": 5888}, {"name": "Newmarket CDP, New Hampshire", "lat": 43.07569, "lng": -70.94071, "population": 5797}, {"name": "Suncook CDP, New Hampshire", "lat": 43.13557, "lng": -71.45091, "population": 5501}, {"name": "Hooksett CDP, New Hampshire", "lat": 43.09355, "lng": -71.4571, "population": 5283}, {"name": "East Merrimack CDP, New Hampshire", "lat": 42.87198, "lng": -71.48106, "population": 5176}, {"name": "Pinardville CDP, New Hampshire", "lat": 43.00127, "lng": -71.51348, "population": 5034}, {"name": "Newport CDP, New Hampshire", "lat": 43.3649, "lng": -72.17663, "population": 4735}, {"name": "Plymouth CDP, New Hampshire", "lat": 43.73877, "lng": -71.70262, "population": 4730}, {"name": "Littleton CDP, New Hampshire", "lat": 44.3308, "lng": -71.76867, "population": 4467}, {"name": "Farmington CDP, New Hampshire", "lat": 43.39942, "lng": -71.07238, "population": 3824}, {"name": "Raymond CDP, New Hampshire", "lat": 43.03558, "lng": -71.17545, "population": 3738}, {"name": "Conway CDP, New Hampshire", "lat": 43.98665, "lng": -71.12036, "population": 3576}, {"name": "Goffstown CDP, New Hampshire", "lat": 43.02273, "lng": -71.59822, "population": 3366}, {"name": "Tilton Northfield CDP, New Hampshire", "lat": 43.44453, "lng": -71.59264, "population": 3324}, {"name": "Wolfeboro CDP, New Hampshire", "lat": 43.59363, "lng": -71.21163, "population": 3300}, {"name": "Henniker CDP, New Hampshire", "lat": 43.18152, "lng": -71.81882, "population": 3166}, {"name": "Peterborough CDP, New Hampshire", "lat": 42.87724, "lng": -71.96111, "population": 3090}, {"name": "Jaffrey CDP, New Hampshire", "lat": 42.81135, "lng": -72.02344, "population": 3058}, {"name": "Epping CDP, New Hampshire", "lat": 43.0349, "lng": -71.09841, "population": 2693}, {"name": "Hampton Beach CDP, New Hampshire", "lat": 42.91396, "lng": -70.81175, "population": 2598}, {"name": "Meredith CDP, New Hampshire", "lat": 43.65269, "lng": -71.49649, "population": 2527}, {"name": "Hillsborough CDP, New Hampshire", "lat": 43.11557, "lng": -71.8968, "population": 2156}, {"name": "North Conway CDP, New Hampshire", "lat": 44.03572, "lng": -71.11723, "population": 2116}, {"name": "Lancaster CDP, New Hampshire", "lat": 44.48862, "lng": -71.57422, "population": 1941}, {"name": "Bristol CDP, New Hampshire", "lat": 43.60337, "lng": -71.73417, "population": 1911}, {"name": "Gorham CDP, New Hampshire", "lat": 44.39342, "lng": -71.19849, "population": 1851}, {"name": "Winchester CDP, New Hampshire", "lat": 42.77975, "lng": -72.3847, "population": 1606}, {"name": "Enfield CDP, New Hampshire", "lat": 43.6438, "lng": -72.14687, "population": 1571}, {"name": "Pittsfield CDP, New Hampshire", "lat": 43.30011, "lng": -71.33146, "population": 1570}, {"name": "Hinsdale CDP, New Hampshire", "lat": 42.79215, "lng": -72.48789, "population": 1485}, {"name": "Whitefield CDP, New Hampshire", "lat": 44.37131, "lng": -71.60995, "population": 1460}, {"name": "Woodsville CDP, New Hampshire", "lat": 44.14158, "lng": -72.02683, "population": 1431}, {"name": "Contoocook CDP, New Hampshire", "lat": 43.23067, "lng": -71.71313, "population": 1427}, {"name": "Antrim CDP, New Hampshire", "lat": 43.04402, "lng": -71.95103, "population": 1395}, {"name": "Wilton CDP, New Hampshire", "lat": 42.84697, "lng": -71.73598, "population": 1324}, {"name": "Belmont CDP, New Hampshire", "lat": 43.43997, "lng": -71.47885, "population": 1285}, {"name": "West Swanzey CDP, New Hampshire", "lat": 42.8706, "lng": -72.32241, "population": 1281}, {"name": "New London CDP, New Hampshire", "lat": 43.41574, "lng": -71.98614, "population": 1266}, {"name": "Colebrook CDP, New Hampshire", "lat": 44.89495, "lng": -71.49443, "population": 1201}, {"name": "Troy CDP, New Hampshire", "lat": 42.82584, "lng": -72.18287, "population": 1108}, {"name": "Ashland CDP, New Hampshire", "lat": 43.69591, "lng": -71.63477, "population": 1082}, {"name": "Charlestown CDP, New Hampshire", "lat": 43.23555, "lng": -72.42251, "population": 1078}, {"name": "Seabrook Beach CDP, New Hampshire", "lat": 42.88094, "lng": -70.82451, "population": 1078}, {"name": "Greenville CDP, New Hampshire", "lat": 42.77294, "lng": -71.80091, "population": 1074}, {"name": "Groveton CDP, New Hampshire", "lat": 44.61144, "lng": -71.51749, "population": 1068}, {"name": "Marlborough CDP, New Hampshire", "lat": 42.90497, "lng": -72.21167, "population": 1066}, {"name": "Lincoln CDP, New Hampshire", "lat": 44.06072, "lng": -71.67086, "population": 969}, {"name": "Lisbon CDP, New Hampshire", "lat": 44.21175, "lng": -71.90963, "population": 965}, {"name": "Sanbornville CDP, New Hampshire", "lat": 43.5525, "lng": -71.02978, "population": 963}, {"name": "North Haverhill CDP, New Hampshire", "lat": 44.09449, "lng": -72.02233, "population": 843}, {"name": "Bethlehem CDP, New Hampshire", "lat": 44.27874, "lng": -71.68902, "population": 826}, {"name": "North Walpole CDP, New Hampshire", "lat": 43.14693, "lng": -72.44656, "population": 785}, {"name": "North Woodstock CDP, New Hampshire", "lat": 44.03958, "lng": -71.69544, "population": 739}, {"name": "Loudon CDP, New Hampshire", "lat": 43.28183, "lng": -71.46508, "population": 711}, {"name": "Amherst CDP, New Hampshire", "lat": 42.86358, "lng": -71.62382, "population": 697}, {"name": "Klondike Corner CDP, New Hampshire", "lat": 42.95961, "lng": -71.63645, "population": 652}, {"name": "Milton CDP, New Hampshire", "lat": 43.40298, "lng": -70.99237, "population": 593}, {"name": "Walpole CDP, New Hampshire", "lat": 43.07834, "lng": -72.4248, "population": 573}, {"name": "Center Ossipee CDP, New Hampshire", "lat": 43.75421, "lng": -71.15081, "population": 526}, {"name": "Mountain Lakes CDP, New Hampshire", "lat": 44.12471, "lng": -71.95776, "population": 504}, {"name": "Alton CDP, New Hampshire", "lat": 43.4564, "lng": -71.22234, "population": 499}, {"name": "Warner CDP, New Hampshire", "lat": 43.28426, "lng": -71.82406, "population": 453}, {"name": "Canaan CDP, New Hampshire", "lat": 43.65031, "lng": -72.01596, "population": 442}, {"name": "Newfields CDP, New Hampshire", "lat": 43.03548, "lng": -70.93904, "population": 378}, {"name": "New Hampton CDP, New Hampshire", "lat": 43.61063, "lng": -71.65275, "population": 373}, {"name": "Bradford CDP, New Hampshire", "lat": 43.27171, "lng": -71.96182, "population": 372}, {"name": "Bartlett CDP, New Hampshire", "lat": 44.07377, "lng": -71.28258, "population": 351}, {"name": "Bennington CDP, New Hampshire", "lat": 43.00352, "lng": -71.9207, "population": 338}, {"name": "Suissevale CDP, New Hampshire", "lat": 43.72254, "lng": -71.36352, "population": 328}, {"name": "New Boston CDP, New Hampshire", "lat": 42.9778, "lng": -71.6939, "population": 326}, {"name": "Milton Mills CDP, New Hampshire", "lat": 43.50655, "lng": -70.96676, "population": 313}, {"name": "Melvin Village CDP, New Hampshire", "lat": 43.69092, "lng": -71.30786, "population": 273}, {"name": "West Stewartstown CDP, New Hampshire", "lat": 44.99062, "lng": -71.53018, "population": 263}, {"name": "Hancock CDP, New Hampshire", "lat": 42.97456, "lng": -71.98005, "population": 213}, {"name": "Francestown CDP, New Hampshire", "lat": 42.98941, "lng": -71.81407, "population": 201}, {"name": "Union CDP, New Hampshire", "lat": 43.49117, "lng": -71.02307, "population": 196}, {"name": "Plainfield CDP, New Hampshire", "lat": 43.5345, "lng": -72.35364, "population": 178}, {"name": "Center Sandwich CDP, New Hampshire", "lat": 43.81195, "lng": -71.44144, "population": 156}, {"name": "Blodgett Landing CDP, New Hampshire", "lat": 43.37564, "lng": -72.03924, "population": 152}]