[{"name": "Charlotte city, North Carolina", "lat": 35.20905, "lng": -80.83099, "population": 874579}, {"name": "Raleigh city, North Carolina", "lat": 35.8302, "lng": -78.64149, "population": 467665}, {"name": "Greensboro city, North Carolina", "lat": 36.09515, "lng": -79.827, "population": 299035}, {"name": "Durham city, North Carolina", "lat": 35.98005, "lng": -78.90098, "population": 283506}, {"name": "Winston-Salem city, North Carolina", "lat": 36.10286, "lng": -80.26083, "population": 249545}, {"name": "Fayetteville city, North Carolina", "lat": 35.08277, "lng": -78.97352, "population": 208501}, {"name": "Cary town, North Carolina", "lat": 35.78145, "lng": -78.81901, "population": 174721}, {"name": "Wilmington city, North Carolina", "lat": 34.20923, "lng": -77.88577, "population": 115451}, {"name": "High Point city, North Carolina", "lat": 35.9908, "lng": -79.99271, "population": 114059}, {"name": "Concord city, North Carolina", "lat": 35.39209, "lng": -80.63551, "population": 105240}, {"name": "Asheville city, North Carolina", "lat": 35.57097, "lng": -82.55272, "population": 94589}, {"name": "Greenville city, North Carolina", "lat": 35.59643, "lng": -77.37526, "population": 87521}, {"name": "Gastonia city, North Carolina", "lat": 35.2488, "lng": -81.18644, "population": 80411}, {"name": "Jacksonville city, North Carolina", "lat": 34.72973, "lng": -77.39366, "population": 72723}, {"name": "Chapel Hill town, North Carolina", "lat": 35.92594, "lng": -79.03827, "population": 61960}, {"name": "Huntersville town, North Carolina", "lat": 35.40681, "lng": -80.86868, "population": 61376}, {"name": "Apex town, North Carolina", "lat": 35.7238, "lng": -78.87264, "population": 58780}, {"name": "Burlington city, North Carolina", "lat": 36.07613, "lng": -79.4683, "population": 57303}, {"name": "Rocky Mount city, North Carolina", "lat": 35.96932, "lng": -77.80378, "population": 54341}, {"name": "Kannapolis city, North Carolina", "lat": 35.47688, "lng": -80.64102, "population": 53114}, {"name": "Mooresville town, North Carolina", "lat": 35.58372, "lng": -80.82775, "population": 50193}, {"name": "Wilson city, North Carolina", "lat": 35.73149, "lng": -77.93075, "population": 47851}, {"name": "Wake Forest town, North Carolina", "lat": 35.98893, "lng": -78.5386, "population": 47601}, {"name": "Hickory city, North Carolina", "lat": 35.74151, "lng": -81.32276, "population": 43490}, {"name": "Holly Springs town, North Carolina", "lat": 35.65295, "lng": -78.83942, "population": 41239}, {"name": "Indian Trail town, North Carolina", "lat": 35.07171, "lng": -80.64243, "population": 39997}, {"name": "Salisbury city, North Carolina", "lat": 35.6655, "lng": -80.48893, "population": 35540}, {"name": "Monroe city, North Carolina", "lat": 35.00159, "lng": -80.56128, "population": 34562}, {"name": "Fuquay-Varina town, North Carolina", "lat": 35.60835, "lng": -78.77074, "population": 34152}, {"name": "Goldsboro city, North Carolina", "lat": 35.37823, "lng": -77.97187, "population": 33657}, {"name": "Cornelius town, North Carolina", "lat": 35.47323, "lng": -80.88133, "population": 31412}, {"name": "New Bern city, North Carolina", "lat": 35.09586, "lng": -77.07053, "population": 31291}, {"name": "Garner town, North Carolina", "lat": 35.69189, "lng": -78.6196, "population": 31159}, {"name": "Sanford city, North Carolina", "lat": 35.48713, "lng": -79.17701, "population": 30261}, {"name": "Morrisville town, North Carolina", "lat": 35.83636, "lng": -78.839, "population": 29630}, {"name": "Matthews town, North Carolina", "lat": 35.11979, "lng": -80.70969, "population": 29435}, {"name": "Statesville city, North Carolina", "lat": 35.78337, "lng": -80.87165, "population": 28419}, {"name": "Thomasville city, North Carolina", "lat": 35.88154, "lng": -80.07994, "population": 27183}, {"name": "Asheboro city, North Carolina", "lat": 35.71528, "lng": -79.81298, "population": 27156}, {"name": "Mint Hill town, North Carolina", "lat": 35.17847, "lng": -80.6557, "population": 26450}, {"name": "Kernersville town, North Carolina", "lat": 36.10634, "lng": -80.08452, "population": 26449}, {"name": "Clayton town, North Carolina", "lat": 35.65245, "lng": -78.44854, "population": 26307}, {"name": "Leland town, North Carolina", "lat": 34.21524, "lng": -78.03356, "population": 22908}, {"name": "Shelby city, North Carolina", "lat": 35.2904, "lng": -81.54564, "population": 21918}, {"name": "Carrboro town, North Carolina", "lat": 35.92623, "lng": -79.087, "population": 21295}, {"name": "Clemmons village, North Carolina", "lat": 36.03322, "lng": -80.3867, "population": 21163}, {"name": "Waxhaw town, North Carolina", "lat": 34.93747, "lng": -80.73997, "population": 20534}, {"name": "Kinston city, North Carolina", "lat": 35.2751, "lng": -77.59337, "population": 19900}, {"name": "Lexington city, North Carolina", "lat": 35.80175, "lng": -80.2682, "population": 19632}, {"name": "Knightdale town, North Carolina", "lat": 35.79173, "lng": -78.49646, "population": 19435}, {"name": "Boone town, North Carolina", "lat": 36.21384, "lng": -81.6652, "population": 19092}, {"name": "Lumberton city, North Carolina", "lat": 34.63061, "lng": -79.0186, "population": 19025}, {"name": "Harrisburg town, North Carolina", "lat": 35.30755, "lng": -80.64585, "population": 18967}, {"name": "Elizabeth City city, North Carolina", "lat": 36.29399, "lng": -76.23543, "population": 18631}, {"name": "Lenoir city, North Carolina", "lat": 35.90768, "lng": -81.52483, "population": 18352}, {"name": "Hope Mills town, North Carolina", "lat": 34.97159, "lng": -78.95969, "population": 17808}, {"name": "Mebane city, North Carolina", "lat": 36.08168, "lng": -79.27674, "population": 17797}, {"name": "Mount Holly city, North Carolina", "lat": 35.3147, "lng": -81.00266, "population": 17703}, {"name": "Pinehurst village, North Carolina", "lat": 35.19111, "lng": -79.46983, "population": 17581}, {"name": "Morganton city, North Carolina", "lat": 35.74084, "lng": -81.70035, "population": 17474}, {"name": "Graham city, North Carolina", "lat": 36.05636, "lng": -79.38944, "population": 17157}, {"name": "Havelock city, North Carolina", "lat": 34.9089, "lng": -76.89947, "population": 16621}, {"name": "Murraysville CDP, North Carolina", "lat": 34.29163, "lng": -77.84234, "population": 16582}, {"name": "Albemarle city, North Carolina", "lat": 35.36004, "lng": -80.19213, "population": 16432}, {"name": "Stallings town, North Carolina", "lat": 35.1103, "lng": -80.66012, "population": 16112}, {"name": "Southern Pines town, North Carolina", "lat": 35.19038, "lng": -79.39586, "population": 15545}, {"name": "Eden city, North Carolina", "lat": 36.50304, "lng": -79.74002, "population": 15421}, {"name": "Roanoke Rapids city, North Carolina", "lat": 36.44605, "lng": -77.64859, "population": 15229}, {"name": "Hendersonville city, North Carolina", "lat": 35.32495, "lng": -82.45674, "population": 15137}, {"name": "Davidson town, North Carolina", "lat": 35.48066, "lng": -80.82091, "population": 15106}, {"name": "Henderson city, North Carolina", "lat": 36.32604, "lng": -78.41492, "population": 15060}, {"name": "Belmont city, North Carolina", "lat": 35.22128, "lng": -81.04109, "population": 15010}, {"name": "Laurinburg city, North Carolina", "lat": 34.76214, "lng": -79.47738, "population": 14978}, {"name": "Reidsville city, North Carolina", "lat": 36.3413, "lng": -79.67383, "population": 14583}, {"name": "Piney Green CDP, North Carolina", "lat": 34.76554, "lng": -77.30103, "population": 14386}, {"name": "Anderson Creek CDP, North Carolina", "lat": 35.26384, "lng": -78.95826, "population": 13636}, {"name": "Lewisville town, North Carolina", "lat": 36.10519, "lng": -80.42455, "population": 13381}, {"name": "Weddington town, North Carolina", "lat": 35.02213, "lng": -80.73542, "population": 13181}, {"name": "Newton city, North Carolina", "lat": 35.66216, "lng": -81.23227, "population": 13148}, {"name": "Archdale city, North Carolina", "lat": 35.90472, "lng": -79.95977, "population": 11907}, {"name": "Spring Lake town, North Carolina", "lat": 35.18459, "lng": -78.99472, "population": 11660}, {"name": "Myrtle Grove CDP, North Carolina", "lat": 34.12692, "lng": -77.88891, "population": 11476}, {"name": "Lake Norman of Iredell CDP, North Carolina", "lat": 35.54431, "lng": -80.92994, "population": 11395}, {"name": "Elon town, North Carolina", "lat": 36.10116, "lng": -79.50874, "population": 11336}, {"name": "Smithfield town, North Carolina", "lat": 35.52382, "lng": -78.35222, "population": 11292}, {"name": "Kings Mountain city, North Carolina", "lat": 35.23576, "lng": -81.3504, "population": 11142}, {"name": "Lincolnton city, North Carolina", "lat": 35.47485, "lng": -81.23811, "population": 11091}, {"name": "Spout Springs CDP, North Carolina", "lat": 35.26821, "lng": -79.0356, "population": 11040}, {"name": "Summerfield town, North Carolina", "lat": 36.19691, "lng": -79.89721, "population": 10951}, {"name": "Tarboro town, North Carolina", "lat": 35.90347, "lng": -77.55894, "population": 10721}, {"name": "Mount Airy city, North Carolina", "lat": 36.50849, "lng": -80.61454, "population": 10676}, {"name": "Pineville town, North Carolina", "lat": 35.0937, "lng": -80.89352, "population": 10602}, {"name": "Winterville town, North Carolina", "lat": 35.52867, "lng": -77.40007, "population": 10462}, {"name": "Waynesville town, North Carolina", "lat": 35.48548, "lng": -82.9995, "population": 10140}, {"name": "Washington city, North Carolina", "lat": 35.55798, "lng": -77.05424, "population": 9875}, {"name": "Wendell town, North Carolina", "lat": 35.77072, "lng": -78.36898, "population": 9793}, {"name": "Hillsborough town, North Carolina", "lat": 36.0779, "lng": -79.09798, "population": 9660}, {"name": "Morehead City town, North Carolina", "lat": 34.72789, "lng": -76.73909, "population": 9556}, {"name": "Rolesville town, North Carolina", "lat": 35.9246, "lng": -78.46145, "population": 9475}, {"name": "Rockingham city, North Carolina", "lat": 34.93856, "lng": -79.76032, "population": 9243}, {"name": "Gibsonville town, North Carolina", "lat": 36.0983, "lng": -79.54202, "population": 8920}, {"name": "St. Stephens CDP, North Carolina", "lat": 35.76456, "lng": -81.27295, "population": 8852}, {"name": "Wesley Chapel village, North Carolina", "lat": 35.00584, "lng": -80.69344, "population": 8681}, {"name": "Lake Norman of Catawba CDP, North Carolina", "lat": 35.59836, "lng": -80.98754, "population": 8658}, {"name": "Oxford city, North Carolina", "lat": 36.32173, "lng": -78.58651, "population": 8628}, {"name": "Aberdeen town, North Carolina", "lat": 35.13459, "lng": -79.43545, "population": 8516}, {"name": "Kings Grant CDP, North Carolina", "lat": 34.26591, "lng": -77.861, "population": 8466}, {"name": "Dunn city, North Carolina", "lat": 35.31164, "lng": -78.61296, "population": 8446}, {"name": "Black Mountain town, North Carolina", "lat": 35.61496, "lng": -82.32786, "population": 8426}, {"name": "Conover city, North Carolina", "lat": 35.71522, "lng": -81.21683, "population": 8421}, {"name": "Butner town, North Carolina", "lat": 36.13433, "lng": -78.74068, "population": 8397}, {"name": "Oak Island town, North Carolina", "lat": 33.91328, "lng": -78.11979, "population": 8396}, {"name": "Clinton city, North Carolina", "lat": 35.00043, "lng": -78.33154, "population": 8383}, {"name": "Ogden CDP, North Carolina", "lat": 34.26343, "lng": -77.78901, "population": 8200}, {"name": "Roxboro city, North Carolina", "lat": 36.38891, "lng": -78.98065, "population": 8134}, {"name": "Fletcher town, North Carolina", "lat": 35.43286, "lng": -82.50743, "population": 7987}, {"name": "Woodfin town, North Carolina", "lat": 35.64608, "lng": -82.5944, "population": 7936}, {"name": "Brevard city, North Carolina", "lat": 35.24314, "lng": -82.72686, "population": 7744}, {"name": "Marion city, North Carolina", "lat": 35.67757, "lng": -82.00129, "population": 7717}, {"name": "Siler City town, North Carolina", "lat": 35.72611, "lng": -79.45567, "population": 7702}, {"name": "Cullowhee CDP, North Carolina", "lat": 35.30973, "lng": -83.18155, "population": 7682}, {"name": "Kill Devil Hills town, North Carolina", "lat": 36.01711, "lng": -75.67136, "population": 7656}, {"name": "Etowah CDP, North Carolina", "lat": 35.30444, "lng": -82.58868, "population": 7642}, {"name": "Half Moon CDP, North Carolina", "lat": 34.82976, "lng": -77.45913, "population": 7543}, {"name": "Oak Ridge town, North Carolina", "lat": 36.17407, "lng": -79.99223, "population": 7474}, {"name": "Porters Neck CDP, North Carolina", "lat": 34.2932, "lng": -77.77062, "population": 7397}, {"name": "Forest City town, North Carolina", "lat": 35.33471, "lng": -81.87075, "population": 7377}, {"name": "King city, North Carolina", "lat": 36.27468, "lng": -80.35686, "population": 7197}, {"name": "Mills River town, North Carolina", "lat": 35.38135, "lng": -82.5889, "population": 7078}, {"name": "Hampstead CDP, North Carolina", "lat": 34.36246, "lng": -77.75431, "population": 7016}, {"name": "Trinity city, North Carolina", "lat": 35.87679, "lng": -80.01045, "population": 7006}, {"name": "Zebulon town, North Carolina", "lat": 35.83221, "lng": -78.31699, "population": 6903}, {"name": "Unionville town, North Carolina", "lat": 35.07849, "lng": -80.51713, "population": 6643}, {"name": "Carolina Beach town, North Carolina", "lat": 34.04187, "lng": -77.89979, "population": 6564}, {"name": "St. James town, North Carolina", "lat": 33.94596, "lng": -78.11609, "population": 6529}, {"name": "Silver Lake CDP, North Carolina", "lat": 34.1423, "lng": -77.90893, "population": 6500}, {"name": "Marvin village, North Carolina", "lat": 34.99962, "lng": -80.81667, "population": 6358}, {"name": "Selma town, North Carolina", "lat": 35.53973, "lng": -78.29174, "population": 6317}, {"name": "Cherryville city, North Carolina", "lat": 35.38457, "lng": -81.37894, "population": 6078}, {"name": "Hamlet city, North Carolina", "lat": 34.8892, "lng": -79.71061, "population": 6025}, {"name": "Boiling Spring Lakes city, North Carolina", "lat": 34.04391, "lng": -78.07489, "population": 5943}, {"name": "Dallas town, North Carolina", "lat": 35.31793, "lng": -81.18318, "population": 5927}, {"name": "Stokesdale town, North Carolina", "lat": 36.22807, "lng": -79.97741, "population": 5924}, {"name": "Mocksville town, North Carolina", "lat": 35.89972, "lng": -80.56109, "population": 5900}, {"name": "East Flat Rock CDP, North Carolina", "lat": 35.281, "lng": -82.41656, "population": 5757}, {"name": "Westport CDP, North Carolina", "lat": 35.49726, "lng": -80.97686, "population": 5705}, {"name": "Walkertown town, North Carolina", "lat": 36.14927, "lng": -80.16905, "population": 5692}, {"name": "Nashville town, North Carolina", "lat": 35.96923, "lng": -77.95673, "population": 5632}, {"name": "Wrightsboro CDP, North Carolina", "lat": 34.28756, "lng": -77.93012, "population": 5526}, {"name": "Bessemer City city, North Carolina", "lat": 35.28433, "lng": -81.28288, "population": 5428}, {"name": "Cramerton town, North Carolina", "lat": 35.23537, "lng": -81.07426, "population": 5296}, {"name": "James City CDP, North Carolina", "lat": 35.04537, "lng": -76.9981, "population": 5291}, {"name": "Angier town, North Carolina", "lat": 35.5119, "lng": -78.73995, "population": 5265}, {"name": "Williamston town, North Carolina", "lat": 35.84654, "lng": -77.06608, "population": 5248}, {"name": "Moyock CDP, North Carolina", "lat": 36.5012, "lng": -76.17333, "population": 5154}, {"name": "Briar Chapel CDP, North Carolina", "lat": 35.82416, "lng": -79.11683, "population": 5108}, {"name": "Long View town, North Carolina", "lat": 35.72309, "lng": -81.38547, "population": 5088}, {"name": "Swannanoa CDP, North Carolina", "lat": 35.60078, "lng": -82.38717, "population": 5021}, {"name": "Sawmills town, North Carolina", "lat": 35.81759, "lng": -81.47633, "population": 5020}, {"name": "Wadesboro town, North Carolina", "lat": 34.96383, "lng": -80.07469, "population": 5008}, {"name": "Pleasant Garden town, North Carolina", "lat": 35.95204, "lng": -79.7547, "population": 5000}, {"name": "Whispering Pines village, North Carolina", "lat": 35.24817, "lng": -79.37192, "population": 4987}, {"name": "Ayden town, North Carolina", "lat": 35.46935, "lng": -77.41664, "population": 4977}, {"name": "Granite Falls town, North Carolina", "lat": 35.79724, "lng": -81.42435, "population": 4965}, {"name": "Seven Lakes CDP, North Carolina", "lat": 35.26426, "lng": -79.58603, "population": 4900}, {"name": "Ahoskie town, North Carolina", "lat": 36.28413, "lng": -76.9901, "population": 4891}, {"name": "Creedmoor city, North Carolina", "lat": 36.12503, "lng": -78.67795, "population": 4866}, {"name": "Archer Lodge town, North Carolina", "lat": 35.68234, "lng": -78.37037, "population": 4797}, {"name": "Whiteville city, North Carolina", "lat": 34.33058, "lng": -78.70136, "population": 4766}, {"name": "Midway town, North Carolina", "lat": 35.97514, "lng": -80.22045, "population": 4742}, {"name": "Lillington town, North Carolina", "lat": 35.40071, "lng": -78.81214, "population": 4735}, {"name": "Valdese town, North Carolina", "lat": 35.75554, "lng": -81.57267, "population": 4689}, {"name": "Midland town, North Carolina", "lat": 35.24506, "lng": -80.52122, "population": 4684}, {"name": "Boiling Springs town, North Carolina", "lat": 35.25205, "lng": -81.6636, "population": 4615}, {"name": "Randleman city, North Carolina", "lat": 35.81592, "lng": -79.80766, "population": 4595}, {"name": "Carolina Shores town, North Carolina", "lat": 33.90795, "lng": -78.57311, "population": 4588}, {"name": "Weaverville town, North Carolina", "lat": 35.69932, "lng": -82.55572, "population": 4567}, {"name": "Raeford city, North Carolina", "lat": 34.9813, "lng": -79.22957, "population": 4559}, {"name": "Erwin town, North Carolina", "lat": 35.32222, "lng": -78.67353, "population": 4542}, {"name": "Locust city, North Carolina", "lat": 35.26881, "lng": -80.43686, "population": 4537}, {"name": "Pittsboro town, North Carolina", "lat": 35.72591, "lng": -79.17215, "population": 4537}, {"name": "Ranlo town, North Carolina", "lat": 35.28995, "lng": -81.12917, "population": 4511}, {"name": "Bethlehem CDP, North Carolina", "lat": 35.81753, "lng": -81.30076, "population": 4491}, {"name": "Beaufort town, North Carolina", "lat": 34.72271, "lng": -76.65117, "population": 4464}, {"name": "Farmville town, North Carolina", "lat": 35.59503, "lng": -77.59062, "population": 4461}, {"name": "Edenton town, North Carolina", "lat": 36.05857, "lng": -76.59898, "population": 4460}, {"name": "China Grove town, North Carolina", "lat": 35.57197, "lng": -80.57906, "population": 4434}, {"name": "Canton town, North Carolina", "lat": 35.53888, "lng": -82.84857, "population": 4422}, {"name": "North Wilkesboro town, North Carolina", "lat": 36.17283, "lng": -81.13893, "population": 4382}, {"name": "Newport town, North Carolina", "lat": 34.7707, "lng": -76.87908, "population": 4364}, {"name": "Spindale town, North Carolina", "lat": 35.35969, "lng": -81.92319, "population": 4225}, {"name": "Forest Oaks CDP, North Carolina", "lat": 35.98846, "lng": -79.70803, "population": 4209}, {"name": "Mount Olive town, North Carolina", "lat": 35.19965, "lng": -78.06626, "population": 4198}, {"name": "Shallotte town, North Carolina", "lat": 33.97557, "lng": -78.37682, "population": 4185}, {"name": "Franklin town, North Carolina", "lat": 35.17942, "lng": -83.38069, "population": 4175}, {"name": "Sunset Beach town, North Carolina", "lat": 33.89482, "lng": -78.50498, "population": 4175}, {"name": "Holly Ridge town, North Carolina", "lat": 34.48423, "lng": -77.55327, "population": 4171}, {"name": "Welcome CDP, North Carolina", "lat": 35.90662, "lng": -80.25477, "population": 4131}, {"name": "Royal Pines CDP, North Carolina", "lat": 35.47882, "lng": -82.50231, "population": 4127}, {"name": "Elkin town, North Carolina", "lat": 36.26337, "lng": -80.84711, "population": 4122}, {"name": "Trent Woods town, North Carolina", "lat": 35.08201, "lng": -77.09196, "population": 4074}, {"name": "Wingate town, North Carolina", "lat": 34.986, "lng": -80.44832, "population": 4055}, {"name": "River Road CDP, North Carolina", "lat": 35.5084, "lng": -76.98711, "population": 4048}, {"name": "Southport city, North Carolina", "lat": 33.93333, "lng": -78.00846, "population": 3971}, {"name": "Benson town, North Carolina", "lat": 35.38709, "lng": -78.54087, "population": 3967}, {"name": "Stanley town, North Carolina", "lat": 35.35545, "lng": -81.09444, "population": 3963}, {"name": "Surf City town, North Carolina", "lat": 34.43733, "lng": -77.53494, "population": 3867}, {"name": "Emerald Isle town, North Carolina", "lat": 34.66443, "lng": -77.03137, "population": 3847}, {"name": "Northchase CDP, North Carolina", "lat": 34.30782, "lng": -77.87749, "population": 3842}, {"name": "Bayshore CDP, North Carolina", "lat": 34.28867, "lng": -77.8038, "population": 3833}, {"name": "Tabor City town, North Carolina", "lat": 34.1545, "lng": -78.87318, "population": 3781}, {"name": "Hudson town, North Carolina", "lat": 35.84774, "lng": -81.48671, "population": 3780}, {"name": "Elroy CDP, North Carolina", "lat": 35.33077, "lng": -77.92256, "population": 3755}, {"name": "Tyro CDP, North Carolina", "lat": 35.79971, "lng": -80.37645, "population": 3753}, {"name": "Swansboro town, North Carolina", "lat": 34.69358, "lng": -77.13427, "population": 3744}, {"name": "Maiden town, North Carolina", "lat": 35.58494, "lng": -81.22443, "population": 3736}, {"name": "Gamewell town, North Carolina", "lat": 35.86398, "lng": -81.59781, "population": 3702}, {"name": "Troutman town, North Carolina", "lat": 35.7013, "lng": -80.90379, "population": 3698}, {"name": "Landis town, North Carolina", "lat": 35.54786, "lng": -80.61225, "population": 3690}, {"name": "Kitty Hawk town, North Carolina", "lat": 36.07012, "lng": -75.71722, "population": 3689}, {"name": "Wilkesboro town, North Carolina", "lat": 36.14243, "lng": -81.17421, "population": 3687}, {"name": "Dana CDP, North Carolina", "lat": 35.3206, "lng": -82.36109, "population": 3683}, {"name": "Jamestown town, North Carolina", "lat": 35.99844, "lng": -79.93466, "population": 3668}, {"name": "Eastover town, North Carolina", "lat": 35.09527, "lng": -78.78623, "population": 3656}, {"name": "Lowell city, North Carolina", "lat": 35.26871, "lng": -81.10114, "population": 3654}, {"name": "Rutherfordton town, North Carolina", "lat": 35.36418, "lng": -81.96131, "population": 3640}, {"name": "Mountain View CDP, North Carolina", "lat": 35.6831, "lng": -81.36895, "population": 3590}, {"name": "Windsor town, North Carolina", "lat": 35.99302, "lng": -76.93992, "population": 3582}, {"name": "Brices Creek CDP, North Carolina", "lat": 35.03696, "lng": -77.08192, "population": 3542}, {"name": "Mountain Home CDP, North Carolina", "lat": 35.37032, "lng": -82.50197, "population": 3490}, {"name": "Flat Rock village, North Carolina", "lat": 35.26684, "lng": -82.45162, "population": 3486}, {"name": "East Rockingham CDP, North Carolina", "lat": 34.91188, "lng": -79.76484, "population": 3471}, {"name": "Fairview town, North Carolina", "lat": 35.15598, "lng": -80.52439, "population": 3456}, {"name": "Wallace town, North Carolina", "lat": 34.73821, "lng": -77.99068, "population": 3413}, {"name": "Lake Royale CDP, North Carolina", "lat": 35.96489, "lng": -78.19223, "population": 3392}, {"name": "Rockfish CDP, North Carolina", "lat": 34.99056, "lng": -79.07006, "population": 3383}, {"name": "Rural Hall town, North Carolina", "lat": 36.2245, "lng": -80.29691, "population": 3351}, {"name": "Red Oak town, North Carolina", "lat": 36.06128, "lng": -77.90376, "population": 3342}, {"name": "Plymouth town, North Carolina", "lat": 35.85854, "lng": -76.7482, "population": 3320}, {"name": "Spencer town, North Carolina", "lat": 35.69895, "lng": -80.42635, "population": 3308}, {"name": "Elizabethtown town, North Carolina", "lat": 34.62256, "lng": -78.60801, "population": 3296}, {"name": "Lowesville CDP, North Carolina", "lat": 35.42452, "lng": -81.00518, "population": 3281}, {"name": "Lake Park village, North Carolina", "lat": 35.08449, "lng": -80.63437, "population": 3269}, {"name": "Buies Creek CDP, North Carolina", "lat": 35.40785, "lng": -78.74318, "population": 3253}, {"name": "Glen Raven CDP, North Carolina", "lat": 36.12548, "lng": -79.46476, "population": 3239}, {"name": "Lake Junaluska CDP, North Carolina", "lat": 35.53021, "lng": -82.97277, "population": 3219}, {"name": "Mar-Mac CDP, North Carolina", "lat": 35.33084, "lng": -78.05699, "population": 3184}, {"name": "Nags Head town, North Carolina", "lat": 35.94753, "lng": -75.62569, "population": 3168}, {"name": "Mineral Springs town, North Carolina", "lat": 34.94424, "lng": -80.68637, "population": 3159}, {"name": "Green Level town, North Carolina", "lat": 36.12276, "lng": -79.34499, "population": 3152}, {"name": "Bermuda Run town, North Carolina", "lat": 36.00428, "lng": -80.42907, "population": 3120}, {"name": "Southern Shores town, North Carolina", "lat": 36.11675, "lng": -75.733, "population": 3090}, {"name": "Burgaw town, North Carolina", "lat": 34.55147, "lng": -77.92301, "population": 3088}, {"name": "Red Springs town, North Carolina", "lat": 34.80615, "lng": -79.18111, "population": 3087}, {"name": "Louisburg town, North Carolina", "lat": 36.09872, "lng": -78.30077, "population": 3064}, {"name": "Wallburg town, North Carolina", "lat": 36.01315, "lng": -80.16693, "population": 3051}, {"name": "Yadkinville town, North Carolina", "lat": 36.13156, "lng": -80.65933, "population": 2995}, {"name": "Granite Quarry town, North Carolina", "lat": 35.61299, "lng": -80.44878, "population": 2984}, {"name": "Skippers Corner CDP, North Carolina", "lat": 34.32672, "lng": -77.91463, "population": 2912}, {"name": "River Bend town, North Carolina", "lat": 35.06891, "lng": -77.14993, "population": 2902}, {"name": "Enochville CDP, North Carolina", "lat": 35.52018, "lng": -80.66578, "population": 2893}, {"name": "Troy town, North Carolina", "lat": 35.36463, "lng": -79.89185, "population": 2850}, {"name": "Pembroke town, North Carolina", "lat": 34.67663, "lng": -79.1934, "population": 2823}, {"name": "Grandy CDP, North Carolina", "lat": 36.23521, "lng": -75.87982, "population": 2776}, {"name": "Carthage town, North Carolina", "lat": 35.32227, "lng": -79.41093, "population": 2775}, {"name": "Fairview CDP, North Carolina", "lat": 35.52252, "lng": -82.40131, "population": 2771}, {"name": "Fairfield Harbour CDP, North Carolina", "lat": 35.06951, "lng": -76.95838, "population": 2767}, {"name": "South Rosemary CDP, North Carolina", "lat": 36.45336, "lng": -77.71342, "population": 2753}, {"name": "Warsaw town, North Carolina", "lat": 34.99958, "lng": -78.09273, "population": 2733}, {"name": "Cajah's Mountain town, North Carolina", "lat": 35.85071, "lng": -81.53619, "population": 2722}, {"name": "Denver CDP, North Carolina", "lat": 35.54555, "lng": -81.04471, "population": 2697}, {"name": "Wentworth town, North Carolina", "lat": 36.40117, "lng": -79.75691, "population": 2662}, {"name": "Liberty town, North Carolina", "lat": 35.85503, "lng": -79.56931, "population": 2655}, {"name": "Murfreesboro town, North Carolina", "lat": 36.44197, "lng": -77.09766, "population": 2619}, {"name": "La Grange town, North Carolina", "lat": 35.30652, "lng": -77.78991, "population": 2595}, {"name": "Sylva town, North Carolina", "lat": 35.37543, "lng": -83.21848, "population": 2578}, {"name": "Tobaccoville village, North Carolina", "lat": 36.2256, "lng": -80.35885, "population": 2578}, {"name": "Fearrington Village CDP, North Carolina", "lat": 35.79832, "lng": -79.07902, "population": 2557}, {"name": "Sneads Ferry CDP, North Carolina", "lat": 34.55522, "lng": -77.37757, "population": 2548}, {"name": "Wilson's Mills town, North Carolina", "lat": 35.58615, "lng": -78.36299, "population": 2534}, {"name": "Marshville town, North Carolina", "lat": 34.98624, "lng": -80.36898, "population": 2522}, {"name": "Brogden CDP, North Carolina", "lat": 35.29558, "lng": -78.02938, "population": 2510}, {"name": "Wrightsville Beach town, North Carolina", "lat": 34.21299, "lng": -77.79792, "population": 2473}, {"name": "Franklinton town, North Carolina", "lat": 36.10114, "lng": -78.45508, "population": 2456}, {"name": "Icard CDP, North Carolina", "lat": 35.72547, "lng": -81.45847, "population": 2452}, {"name": "Grifton town, North Carolina", "lat": 35.38004, "lng": -77.44248, "population": 2448}, {"name": "Swepsonville town, North Carolina", "lat": 36.02878, "lng": -79.3561, "population": 2445}, {"name": "Horse Shoe CDP, North Carolina", "lat": 35.33239, "lng": -82.5627, "population": 2430}, {"name": "Mayodan town, North Carolina", "lat": 36.42257, "lng": -79.9689, "population": 2418}, {"name": "Belville town, North Carolina", "lat": 34.21675, "lng": -77.9988, "population": 2406}, {"name": "Edneyville CDP, North Carolina", "lat": 35.40256, "lng": -82.33429, "population": 2395}, {"name": "Norwood town, North Carolina", "lat": 35.23281, "lng": -80.11078, "population": 2367}, {"name": "Salem CDP, North Carolina", "lat": 35.69973, "lng": -81.7003, "population": 2356}, {"name": "Taylorsville town, North Carolina", "lat": 35.91678, "lng": -81.17595, "population": 2320}, {"name": "Jonesville town, North Carolina", "lat": 36.23528, "lng": -80.83368, "population": 2308}, {"name": "Rockwell town, North Carolina", "lat": 35.55377, "lng": -80.40703, "population": 2302}, {"name": "Richlands town, North Carolina", "lat": 34.90029, "lng": -77.54275, "population": 2287}, {"name": "Mulberry CDP, North Carolina", "lat": 36.22572, "lng": -81.16524, "population": 2275}, {"name": "Fruitland CDP, North Carolina", "lat": 35.39778, "lng": -82.42126, "population": 2257}, {"name": "Haw River town, North Carolina", "lat": 36.09483, "lng": -79.36195, "population": 2252}, {"name": "Laurel Park town, North Carolina", "lat": 35.31155, "lng": -82.50577, "population": 2250}, {"name": "Polkton town, North Carolina", "lat": 35.00305, "lng": -80.19631, "population": 2250}, {"name": "Sea Breeze CDP, North Carolina", "lat": 34.0675, "lng": -77.89229, "population": 2245}, {"name": "Avery Creek CDP, North Carolina", "lat": 35.46508, "lng": -82.57185, "population": 2241}, {"name": "Cape Carteret town, North Carolina", "lat": 34.69432, "lng": -77.0602, "population": 2224}, {"name": "Valley Hill CDP, North Carolina", "lat": 35.2939, "lng": -82.49268, "population": 2207}, {"name": "Cherokee CDP, North Carolina", "lat": 35.48595, "lng": -83.30109, "population": 2195}, {"name": "Spruce Pine town, North Carolina", "lat": 35.91044, "lng": -82.073, "population": 2194}, {"name": "Fairmont town, North Carolina", "lat": 34.49476, "lng": -79.1132, "population": 2191}, {"name": "Kure Beach town, North Carolina", "lat": 33.99934, "lng": -77.90758, "population": 2191}, {"name": "Emma CDP, North Carolina", "lat": 35.60197, "lng": -82.59577, "population": 2174}, {"name": "Four Oaks town, North Carolina", "lat": 35.45063, "lng": -78.41855, "population": 2158}, {"name": "Coats town, North Carolina", "lat": 35.40693, "lng": -78.66843, "population": 2155}, {"name": "Madison town, North Carolina", "lat": 36.39398, "lng": -79.97598, "population": 2129}, {"name": "Oakboro town, North Carolina", "lat": 35.22833, "lng": -80.33397, "population": 2128}, {"name": "Maxton town, North Carolina", "lat": 34.7365, "lng": -79.35273, "population": 2110}, {"name": "Neuse Forest CDP, North Carolina", "lat": 34.96506, "lng": -76.94433, "population": 2110}, {"name": "Pine Level town, North Carolina", "lat": 35.50301, "lng": -78.24928, "population": 2046}, {"name": "St. Pauls town, North Carolina", "lat": 34.80871, "lng": -78.97491, "population": 2045}, {"name": "Fairplains CDP, North Carolina", "lat": 36.19293, "lng": -81.15153, "population": 2029}, {"name": "Badin town, North Carolina", "lat": 35.40715, "lng": -80.11834, "population": 2024}, {"name": "Youngsville town, North Carolina", "lat": 36.02111, "lng": -78.48726, "population": 2016}, {"name": "Calabash town, North Carolina", "lat": 33.89256, "lng": -78.55729, "population": 2011}, {"name": "Mars Hill town, North Carolina", "lat": 35.82819, "lng": -82.54882, "population": 2007}, {"name": "Governors Club CDP, North Carolina", "lat": 35.84215, "lng": -79.04751, "population": 1969}, {"name": "Broad Creek CDP, North Carolina", "lat": 34.73411, "lng": -76.91903, "population": 1968}, {"name": "Cricket CDP, North Carolina", "lat": 36.16884, "lng": -81.1934, "population": 1966}, {"name": "Yanceyville town, North Carolina", "lat": 36.4102, "lng": -79.32936, "population": 1937}, {"name": "Hertford town, North Carolina", "lat": 36.17685, "lng": -76.46655, "population": 1934}, {"name": "Millers Creek CDP, North Carolina", "lat": 36.19087, "lng": -81.23555, "population": 1931}, {"name": "Plain View CDP, North Carolina", "lat": 35.24399, "lng": -78.56023, "population": 1923}, {"name": "Enfield town, North Carolina", "lat": 36.17992, "lng": -77.66902, "population": 1865}, {"name": "Pumpkin Center CDP, North Carolina", "lat": 34.78603, "lng": -77.36418, "population": 1855}, {"name": "Biscoe town, North Carolina", "lat": 35.35852, "lng": -79.78152, "population": 1848}, {"name": "Sparta town, North Carolina", "lat": 36.50298, "lng": -81.1226, "population": 1834}, {"name": "Nebo CDP, North Carolina", "lat": 35.71582, "lng": -81.91389, "population": 1790}, {"name": "Ramseur town, North Carolina", "lat": 35.73706, "lng": -79.65477, "population": 1774}, {"name": "Cedar Point town, North Carolina", "lat": 34.68576, "lng": -77.08152, "population": 1764}, {"name": "Drexel town, North Carolina", "lat": 35.75684, "lng": -81.60876, "population": 1760}, {"name": "Moravian Falls CDP, North Carolina", "lat": 36.1074, "lng": -81.18043, "population": 1712}, {"name": "Sharpsburg town, North Carolina", "lat": 35.86635, "lng": -77.83055, "population": 1697}, {"name": "Claremont city, North Carolina", "lat": 35.70944, "lng": -81.15472, "population": 1692}, {"name": "Maggie Valley town, North Carolina", "lat": 35.51862, "lng": -83.08417, "population": 1687}, {"name": "Hildebran town, North Carolina", "lat": 35.7182, "lng": -81.42103, "population": 1679}, {"name": "Mount Pleasant town, North Carolina", "lat": 35.39427, "lng": -80.43183, "population": 1671}, {"name": "Saxapahaw CDP, North Carolina", "lat": 35.96075, "lng": -79.31617, "population": 1671}, {"name": "Andrews town, North Carolina", "lat": 35.19937, "lng": -83.82581, "population": 1667}, {"name": "Cordova CDP, North Carolina", "lat": 34.91472, "lng": -79.81578, "population": 1653}, {"name": "Bladenboro town, North Carolina", "lat": 34.54087, "lng": -78.79466, "population": 1648}, {"name": "Scotland Neck town, North Carolina", "lat": 36.1308, "lng": -77.42138, "population": 1640}, {"name": "Jefferson town, North Carolina", "lat": 36.42055, "lng": -81.46826, "population": 1622}, {"name": "Burnsville town, North Carolina", "lat": 35.91631, "lng": -82.2977, "population": 1614}, {"name": "Hemby Bridge town, North Carolina", "lat": 35.10872, "lng": -80.62489, "population": 1614}, {"name": "Murphy town, North Carolina", "lat": 35.09433, "lng": -84.0249, "population": 1608}, {"name": "Manteo town, North Carolina", "lat": 35.8986, "lng": -75.65128, "population": 1600}, {"name": "Hays CDP, North Carolina", "lat": 36.24689, "lng": -81.11416, "population": 1595}, {"name": "New Hope CDP, North Carolina", "lat": 35.37823, "lng": -77.8922, "population": 1588}, {"name": "Walnut Cove town, North Carolina", "lat": 36.29354, "lng": -80.1409, "population": 1586}, {"name": "Stanfield town, North Carolina", "lat": 35.23373, "lng": -80.43022, "population": 1585}, {"name": "Chadbourn town, North Carolina", "lat": 34.32516, "lng": -78.82499, "population": 1574}, {"name": "East Spencer town, North Carolina", "lat": 35.68155, "lng": -80.42272, "population": 1567}, {"name": "Southmont CDP, North Carolina", "lat": 35.65043, "lng": -80.27603, "population": 1563}, {"name": "Tryon town, North Carolina", "lat": 35.20881, "lng": -82.2379, "population": 1562}, {"name": "Bryson City town, North Carolina", "lat": 35.42661, "lng": -83.44727, "population": 1558}, {"name": "Northlakes CDP, North Carolina", "lat": 35.78052, "lng": -81.36783, "population": 1543}, {"name": "Connelly Springs town, North Carolina", "lat": 35.75499, "lng": -81.49705, "population": 1529}, {"name": "Glen Alpine town, North Carolina", "lat": 35.73074, "lng": -81.78258, "population": 1529}, {"name": "Wanchese CDP, North Carolina", "lat": 35.84019, "lng": -75.64166, "population": 1522}, {"name": "Governors Village CDP, North Carolina", "lat": 35.85302, "lng": -79.02554, "population": 1512}, {"name": "Advance CDP, North Carolina", "lat": 35.94583, "lng": -80.39217, "population": 1499}, {"name": "Denton town, North Carolina", "lat": 35.63799, "lng": -80.1102, "population": 1494}, {"name": "Kenly town, North Carolina", "lat": 35.60077, "lng": -78.12793, "population": 1491}, {"name": "Snow Hill town, North Carolina", "lat": 35.45053, "lng": -77.67678, "population": 1481}, {"name": "Rocky Point CDP, North Carolina", "lat": 34.44405, "lng": -77.89091, "population": 1476}, {"name": "Pinebluff town, North Carolina", "lat": 35.10894, "lng": -79.47155, "population": 1473}, {"name": "Dobson town, North Carolina", "lat": 36.39264, "lng": -80.72374, "population": 1462}, {"name": "Foscoe CDP, North Carolina", "lat": 36.15228, "lng": -81.77647, "population": 1457}, {"name": "Weldon town, North Carolina", "lat": 36.424, "lng": -77.61299, "population": 1444}, {"name": "Pilot Mountain town, North Carolina", "lat": 36.38394, "lng": -80.47422, "population": 1440}, {"name": "Toast CDP, North Carolina", "lat": 36.49668, "lng": -80.63545, "population": 1423}, {"name": "Belhaven town, North Carolina", "lat": 35.54296, "lng": -76.62311, "population": 1410}, {"name": "Biltmore Forest town, North Carolina", "lat": 35.53495, "lng": -82.53794, "population": 1409}, {"name": "Maury CDP, North Carolina", "lat": 35.4792, "lng": -77.59022, "population": 1404}, {"name": "Bent Creek CDP, North Carolina", "lat": 35.51111, "lng": -82.61699, "population": 1402}, {"name": "Pine Knoll Shores town, North Carolina", "lat": 34.69721, "lng": -76.83191, "population": 1388}, {"name": "Vander CDP, North Carolina", "lat": 35.03827, "lng": -78.78538, "population": 1388}, {"name": "Blowing Rock town, North Carolina", "lat": 36.12918, "lng": -81.66633, "population": 1376}, {"name": "Bethel town, North Carolina", "lat": 35.80722, "lng": -77.37625, "population": 1373}, {"name": "Rose Hill town, North Carolina", "lat": 34.82604, "lng": -78.02594, "population": 1371}, {"name": "Clyde town, North Carolina", "lat": 35.53308, "lng": -82.91081, "population": 1368}, {"name": "Navassa town, North Carolina", "lat": 34.28338, "lng": -78.03873, "population": 1367}, {"name": "Lake Lure town, North Carolina", "lat": 35.44838, "lng": -82.2022, "population": 1365}, {"name": "Atlantic Beach town, North Carolina", "lat": 34.70159, "lng": -76.74088, "population": 1364}, {"name": "Balfour CDP, North Carolina", "lat": 35.35264, "lng": -82.48875, "population": 1335}, {"name": "Flat Rock CDP, North Carolina", "lat": 36.508, "lng": -80.58218, "population": 1326}, {"name": "Princeton town, North Carolina", "lat": 35.46705, "lng": -78.16128, "population": 1315}, {"name": "Spring Hope town, North Carolina", "lat": 35.94413, "lng": -78.10897, "population": 1309}, {"name": "Stoneville town, North Carolina", "lat": 36.46531, "lng": -79.90635, "population": 1308}, {"name": "Lake Waccamaw town, North Carolina", "lat": 34.31822, "lng": -78.51119, "population": 1296}, {"name": "Foxfire village, North Carolina", "lat": 35.17849, "lng": -79.56298, "population": 1288}, {"name": "West Jefferson town, North Carolina", "lat": 36.39522, "lng": -81.4905, "population": 1279}, {"name": "Stedman town, North Carolina", "lat": 35.01348, "lng": -78.70012, "population": 1277}, {"name": "Robersonville town, North Carolina", "lat": 35.8247, "lng": -77.25329, "population": 1269}, {"name": "Broadway town, North Carolina", "lat": 35.45729, "lng": -79.05716, "population": 1267}, {"name": "West Canton CDP, North Carolina", "lat": 35.53839, "lng": -82.86708, "population": 1265}, {"name": "Cypress Landing CDP, North Carolina", "lat": 35.49757, "lng": -77.05468, "population": 1257}, {"name": "Princeville town, North Carolina", "lat": 35.88919, "lng": -77.52892, "population": 1254}, {"name": "Barker Heights CDP, North Carolina", "lat": 35.30844, "lng": -82.44118, "population": 1249}, {"name": "Castle Hayne CDP, North Carolina", "lat": 34.35551, "lng": -77.90989, "population": 1243}, {"name": "Rutherford College town, North Carolina", "lat": 35.75157, "lng": -81.52701, "population": 1226}, {"name": "West Marion CDP, North Carolina", "lat": 35.65241, "lng": -82.01896, "population": 1226}, {"name": "Elm City town, North Carolina", "lat": 35.80404, "lng": -77.85668, "population": 1218}, {"name": "Cherry Branch CDP, North Carolina", "lat": 34.93432, "lng": -76.8112, "population": 1211}, {"name": "Springdale CDP, North Carolina", "lat": 35.29029, "lng": -81.14529, "population": 1203}, {"name": "Pinetops town, North Carolina", "lat": 35.79126, "lng": -77.63781, "population": 1200}, {"name": "Franklinville town, North Carolina", "lat": 35.73942, "lng": -79.68422, "population": 1197}, {"name": "Fremont town, North Carolina", "lat": 35.54369, "lng": -77.97513, "population": 1196}, {"name": "Boonville town, North Carolina", "lat": 36.23396, "lng": -80.70932, "population": 1185}, {"name": "Buxton CDP, North Carolina", "lat": 35.25329, "lng": -75.53831, "population": 1181}, {"name": "Mount Gilead town, North Carolina", "lat": 35.21636, "lng": -80.00501, "population": 1171}, {"name": "Robbins town, North Carolina", "lat": 35.42772, "lng": -79.58293, "population": 1168}, {"name": "Roseboro town, North Carolina", "lat": 34.95573, "lng": -78.51413, "population": 1163}, {"name": "Bayboro town, North Carolina", "lat": 35.14927, "lng": -76.76935, "population": 1161}, {"name": "Brandywine Bay CDP, North Carolina", "lat": 34.74038, "lng": -76.83002, "population": 1153}, {"name": "Stony Point CDP, North Carolina", "lat": 35.86781, "lng": -81.04412, "population": 1146}, {"name": "Harkers Island CDP, North Carolina", "lat": 34.69804, "lng": -76.55555, "population": 1127}, {"name": "Laurel Hill CDP, North Carolina", "lat": 34.80953, "lng": -79.54546, "population": 1121}, {"name": "Beulaville town, North Carolina", "lat": 34.92278, "lng": -77.77132, "population": 1116}, {"name": "McLeansville CDP, North Carolina", "lat": 36.09755, "lng": -79.65475, "population": 1113}, {"name": "Gorman CDP, North Carolina", "lat": 36.04178, "lng": -78.80687, "population": 1104}, {"name": "Walnut Creek village, North Carolina", "lat": 35.30937, "lng": -77.87472, "population": 1084}, {"name": "Dortches town, North Carolina", "lat": 36.01142, "lng": -77.85723, "population": 1082}, {"name": "Hoopers Creek CDP, North Carolina", "lat": 35.44492, "lng": -82.43562, "population": 1074}, {"name": "Highlands town, North Carolina", "lat": 35.05385, "lng": -83.19758, "population": 1072}, {"name": "Jackson Heights CDP, North Carolina", "lat": 35.22362, "lng": -77.63327, "population": 1071}, {"name": "Cove Creek CDP, North Carolina", "lat": 36.28739, "lng": -81.78637, "population": 1068}, {"name": "Columbus town, North Carolina", "lat": 35.25117, "lng": -82.20979, "population": 1060}, {"name": "Banner Elk town, North Carolina", "lat": 36.1587, "lng": -81.86756, "population": 1049}, {"name": "Lucama town, North Carolina", "lat": 35.64483, "lng": -78.00744, "population": 1036}, {"name": "White Plains CDP, North Carolina", "lat": 36.44377, "lng": -80.649, "population": 1025}, {"name": "Gaston town, North Carolina", "lat": 36.49523, "lng": -77.64642, "population": 1008}, {"name": "North Topsail Beach town, North Carolina", "lat": 34.4885, "lng": -77.43754, "population": 1005}, {"name": "Rougemont CDP, North Carolina", "lat": 36.21337, "lng": -78.91089, "population": 1001}, {"name": "Rhodhiss town, North Carolina", "lat": 35.76554, "lng": -81.43224, "population": 997}, {"name": "Frisco CDP, North Carolina", "lat": 35.24786, "lng": -75.59873, "population": 994}, {"name": "Alamance village, North Carolina", "lat": 36.02776, "lng": -79.48898, "population": 988}, {"name": "South Henderson CDP, North Carolina", "lat": 36.3033, "lng": -78.40595, "population": 988}, {"name": "Brunswick town, North Carolina", "lat": 34.2908, "lng": -78.70479, "population": 973}, {"name": "Five Points CDP, North Carolina", "lat": 35.0154, "lng": -79.35127, "population": 961}, {"name": "Stem town, North Carolina", "lat": 36.19824, "lng": -78.71805, "population": 960}, {"name": "Vass town, North Carolina", "lat": 35.25388, "lng": -79.28464, "population": 952}, {"name": "Cooleemee town, North Carolina", "lat": 35.81124, "lng": -80.55692, "population": 940}, {"name": "Barker Ten Mile CDP, North Carolina", "lat": 34.68252, "lng": -78.98885, "population": 937}, {"name": "Holden Beach town, North Carolina", "lat": 33.91199, "lng": -78.32077, "population": 921}, {"name": "Norlina town, North Carolina", "lat": 36.44499, "lng": -78.19502, "population": 920}, {"name": "Middlesex town, North Carolina", "lat": 35.78938, "lng": -78.20481, "population": 912}, {"name": "Woodlawn CDP, North Carolina", "lat": 36.11796, "lng": -79.29592, "population": 912}, {"name": "Garysburg town, North Carolina", "lat": 36.44785, "lng": -77.56038, "population": 904}, {"name": "Montreat town, North Carolina", "lat": 35.64804, "lng": -82.29916, "population": 901}, {"name": "Rich Square town, North Carolina", "lat": 36.27394, "lng": -77.28391, "population": 894}, {"name": "McAdenville town, North Carolina", "lat": 35.26541, "lng": -81.07992, "population": 890}, {"name": "Rowland town, North Carolina", "lat": 34.53607, "lng": -79.29285, "population": 885}, {"name": "Oriental town, North Carolina", "lat": 35.03095, "lng": -76.68084, "population": 880}, {"name": "Prospect CDP, North Carolina", "lat": 34.73581, "lng": -79.22516, "population": 873}, {"name": "Vanceboro town, North Carolina", "lat": 35.30306, "lng": -77.1567, "population": 869}, {"name": "Ocean Isle Beach town, North Carolina", "lat": 33.88761, "lng": -78.46208, "population": 867}, {"name": "Ellerbe town, North Carolina", "lat": 35.0695, "lng": -79.75699, "population": 864}, {"name": "Belwood town, North Carolina", "lat": 35.48434, "lng": -81.52744, "population": 857}, {"name": "Efland CDP, North Carolina", "lat": 36.08039, "lng": -79.17134, "population": 852}, {"name": "Warrenton town, North Carolina", "lat": 36.39864, "lng": -78.15726, "population": 851}, {"name": "Cleveland town, North Carolina", "lat": 35.73307, "lng": -80.68168, "population": 846}, {"name": "White Lake town, North Carolina", "lat": 34.65023, "lng": -78.49111, "population": 843}, {"name": "Avon CDP, North Carolina", "lat": 35.33665, "lng": -75.51206, "population": 832}, {"name": "Magnolia town, North Carolina", "lat": 34.89625, "lng": -78.05328, "population": 831}, {"name": "Pleasant Hill CDP, North Carolina", "lat": 36.25404, "lng": -80.89462, "population": 831}, {"name": "Dudley CDP, North Carolina", "lat": 35.26519, "lng": -78.04049, "population": 826}, {"name": "Iron Station CDP, North Carolina", "lat": 35.45394, "lng": -81.15471, "population": 825}, {"name": "Faith town, North Carolina", "lat": 35.58999, "lng": -80.4583, "population": 819}, {"name": "Maysville town, North Carolina", "lat": 34.90711, "lng": -77.23198, "population": 818}, {"name": "Mamers CDP, North Carolina", "lat": 35.41131, "lng": -78.93661, "population": 814}, {"name": "Candor town, North Carolina", "lat": 35.29639, "lng": -79.73252, "population": 813}, {"name": "Old Fort town, North Carolina", "lat": 35.63033, "lng": -82.17798, "population": 811}, {"name": "Star town, North Carolina", "lat": 35.39907, "lng": -79.78331, "population": 806}, {"name": "Grover town, North Carolina", "lat": 35.17166, "lng": -81.45807, "population": 802}, {"name": "Ocracoke CDP, North Carolina", "lat": 35.07323, "lng": -75.99853, "population": 797}, {"name": "Germanton CDP, North Carolina", "lat": 36.25015, "lng": -80.23904, "population": 790}, {"name": "Manns Harbor CDP, North Carolina", "lat": 35.89849, "lng": -75.78069, "population": 790}, {"name": "Pinnacle CDP, North Carolina", "lat": 36.32277, "lng": -80.42317, "population": 786}, {"name": "Faison town, North Carolina", "lat": 35.11645, "lng": -78.13599, "population": 784}, {"name": "Moncure CDP, North Carolina", "lat": 35.62582, "lng": -79.07468, "population": 780}, {"name": "Marshall town, North Carolina", "lat": 35.79856, "lng": -82.68002, "population": 777}, {"name": "Kenansville town, North Carolina", "lat": 34.95983, "lng": -77.96593, "population": 770}, {"name": "Peletier town, North Carolina", "lat": 34.72843, "lng": -77.07131, "population": 769}, {"name": "Aulander town, North Carolina", "lat": 36.22801, "lng": -77.1136, "population": 763}, {"name": "Red Cross town, North Carolina", "lat": 35.26595, "lng": -80.36218, "population": 762}, {"name": "Stantonsburg town, North Carolina", "lat": 35.60529, "lng": -77.81978, "population": 762}, {"name": "Conway town, North Carolina", "lat": 36.43887, "lng": -77.2287, "population": 752}, {"name": "Duck town, North Carolina", "lat": 36.18522, "lng": -75.75477, "population": 742}, {"name": "Alliance town, North Carolina", "lat": 35.14351, "lng": -76.80846, "population": 733}, {"name": "Carolina Meadows CDP, North Carolina", "lat": 35.85972, "lng": -79.01788, "population": 727}, {"name": "Ellenboro town, North Carolina", "lat": 35.33088, "lng": -81.76127, "population": 723}, {"name": "Chocowinity town, North Carolina", "lat": 35.51472, "lng": -77.10167, "population": 722}, {"name": "Newland town, North Carolina", "lat": 36.08797, "lng": -81.92736, "population": 715}, {"name": "Pikeville town, North Carolina", "lat": 35.49721, "lng": -77.98776, "population": 712}, {"name": "Hightsville CDP, North Carolina", "lat": 34.26935, "lng": -77.9375, "population": 710}, {"name": "Fair Bluff town, North Carolina", "lat": 34.31257, "lng": -79.03326, "population": 709}, {"name": "Northwest city, North Carolina", "lat": 34.31603, "lng": -78.14479, "population": 703}, {"name": "Catawba town, North Carolina", "lat": 35.70961, "lng": -81.06689, "population": 702}, {"name": "Rosman town, North Carolina", "lat": 35.14583, "lng": -82.82015, "population": 701}, {"name": "Light Oak CDP, North Carolina", "lat": 35.28669, "lng": -81.47739, "population": 697}, {"name": "Bogue town, North Carolina", "lat": 34.69168, "lng": -77.02847, "population": 695}, {"name": "Black Creek town, North Carolina", "lat": 35.63683, "lng": -77.93261, "population": 692}, {"name": "Grantsboro town, North Carolina", "lat": 35.14487, "lng": -76.84468, "population": 692}, {"name": "Cape Colony CDP, North Carolina", "lat": 36.01962, "lng": -76.58277, "population": 691}, {"name": "Dobbins Heights town, North Carolina", "lat": 34.90688, "lng": -79.6933, "population": 687}, {"name": "Sedalia town, North Carolina", "lat": 36.07583, "lng": -79.61774, "population": 676}, {"name": "Beech Mountain town, North Carolina", "lat": 36.21039, "lng": -81.88699, "population": 675}, {"name": "Cashiers CDP, North Carolina", "lat": 35.10794, "lng": -83.098, "population": 657}, {"name": "Kingstown town, North Carolina", "lat": 35.3621, "lng": -81.62005, "population": 656}, {"name": "Misenheimer village, North Carolina", "lat": 35.47698, "lng": -80.28602, "population": 650}, {"name": "Silver City CDP, North Carolina", "lat": 34.99724, "lng": -79.22919, "population": 643}, {"name": "Arrowhead Beach CDP, North Carolina", "lat": 36.22714, "lng": -76.7029, "population": 640}, {"name": "Wade town, North Carolina", "lat": 35.1634, "lng": -78.73967, "population": 638}, {"name": "East Bend town, North Carolina", "lat": 36.21747, "lng": -80.5089, "population": 634}, {"name": "Taylortown town, North Carolina", "lat": 35.21462, "lng": -79.49164, "population": 634}, {"name": "Saluda city, North Carolina", "lat": 35.23752, "lng": -82.3469, "population": 631}, {"name": "Winton town, North Carolina", "lat": 36.38945, "lng": -76.93473, "population": 629}, {"name": "Fallston town, North Carolina", "lat": 35.42941, "lng": -81.50218, "population": 627}, {"name": "Whitakers town, North Carolina", "lat": 36.10575, "lng": -77.71309, "population": 627}, {"name": "Camden CDP, North Carolina", "lat": 36.32519, "lng": -76.16919, "population": 620}, {"name": "Hollister CDP, North Carolina", "lat": 36.25828, "lng": -77.93569, "population": 618}, {"name": "Wagram town, North Carolina", "lat": 34.8891, "lng": -79.36521, "population": 615}, {"name": "Clarkton town, North Carolina", "lat": 34.48865, "lng": -78.65585, "population": 614}, {"name": "Columbia town, North Carolina", "lat": 35.92341, "lng": -76.24048, "population": 610}, {"name": "New London town, North Carolina", "lat": 35.43491, "lng": -80.21981, "population": 607}, {"name": "Robbinsville town, North Carolina", "lat": 35.32145, "lng": -83.80951, "population": 597}, {"name": "Garland town, North Carolina", "lat": 34.7859, "lng": -78.39492, "population": 595}, {"name": "High Shoals city, North Carolina", "lat": 35.38998, "lng": -81.20207, "population": 595}, {"name": "Alexis CDP, North Carolina", "lat": 35.39426, "lng": -81.12308, "population": 589}, {"name": "Millingport CDP, North Carolina", "lat": 35.37635, "lng": -80.31134, "population": 588}, {"name": "Newton Grove town, North Carolina", "lat": 35.25117, "lng": -78.35368, "population": 585}, {"name": "Whitsett town, North Carolina", "lat": 36.07918, "lng": -79.57234, "population": 584}, {"name": "Richfield town, North Carolina", "lat": 35.47245, "lng": -80.25946, "population": 582}, {"name": "Hatteras CDP, North Carolina", "lat": 35.21993, "lng": -75.68795, "population": 577}, {"name": "Spivey's Corner CDP, North Carolina", "lat": 35.19822, "lng": -78.48256, "population": 576}, {"name": "Deep Run CDP, North Carolina", "lat": 35.14143, "lng": -77.71619, "population": 572}, {"name": "Patterson Springs town, North Carolina", "lat": 35.23345, "lng": -81.51589, "population": 571}, {"name": "Lawndale town, North Carolina", "lat": 35.41438, "lng": -81.5621, "population": 570}, {"name": "Bailey town, North Carolina", "lat": 35.78061, "lng": -78.11292, "population": 568}, {"name": "Scotch Meadows CDP, North Carolina", "lat": 34.68895, "lng": -79.51772, "population": 568}, {"name": "Greenevers town, North Carolina", "lat": 34.82713, "lng": -77.92513, "population": 567}, {"name": "Caroleen CDP, North Carolina", "lat": 35.28109, "lng": -81.79137, "population": 560}, {"name": "Barnardsville CDP, North Carolina", "lat": 35.78192, "lng": -82.45554, "population": 559}, {"name": "Littleton town, North Carolina", "lat": 36.43432, "lng": -77.911, "population": 559}, {"name": "Woodland town, North Carolina", "lat": 36.33062, "lng": -77.21491, "population": 557}, {"name": "Winfall town, North Carolina", "lat": 36.2116, "lng": -76.45667, "population": 555}, {"name": "South Weldon CDP, North Carolina", "lat": 36.41355, "lng": -77.60242, "population": 550}, {"name": "Riegelwood CDP, North Carolina", "lat": 34.34012, "lng": -78.22037, "population": 545}, {"name": "Harmony town, North Carolina", "lat": 35.95804, "lng": -80.77441, "population": 543}, {"name": "Elk Park town, North Carolina", "lat": 36.15825, "lng": -81.98081, "population": 542}, {"name": "Seaboard town, North Carolina", "lat": 36.49069, "lng": -77.44197, "population": 542}, {"name": "Keener CDP, North Carolina", "lat": 35.1211, "lng": -78.29837, "population": 540}, {"name": "Ossipee town, North Carolina", "lat": 36.16628, "lng": -79.51689, "population": 536}, {"name": "Cliffside CDP, North Carolina", "lat": 35.248, "lng": -81.76529, "population": 530}, {"name": "Minnesott Beach town, North Carolina", "lat": 34.9865, "lng": -76.82408, "population": 530}, {"name": "Varnamtown town, North Carolina", "lat": 33.94585, "lng": -78.23269, "population": 525}, {"name": "Hot Springs town, North Carolina", "lat": 35.89355, "lng": -82.82942, "population": 520}, {"name": "Bolton town, North Carolina", "lat": 34.31743, "lng": -78.39768, "population": 519}, {"name": "Bunnlevel CDP, North Carolina", "lat": 35.30651, "lng": -78.75912, "population": 516}, {"name": "Polkville city, North Carolina", "lat": 35.41627, "lng": -81.64399, "population": 516}, {"name": "Hiddenite CDP, North Carolina", "lat": 35.9077, "lng": -81.08106, "population": 507}, {"name": "Parkton town, North Carolina", "lat": 34.90284, "lng": -79.01129, "population": 504}, {"name": "Glenwood CDP, North Carolina", "lat": 35.61579, "lng": -81.98279, "population": 501}, {"name": "Gloucester CDP, North Carolina", "lat": 34.73211, "lng": -76.53862, "population": 495}, {"name": "Roper town, North Carolina", "lat": 35.87864, "lng": -76.61706, "population": 485}, {"name": "Bell Arthur CDP, North Carolina", "lat": 35.59118, "lng": -77.5127, "population": 477}, {"name": "JAARS CDP, North Carolina", "lat": 34.86449, "lng": -80.75026, "population": 471}, {"name": "Atlantic CDP, North Carolina", "lat": 34.88134, "lng": -76.34326, "population": 468}, {"name": "Hayesville town, North Carolina", "lat": 35.04502, "lng": -83.81794, "population": 461}, {"name": "Topsail Beach town, North Carolina", "lat": 34.36637, "lng": -77.64757, "population": 461}, {"name": "Micro town, North Carolina", "lat": 35.56238, "lng": -78.20352, "population": 458}, {"name": "Salemburg town, North Carolina", "lat": 35.01516, "lng": -78.5028, "population": 457}, {"name": "Aurora town, North Carolina", "lat": 35.30285, "lng": -76.78933, "population": 455}, {"name": "Pink Hill town, North Carolina", "lat": 35.05621, "lng": -77.74363, "population": 451}, {"name": "Bakersville town, North Carolina", "lat": 36.01535, "lng": -82.15822, "population": 450}, {"name": "Gibson town, North Carolina", "lat": 34.75949, "lng": -79.60688, "population": 449}, {"name": "Teachey town, North Carolina", "lat": 34.77057, "lng": -78.00653, "population": 448}, {"name": "Kelly CDP, North Carolina", "lat": 34.46396, "lng": -78.31096, "population": 446}, {"name": "Brookford town, North Carolina", "lat": 35.70314, "lng": -81.34447, "population": 442}, {"name": "Ansonville town, North Carolina", "lat": 35.10418, "lng": -80.10969, "population": 440}, {"name": "Ronda town, North Carolina", "lat": 36.22172, "lng": -80.94324, "population": 438}, {"name": "Potters Hill CDP, North Carolina", "lat": 34.96455, "lng": -77.70315, "population": 437}, {"name": "Valle Crucis CDP, North Carolina", "lat": 36.21561, "lng": -81.79664, "population": 436}, {"name": "Jackson town, North Carolina", "lat": 36.3901, "lng": -77.41934, "population": 430}, {"name": "Sandyfield town, North Carolina", "lat": 34.36757, "lng": -78.30379, "population": 430}, {"name": "Lewiston Woodville town, North Carolina", "lat": 36.11489, "lng": -77.17955, "population": 426}, {"name": "Jamesville town, North Carolina", "lat": 35.8122, "lng": -76.90018, "population": 424}, {"name": "East Arcadia town, North Carolina", "lat": 34.3816, "lng": -78.32319, "population": 418}, {"name": "Hoffman town, North Carolina", "lat": 35.03132, "lng": -79.54914, "population": 418}, {"name": "St. Helena village, North Carolina", "lat": 34.51662, "lng": -77.91739, "population": 417}, {"name": "Arapahoe town, North Carolina", "lat": 35.02146, "lng": -76.82596, "population": 416}, {"name": "Ingold CDP, North Carolina", "lat": 34.82765, "lng": -78.35177, "population": 416}, {"name": "Deercroft CDP, North Carolina", "lat": 34.95712, "lng": -79.43309, "population": 414}, {"name": "Hookerton town, North Carolina", "lat": 35.42298, "lng": -77.58937, "population": 413}, {"name": "Macclesfield town, North Carolina", "lat": 35.75227, "lng": -77.66969, "population": 413}, {"name": "Lattimore town, North Carolina", "lat": 35.31539, "lng": -81.6602, "population": 406}, {"name": "Staley town, North Carolina", "lat": 35.79794, "lng": -79.55175, "population": 397}, {"name": "Caswell Beach town, North Carolina", "lat": 33.90587, "lng": -78.04866, "population": 395}, {"name": "Henrietta CDP, North Carolina", "lat": 35.25783, "lng": -81.80441, "population": 395}, {"name": "Lilesville town, North Carolina", "lat": 34.96749, "lng": -79.98453, "population": 395}, {"name": "Washington Park town, North Carolina", "lat": 35.53286, "lng": -77.03158, "population": 392}, {"name": "Elrod CDP, North Carolina", "lat": 34.60724, "lng": -79.23076, "population": 391}, {"name": "Peachland town, North Carolina", "lat": 34.99312, "lng": -80.26596, "population": 390}, {"name": "Simpson village, North Carolina", "lat": 35.57529, "lng": -77.27898, "population": 390}, {"name": "Grimesland town, North Carolina", "lat": 35.5671, "lng": -77.1982, "population": 386}, {"name": "Chowan Beach CDP, North Carolina", "lat": 36.21393, "lng": -76.71241, "population": 385}, {"name": "Fountain town, North Carolina", "lat": 35.67211, "lng": -77.63167, "population": 385}, {"name": "Hallsboro CDP, North Carolina", "lat": 34.31891, "lng": -78.59338, "population": 382}, {"name": "Cove City town, North Carolina", "lat": 35.18897, "lng": -77.32052, "population": 378}, {"name": "Yadkin College CDP, North Carolina", "lat": 35.87207, "lng": -80.38608, "population": 377}, {"name": "Engelhard CDP, North Carolina", "lat": 35.50923, "lng": -76.00946, "population": 374}, {"name": "Gold Hill CDP, North Carolina", "lat": 35.5186, "lng": -80.34749, "population": 372}, {"name": "Webster town, North Carolina", "lat": 35.34998, "lng": -83.21898, "population": 372}, {"name": "Sugar Mountain village, North Carolina", "lat": 36.12638, "lng": -81.86474, "population": 371}, {"name": "South Mills CDP, North Carolina", "lat": 36.43787, "lng": -76.33074, "population": 362}, {"name": "Stokes CDP, North Carolina", "lat": 35.71054, "lng": -77.2676, "population": 357}, {"name": "Bostic town, North Carolina", "lat": 35.36246, "lng": -81.83599, "population": 355}, {"name": "Saratoga town, North Carolina", "lat": 35.65366, "lng": -77.77564, "population": 353}, {"name": "Bridgeton town, North Carolina", "lat": 35.12783, "lng": -77.01255, "population": 349}, {"name": "Dover town, North Carolina", "lat": 35.21548, "lng": -77.43378, "population": 349}, {"name": "Aquadale CDP, North Carolina", "lat": 35.22439, "lng": -80.22351, "population": 348}, {"name": "Ruth town, North Carolina", "lat": 35.38237, "lng": -81.94485, "population": 347}, {"name": "White Oak CDP, North Carolina", "lat": 34.73966, "lng": -78.71859, "population": 346}, {"name": "Bethania town, North Carolina", "lat": 36.1798, "lng": -80.33486, "population": 344}, {"name": "Marshallberg CDP, North Carolina", "lat": 34.72601, "lng": -76.51356, "population": 341}, {"name": "Coinjock CDP, North Carolina", "lat": 36.35096, "lng": -75.95201, "population": 337}, {"name": "Evergreen CDP, North Carolina", "lat": 34.41486, "lng": -78.91138, "population": 336}, {"name": "Altamahaw CDP, North Carolina", "lat": 36.19388, "lng": -79.50665, "population": 334}, {"name": "Morven town, North Carolina", "lat": 34.86431, "lng": -80.00001, "population": 329}, {"name": "Bunn town, North Carolina", "lat": 35.95906, "lng": -78.25189, "population": 327}, {"name": "Calypso town, North Carolina", "lat": 35.15461, "lng": -78.10441, "population": 327}, {"name": "Falcon town, North Carolina", "lat": 35.1948, "lng": -78.65389, "population": 324}, {"name": "Stovall town, North Carolina", "lat": 36.44755, "lng": -78.56889, "population": 324}, {"name": "Crouse CDP, North Carolina", "lat": 35.42411, "lng": -81.30123, "population": 322}, {"name": "Ruffin CDP, North Carolina", "lat": 36.43824, "lng": -79.53337, "population": 322}, {"name": "Bonnetsville CDP, North Carolina", "lat": 35.00568, "lng": -78.40186, "population": 318}, {"name": "Belvoir CDP, North Carolina", "lat": 35.71108, "lng": -77.46993, "population": 315}, {"name": "Seven Devils town, North Carolina", "lat": 36.14949, "lng": -81.81317, "population": 313}, {"name": "Davis CDP, North Carolina", "lat": 34.79094, "lng": -76.46856, "population": 311}, {"name": "Waco town, North Carolina", "lat": 35.36265, "lng": -81.42933, "population": 310}, {"name": "Hamilton town, North Carolina", "lat": 35.94438, "lng": -77.20674, "population": 306}, {"name": "Vann Crossroads CDP, North Carolina", "lat": 35.17013, "lng": -78.40411, "population": 306}, {"name": "Casar town, North Carolina", "lat": 35.51271, "lng": -81.61684, "population": 305}, {"name": "Forest Hills village, North Carolina", "lat": 35.29576, "lng": -83.19542, "population": 303}, {"name": "Salvo CDP, North Carolina", "lat": 35.54854, "lng": -75.46817, "population": 303}, {"name": "Ashley Heights CDP, North Carolina", "lat": 35.08995, "lng": -79.37392, "population": 301}, {"name": "Cedar Rock village, North Carolina", "lat": 35.94346, "lng": -81.45837, "population": 301}, {"name": "Bayview CDP, North Carolina", "lat": 35.44182, "lng": -76.79343, "population": 298}, {"name": "Atkinson town, North Carolina", "lat": 34.52746, "lng": -78.16971, "population": 296}, {"name": "Mooresboro town, North Carolina", "lat": 35.29921, "lng": -81.69859, "population": 293}, {"name": "Farmington CDP, North Carolina", "lat": 36.00849, "lng": -80.53569, "population": 291}, {"name": "Gerton CDP, North Carolina", "lat": 35.47579, "lng": -82.35041, "population": 290}, {"name": "Delco CDP, North Carolina", "lat": 34.31882, "lng": -78.22666, "population": 287}, {"name": "Bennett CDP, North Carolina", "lat": 35.57528, "lng": -79.53461, "population": 284}, {"name": "Linville CDP, North Carolina", "lat": 36.06747, "lng": -81.87143, "population": 283}, {"name": "Marble CDP, North Carolina", "lat": 35.17702, "lng": -83.92651, "population": 278}, {"name": "Long Creek CDP, North Carolina", "lat": 34.43399, "lng": -78.01723, "population": 277}, {"name": "Momeyer town, North Carolina", "lat": 35.96001, "lng": -78.04805, "population": 277}, {"name": "Sunbury CDP, North Carolina", "lat": 36.44689, "lng": -76.61273, "population": 276}, {"name": "Sims town, North Carolina", "lat": 35.75966, "lng": -78.05973, "population": 275}, {"name": "Rennert town, North Carolina", "lat": 34.81409, "lng": -79.07912, "population": 275}, {"name": "Swan Quarter CDP, North Carolina", "lat": 35.41303, "lng": -76.31971, "population": 275}, {"name": "Bald Head Island village, North Carolina", "lat": 33.86634, "lng": -77.98085, "population": 268}, {"name": "Hobgood town, North Carolina", "lat": 36.02673, "lng": -77.39398, "population": 268}, {"name": "Pollocksville town, North Carolina", "lat": 35.00503, "lng": -77.22059, "population": 268}, {"name": "Dublin town, North Carolina", "lat": 34.65625, "lng": -78.72309, "population": 267}, {"name": "Gatesville town, North Carolina", "lat": 36.40736, "lng": -76.75659, "population": 267}, {"name": "Cofield village, North Carolina", "lat": 36.35669, "lng": -76.91052, "population": 267}, {"name": "Lowgap CDP, North Carolina", "lat": 36.52496, "lng": -80.87123, "population": 267}, {"name": "Oak City town, North Carolina", "lat": 35.96252, "lng": -77.30509, "population": 266}, {"name": "Castalia town, North Carolina", "lat": 36.08228, "lng": -78.0576, "population": 264}, {"name": "Butters CDP, North Carolina", "lat": 34.56651, "lng": -78.85113, "population": 250}, {"name": "Sandy Creek town, North Carolina", "lat": 34.28189, "lng": -78.15871, "population": 248}, {"name": "Roberdel CDP, North Carolina", "lat": 34.97908, "lng": -79.74795, "population": 246}, {"name": "Vandemere town, North Carolina", "lat": 35.19273, "lng": -76.66166, "population": 246}, {"name": "Bath town, North Carolina", "lat": 35.47123, "lng": -76.81108, "population": 245}, {"name": "Cameron town, North Carolina", "lat": 35.32587, "lng": -79.25418, "population": 244}, {"name": "Parmele town, North Carolina", "lat": 35.81809, "lng": -77.31431, "population": 243}, {"name": "Trenton town, North Carolina", "lat": 35.06381, "lng": -77.35617, "population": 238}, {"name": "Seagrove town, North Carolina", "lat": 35.53953, "lng": -79.78142, "population": 235}, {"name": "East Laurinburg town, North Carolina", "lat": 34.76908, "lng": -79.44508, "population": 234}, {"name": "Goldston town, North Carolina", "lat": 35.59486, "lng": -79.33061, "population": 234}, {"name": "Fairfield CDP, North Carolina", "lat": 35.5504, "lng": -76.22651, "population": 231}, {"name": "Graingers CDP, North Carolina", "lat": 35.31631, "lng": -77.50661, "population": 229}, {"name": "Smithtown CDP, North Carolina", "lat": 36.23308, "lng": -80.5712, "population": 224}, {"name": "Indian Beach town, North Carolina", "lat": 34.68557, "lng": -76.89816, "population": 223}, {"name": "Old Hundred CDP, North Carolina", "lat": 34.82449, "lng": -79.59215, "population": 218}, {"name": "Colerain town, North Carolina", "lat": 36.20157, "lng": -76.7664, "population": 217}, {"name": "Shannon CDP, North Carolina", "lat": 34.84767, "lng": -79.13959, "population": 217}, {"name": "Eureka town, North Carolina", "lat": 35.54139, "lng": -77.87632, "population": 214}, {"name": "Stonewall town, North Carolina", "lat": 35.13876, "lng": -76.74154, "population": 214}, {"name": "Dillsboro town, North Carolina", "lat": 35.37061, "lng": -83.25262, "population": 213}, {"name": "Rodanthe CDP, North Carolina", "lat": 35.59248, "lng": -75.46635, "population": 213}, {"name": "Turkey town, North Carolina", "lat": 34.99504, "lng": -78.18415, "population": 213}, {"name": "Creswell town, North Carolina", "lat": 35.87142, "lng": -76.39913, "population": 207}, {"name": "Kelford town, North Carolina", "lat": 36.18125, "lng": -77.2243, "population": 203}, {"name": "Conetoe town, North Carolina", "lat": 35.81763, "lng": -77.45713, "population": 198}, {"name": "Earl town, North Carolina", "lat": 35.19542, "lng": -81.53401, "population": 198}, {"name": "Ivanhoe CDP, North Carolina", "lat": 34.58362, "lng": -78.2517, "population": 198}, {"name": "Raemon CDP, North Carolina", "lat": 34.61713, "lng": -79.34628, "population": 197}, {"name": "Bowdens CDP, North Carolina", "lat": 35.06187, "lng": -78.10837, "population": 196}, {"name": "Walstonburg town, North Carolina", "lat": 35.59609, "lng": -77.69801, "population": 193}, {"name": "Severn town, North Carolina", "lat": 36.5142, "lng": -77.18929, "population": 191}, {"name": "Danbury town, North Carolina", "lat": 36.41098, "lng": -80.21175, "population": 189}, {"name": "Powellsville town, North Carolina", "lat": 36.22525, "lng": -76.93157, "population": 189}, {"name": "Roxobel town, North Carolina", "lat": 36.20153, "lng": -77.2398, "population": 187}, {"name": "Askewville town, North Carolina", "lat": 36.11159, "lng": -76.94123, "population": 184}, {"name": "Watha town, North Carolina", "lat": 34.65119, "lng": -77.95759, "population": 181}, {"name": "Waves CDP, North Carolina", "lat": 35.5659, "lng": -75.46548, "population": 172}, {"name": "Halifax town, North Carolina", "lat": 36.32549, "lng": -77.5901, "population": 170}, {"name": "Blue Clay Farms CDP, North Carolina", "lat": 34.29872, "lng": -77.8913, "population": 168}, {"name": "Autryville town, North Carolina", "lat": 34.99648, "lng": -78.64119, "population": 167}, {"name": "Boardman town, North Carolina", "lat": 34.43014, "lng": -78.9426, "population": 166}, {"name": "Pantego town, North Carolina", "lat": 35.58737, "lng": -76.6594, "population": 164}, {"name": "Harrells town, North Carolina", "lat": 34.72783, "lng": -78.20151, "population": 160}, {"name": "Milwaukee CDP, North Carolina", "lat": 36.40254, "lng": -77.23121, "population": 157}, {"name": "Glenville CDP, North Carolina", "lat": 35.16925, "lng": -83.12037, "population": 155}, {"name": "Milton town, North Carolina", "lat": 36.5377, "lng": -79.20794, "population": 155}, {"name": "Jackson Springs CDP, North Carolina", "lat": 35.21267, "lng": -79.62976, "population": 154}, {"name": "Love Valley town, North Carolina", "lat": 35.98807, "lng": -80.98362, "population": 154}, {"name": "Delway CDP, North Carolina", "lat": 34.81902, "lng": -78.21533, "population": 150}, {"name": "Everetts town, North Carolina", "lat": 35.83461, "lng": -77.17212, "population": 150}, {"name": "Bolivia town, North Carolina", "lat": 34.06992, "lng": -78.14736, "population": 149}, {"name": "Centerville CDP, North Carolina", "lat": 36.18802, "lng": -78.11444, "population": 149}, {"name": "Pinetown CDP, North Carolina", "lat": 35.6111, "lng": -76.85579, "population": 147}, {"name": "Mesic town, North Carolina", "lat": 35.20423, "lng": -76.64583, "population": 144}, {"name": "Crossnore town, North Carolina", "lat": 36.0222, "lng": -81.93084, "population": 143}, {"name": "Chimney Rock Village village, North Carolina", "lat": 35.45098, "lng": -82.25516, "population": 140}, {"name": "Linden town, North Carolina", "lat": 35.2546, "lng": -78.74837, "population": 136}, {"name": "Kittrell town, North Carolina", "lat": 36.22181, "lng": -78.44133, "population": 132}, {"name": "Cerro Gordo town, North Carolina", "lat": 34.32257, "lng": -78.92872, "population": 131}, {"name": "Godwin town, North Carolina", "lat": 35.20948, "lng": -78.67727, "population": 128}, {"name": "Lansing town, North Carolina", "lat": 36.49947, "lng": -81.50964, "population": 126}, {"name": "Gulf CDP, North Carolina", "lat": 35.55761, "lng": -79.28082, "population": 122}, {"name": "Proctorville town, North Carolina", "lat": 34.47518, "lng": -79.03704, "population": 121}, {"name": "Wakulla CDP, North Carolina", "lat": 34.79696, "lng": -79.25597, "population": 112}, {"name": "Marietta town, North Carolina", "lat": 34.3682, "lng": -79.12486, "population": 111}, {"name": "Macon town, North Carolina", "lat": 36.43959, "lng": -78.08393, "population": 110}, {"name": "Middleburg town, North Carolina", "lat": 36.39894, "lng": -78.32344, "population": 101}, {"name": "Norman town, North Carolina", "lat": 35.16976, "lng": -79.72316, "population": 100}, {"name": "Hobucken CDP, North Carolina", "lat": 35.25176, "lng": -76.5731, "population": 99}, {"name": "Grandfather Village village, North Carolina", "lat": 36.09303, "lng": -81.8538, "population": 95}, {"name": "McFarlan town, North Carolina", "lat": 34.81482, "lng": -79.97663, "population": 94}, {"name": "McDonald town, North Carolina", "lat": 34.55374, "lng": -79.17625, "population": 94}, {"name": "Tar Heel town, North Carolina", "lat": 34.73392, "lng": -78.79094, "population": 90}, {"name": "Bear Grass town, North Carolina", "lat": 35.76642, "lng": -77.12888, "population": 89}, {"name": "Chinquapin CDP, North Carolina", "lat": 34.82923, "lng": -77.8246, "population": 86}, {"name": "Harrellsville town, North Carolina", "lat": 36.30167, "lng": -76.79178, "population": 85}, {"name": "Lumber Bridge town, North Carolina", "lat": 34.88993, "lng": -79.07226, "population": 82}, {"name": "Bowmore CDP, North Carolina", "lat": 34.93585, "lng": -79.29996, "population": 76}, {"name": "Como town, North Carolina", "lat": 36.49827, "lng": -76.99962, "population": 67}, {"name": "Lasker town, North Carolina", "lat": 36.35022, "lng": -77.30575, "population": 64}, {"name": "Speed town, North Carolina", "lat": 35.96847, "lng": -77.44427, "population": 63}, {"name": "Raynham town, North Carolina", "lat": 34.57609, "lng": -79.19086, "population": 60}, {"name": "Orrum town, North Carolina", "lat": 34.46673, "lng": -79.00894, "population": 59}, {"name": "Seven Springs town, North Carolina", "lat": 35.22483, "lng": -77.84514, "population": 55}, {"name": "Rex CDP, North Carolina", "lat": 34.85079, "lng": -79.04685, "population": 50}, {"name": "Hassell town, North Carolina", "lat": 35.90858, "lng": -77.27636, "population": 49}, {"name": "Falkland town, North Carolina", "lat": 35.69854, "lng": -77.51288, "population": 47}, {"name": "Lake Santeetlah town, North Carolina", "lat": 35.364, "lng": -83.86644, "population": 38}, {"name": "Leggett town, North Carolina", "lat": 35.98962, "lng": -77.58005, "population": 37}, {"name": "Dundarrach CDP, North Carolina", "lat": 34.92467, "lng": -79.15746, "population": 34}, {"name": "Whittier CDP, North Carolina", "lat": 35.43468, "lng": -83.35476, "population": 25}, {"name": "Fontana Dam town, North Carolina", "lat": 35.4328, "lng": -83.8248, "population": 13}, {"name": "Dellview town, North Carolina", "lat": 35.38655, "lng": -81.41271, "population": 6}]