[{"name": "Fargo city, North Dakota", "lat": 46.8647, "lng": -96.82908, "population": 125990}, {"name": "Bismarck city, North Dakota", "lat": 46.81458, "lng": -100.77009, "population": 73622}, {"name": "Grand Forks city, North Dakota", "lat": 47.92129, "lng": -97.08933, "population": 59166}, {"name": "Minot city, North Dakota", "lat": 48.23613, "lng": -101.27753, "population": 48377}, {"name": "West Fargo city, North Dakota", "lat": 46.85638, "lng": -96.90481, "population": 38626}, {"name": "Williston city, North Dakota", "lat": 48.18057, "lng": -103.63813, "population": 29160}, {"name": "Dickinson city, North Dakota", "lat": 46.89278, "lng": -102.79596, "population": 25679}, {"name": "Mandan city, North Dakota", "lat": 46.82948, "lng": -100.88706, "population": 24206}, {"name": "Jamestown city, North Dakota", "lat": 46.90585, "lng": -98.69358, "population": 15849}, {"name": "Wahpeton city, North Dakota", "lat": 46.27214, "lng": -96.61181, "population": 8007}, {"name": "Devils Lake city, North Dakota", "lat": 48.11258, "lng": -98.87476, "population": 7192}, {"name": "Valley City city, North Dakota", "lat": 46.92224, "lng": -98.0055, "population": 6575}, {"name": "Watford City city, North Dakota", "lat": 47.80149, "lng": -103.26673, "population": 6207}, {"name": "Minot AFB CDP, North Dakota", "lat": 48.419, "lng": -101.3365, "population": 5017}, {"name": "Lincoln city, North Dakota", "lat": 46.76893, "lng": -100.69774, "population": 4257}, {"name": "Grafton city, North Dakota", "lat": 48.41391, "lng": -97.40616, "population": 4170}, {"name": "Horace city, North Dakota", "lat": 46.75531, "lng": -96.90992, "population": 3085}, {"name": "Beulah city, North Dakota", "lat": 47.26683, "lng": -101.77068, "population": 3058}, {"name": "New Town city, North Dakota", "lat": 47.98907, "lng": -102.4883, "population": 2764}, {"name": "Rugby city, North Dakota", "lat": 48.36542, "lng": -99.99022, "population": 2509}, {"name": "Casselton city, North Dakota", "lat": 46.89708, "lng": -97.21259, "population": 2479}, {"name": "Stanley city, North Dakota", "lat": 48.31378, "lng": -102.39732, "population": 2321}, {"name": "Hazen city, North Dakota", "lat": 47.29842, "lng": -101.62482, "population": 2281}, {"name": "Lisbon city, North Dakota", "lat": 46.43899, "lng": -97.68442, "population": 2204}, {"name": "Tioga city, North Dakota", "lat": 48.39462, "lng": -102.94349, "population": 2202}, {"name": "Bottineau city, North Dakota", "lat": 48.8248, "lng": -100.44252, "population": 2194}, {"name": "Carrington city, North Dakota", "lat": 47.45291, "lng": -99.13112, "population": 2080}, {"name": "Grand Forks AFB CDP, North Dakota", "lat": 47.95568, "lng": -97.39128, "population": 2002}, {"name": "Langdon city, North Dakota", "lat": 48.76221, "lng": -98.37526, "population": 1909}, {"name": "Mayville city, North Dakota", "lat": 47.49818, "lng": -97.32635, "population": 1854}, {"name": "Oakes city, North Dakota", "lat": 46.1397, "lng": -98.08712, "population": 1798}, {"name": "Harvey city, North Dakota", "lat": 47.77823, "lng": -99.93069, "population": 1650}, {"name": "Hillsboro city, North Dakota", "lat": 47.40297, "lng": -97.06346, "population": 1649}, {"name": "Belcourt CDP, North Dakota", "lat": 48.84249, "lng": -99.74416, "population": 1510}, {"name": "Bowman city, North Dakota", "lat": 46.18432, "lng": -103.40295, "population": 1470}, {"name": "Garrison city, North Dakota", "lat": 47.65321, "lng": -101.42191, "population": 1462}, {"name": "Park River city, North Dakota", "lat": 48.39106, "lng": -97.74268, "population": 1424}, {"name": "New Rockford city, North Dakota", "lat": 47.67962, "lng": -99.1377, "population": 1361}, {"name": "Surrey city, North Dakota", "lat": 48.24297, "lng": -101.12833, "population": 1357}, {"name": "Mapleton city, North Dakota", "lat": 46.89153, "lng": -97.05326, "population": 1320}, {"name": "Washburn city, North Dakota", "lat": 47.29404, "lng": -101.0278, "population": 1300}, {"name": "Burlington city, North Dakota", "lat": 48.25717, "lng": -101.41455, "population": 1291}, {"name": "Larimore city, North Dakota", "lat": 47.90906, "lng": -97.627, "population": 1260}, {"name": "Cavalier city, North Dakota", "lat": 48.79402, "lng": -97.62265, "population": 1246}, {"name": "Rolla city, North Dakota", "lat": 48.84362, "lng": -99.60935, "population": 1223}, {"name": "Fort Totten CDP, North Dakota", "lat": 47.9705, "lng": -99.01659, "population": 1160}, {"name": "Shell Valley CDP, North Dakota", "lat": 48.80862, "lng": -99.8271, "population": 1146}, {"name": "Ellendale city, North Dakota", "lat": 46.00435, "lng": -98.52535, "population": 1125}, {"name": "Cando city, North Dakota", "lat": 48.48722, "lng": -99.20247, "population": 1117}, {"name": "Thompson city, North Dakota", "lat": 47.77461, "lng": -97.10436, "population": 1101}, {"name": "Velva city, North Dakota", "lat": 48.05819, "lng": -100.93289, "population": 1086}, {"name": "Hettinger city, North Dakota", "lat": 46.00352, "lng": -102.63461, "population": 1074}, {"name": "Linton city, North Dakota", "lat": 46.26851, "lng": -100.2336, "population": 1071}, {"name": "Crosby city, North Dakota", "lat": 48.91617, "lng": -103.29662, "population": 1065}, {"name": "Belfield city, North Dakota", "lat": 46.8858, "lng": -103.19493, "population": 996}, {"name": "Cooperstown city, North Dakota", "lat": 47.4451, "lng": -98.12585, "population": 983}, {"name": "Northwood city, North Dakota", "lat": 47.73142, "lng": -97.56523, "population": 982}, {"name": "Beach city, North Dakota", "lat": 46.91875, "lng": -104.00545, "population": 981}, {"name": "New Salem city, North Dakota", "lat": 46.84305, "lng": -101.41794, "population": 973}, {"name": "Kenmare city, North Dakota", "lat": 48.67281, "lng": -102.07203, "population": 961}, {"name": "Parshall city, North Dakota", "lat": 47.95951, "lng": -102.1338, "population": 949}, {"name": "Killdeer city, North Dakota", "lat": 47.36875, "lng": -102.7462, "population": 939}, {"name": "Gwinner city, North Dakota", "lat": 46.23105, "lng": -97.65609, "population": 924}, {"name": "Hankinson city, North Dakota", "lat": 46.07399, "lng": -96.89101, "population": 921}, {"name": "Walhalla city, North Dakota", "lat": 48.92103, "lng": -97.91699, "population": 893}, {"name": "Kindred city, North Dakota", "lat": 46.64938, "lng": -97.01694, "population": 889}, {"name": "Enderlin city, North Dakota", "lat": 46.6215, "lng": -97.59558, "population": 881}, {"name": "Cannon Ball CDP, North Dakota", "lat": 46.32369, "lng": -100.62943, "population": 864}, {"name": "Wishek city, North Dakota", "lat": 46.25561, "lng": -99.55448, "population": 864}, {"name": "Harwood city, North Dakota", "lat": 46.97196, "lng": -96.87628, "population": 794}, {"name": "Hebron city, North Dakota", "lat": 46.90242, "lng": -102.0447, "population": 794}, {"name": "Underwood city, North Dakota", "lat": 47.45515, "lng": -101.1416, "population": 784}, {"name": "LaMoure city, North Dakota", "lat": 46.35742, "lng": -98.29654, "population": 764}, {"name": "Drayton city, North Dakota", "lat": 48.56206, "lng": -97.1795, "population": 757}, {"name": "Napoleon city, North Dakota", "lat": 46.50393, "lng": -99.76833, "population": 749}, {"name": "Ray city, North Dakota", "lat": 48.33632, "lng": -103.1733, "population": 740}, {"name": "Glen Ullin city, North Dakota", "lat": 46.8117, "lng": -101.8335, "population": 732}, {"name": "Wilton city, North Dakota", "lat": 47.158, "lng": -100.78399, "population": 718}, {"name": "Hatton city, North Dakota", "lat": 47.63697, "lng": -97.45829, "population": 712}, {"name": "Reile's Acres city, North Dakota", "lat": 46.92696, "lng": -96.86664, "population": 703}, {"name": "Mohall city, North Dakota", "lat": 48.76611, "lng": -101.51698, "population": 694}, {"name": "Richardton city, North Dakota", "lat": 46.88416, "lng": -102.33316, "population": 692}, {"name": "Mandaree CDP, North Dakota", "lat": 47.74504, "lng": -102.69747, "population": 691}, {"name": "Lakota city, North Dakota", "lat": 48.04287, "lng": -98.34677, "population": 683}, {"name": "New England city, North Dakota", "lat": 46.54082, "lng": -102.86696, "population": 683}, {"name": "Steele city, North Dakota", "lat": 46.8568, "lng": -99.91813, "population": 665}, {"name": "Mott city, North Dakota", "lat": 46.3744, "lng": -102.3189, "population": 653}, {"name": "Dunseith city, North Dakota", "lat": 48.81303, "lng": -100.06223, "population": 632}, {"name": "Milnor city, North Dakota", "lat": 46.26087, "lng": -97.45679, "population": 624}, {"name": "Minto city, North Dakota", "lat": 48.29241, "lng": -97.37305, "population": 616}, {"name": "Ashley city, North Dakota", "lat": 46.03474, "lng": -99.37368, "population": 613}, {"name": "Green Acres CDP, North Dakota", "lat": 48.83813, "lng": -99.69009, "population": 605}, {"name": "Lidgerwood city, North Dakota", "lat": 46.07375, "lng": -97.14511, "population": 600}, {"name": "Center city, North Dakota", "lat": 47.11493, "lng": -101.29768, "population": 588}, {"name": "Edgeley city, North Dakota", "lat": 46.36247, "lng": -98.71263, "population": 585}, {"name": "Portland city, North Dakota", "lat": 47.49951, "lng": -97.36931, "population": 578}, {"name": "Elgin city, North Dakota", "lat": 46.4015, "lng": -101.84737, "population": 543}, {"name": "Turtle Lake city, North Dakota", "lat": 47.52148, "lng": -100.8908, "population": 542}, {"name": "Pembina city, North Dakota", "lat": 48.96709, "lng": -97.24686, "population": 512}, {"name": "Forman city, North Dakota", "lat": 46.10376, "lng": -97.6371, "population": 509}, {"name": "East Dunseith CDP, North Dakota", "lat": 48.86325, "lng": -100.02186, "population": 500}, {"name": "Four Bears Village CDP, North Dakota", "lat": 47.98711, "lng": -102.59373, "population": 500}, {"name": "Berthold city, North Dakota", "lat": 48.31414, "lng": -101.75902, "population": 490}, {"name": "Trenton CDP, North Dakota", "lat": 48.06992, "lng": -103.84315, "population": 488}, {"name": "Rolette city, North Dakota", "lat": 48.6609, "lng": -99.84167, "population": 484}, {"name": "Argusville city, North Dakota", "lat": 47.05007, "lng": -96.94314, "population": 480}, {"name": "Towner city, North Dakota", "lat": 48.34712, "lng": -100.40698, "population": 479}, {"name": "Fessenden city, North Dakota", "lat": 47.64931, "lng": -99.62701, "population": 462}, {"name": "Wyndmere city, North Dakota", "lat": 46.26413, "lng": -97.13118, "population": 454}, {"name": "Emerado city, North Dakota", "lat": 47.92857, "lng": -97.36163, "population": 443}, {"name": "Leeds city, North Dakota", "lat": 48.28721, "lng": -99.43429, "population": 442}, {"name": "Glenburn city, North Dakota", "lat": 48.5135, "lng": -101.22089, "population": 404}, {"name": "Maddock city, North Dakota", "lat": 47.96239, "lng": -99.52929, "population": 402}, {"name": "Finley city, North Dakota", "lat": 47.51252, "lng": -97.83727, "population": 401}, {"name": "South Heart city, North Dakota", "lat": 46.86813, "lng": -102.99053, "population": 394}, {"name": "McVille city, North Dakota", "lat": 47.76512, "lng": -98.17544, "population": 392}, {"name": "Powers Lake city, North Dakota", "lat": 48.56402, "lng": -102.64562, "population": 385}, {"name": "Oxbow city, North Dakota", "lat": 46.6647, "lng": -96.82079, "population": 381}, {"name": "Strasburg city, North Dakota", "lat": 46.13377, "lng": -100.16106, "population": 379}, {"name": "Manvel city, North Dakota", "lat": 48.07278, "lng": -97.17793, "population": 377}, {"name": "Westhope city, North Dakota", "lat": 48.91118, "lng": -101.01771, "population": 374}, {"name": "Kulm city, North Dakota", "lat": 46.30195, "lng": -98.94661, "population": 368}, {"name": "Stanton city, North Dakota", "lat": 47.31848, "lng": -101.38196, "population": 368}, {"name": "White Shield CDP, North Dakota", "lat": 47.66016, "lng": -101.84356, "population": 363}, {"name": "Buxton city, North Dakota", "lat": 47.60207, "lng": -97.09752, "population": 348}, {"name": "Neche city, North Dakota", "lat": 48.98304, "lng": -97.5517, "population": 344}, {"name": "Fairmount city, North Dakota", "lat": 46.0547, "lng": -96.60291, "population": 343}, {"name": "Hunter city, North Dakota", "lat": 47.19011, "lng": -97.21381, "population": 332}, {"name": "Max city, North Dakota", "lat": 47.82042, "lng": -101.29111, "population": 331}, {"name": "Arthur city, North Dakota", "lat": 47.10427, "lng": -97.21836, "population": 328}, {"name": "St. Thomas city, North Dakota", "lat": 48.61924, "lng": -97.44711, "population": 323}, {"name": "McClusky city, North Dakota", "lat": 47.48399, "lng": -100.44253, "population": 322}, {"name": "St. John city, North Dakota", "lat": 48.94377, "lng": -99.7131, "population": 322}, {"name": "Alexander city, North Dakota", "lat": 47.83806, "lng": -103.6432, "population": 319}, {"name": "Sawyer city, North Dakota", "lat": 48.08946, "lng": -101.05331, "population": 319}, {"name": "Bowbells city, North Dakota", "lat": 48.80218, "lng": -102.24583, "population": 301}, {"name": "Drake city, North Dakota", "lat": 47.92269, "lng": -100.37442, "population": 292}, {"name": "Arnegard city, North Dakota", "lat": 47.80842, "lng": -103.43877, "population": 282}, {"name": "Gackle city, North Dakota", "lat": 46.6264, "lng": -99.14141, "population": 281}, {"name": "Reynolds city, North Dakota", "lat": 47.66853, "lng": -97.10597, "population": 277}, {"name": "Hope city, North Dakota", "lat": 47.32438, "lng": -97.7192, "population": 272}, {"name": "Gladstone city, North Dakota", "lat": 46.8587, "lng": -102.57658, "population": 271}, {"name": "Tower City city, North Dakota", "lat": 46.92631, "lng": -97.67603, "population": 268}, {"name": "Medina city, North Dakota", "lat": 46.89384, "lng": -99.29989, "population": 264}, {"name": "Michigan City city, North Dakota", "lat": 48.02442, "lng": -98.12012, "population": 263}, {"name": "Walcott city, North Dakota", "lat": 46.55047, "lng": -96.93755, "population": 262}, {"name": "Harmon CDP, North Dakota", "lat": 46.95436, "lng": -100.95697, "population": 259}, {"name": "Scranton city, North Dakota", "lat": 46.14948, "lng": -103.14298, "population": 258}, {"name": "Davenport city, North Dakota", "lat": 46.71481, "lng": -97.06568, "population": 256}, {"name": "Carson city, North Dakota", "lat": 46.42231, "lng": -101.57062, "population": 254}, {"name": "Leonard city, North Dakota", "lat": 46.65229, "lng": -97.24994, "population": 248}, {"name": "Hoople city, North Dakota", "lat": 48.53579, "lng": -97.63887, "population": 247}, {"name": "Logan CDP, North Dakota", "lat": 48.15956, "lng": -101.17556, "population": 247}, {"name": "Abercrombie city, North Dakota", "lat": 46.44704, "lng": -96.72952, "population": 244}, {"name": "Gilby city, North Dakota", "lat": 48.0835, "lng": -97.46772, "population": 243}, {"name": "Halliday city, North Dakota", "lat": 47.35202, "lng": -102.33883, "population": 241}, {"name": "Granville city, North Dakota", "lat": 48.26659, "lng": -100.84466, "population": 240}, {"name": "Lansford city, North Dakota", "lat": 48.62695, "lng": -101.37589, "population": 238}, {"name": "Aneta city, North Dakota", "lat": 47.67972, "lng": -97.98898, "population": 234}, {"name": "Anamoose city, North Dakota", "lat": 47.88307, "lng": -100.24226, "population": 230}, {"name": "Taylor city, North Dakota", "lat": 46.90221, "lng": -102.42287, "population": 230}, {"name": "Dunn Center city, North Dakota", "lat": 47.35313, "lng": -102.62278, "population": 227}, {"name": "Hazelton city, North Dakota", "lat": 46.48572, "lng": -100.28109, "population": 223}, {"name": "Riverdale city, North Dakota", "lat": 47.49676, "lng": -101.36705, "population": 223}, {"name": "Grenora city, North Dakota", "lat": 48.61986, "lng": -103.93669, "population": 221}, {"name": "Zap city, North Dakota", "lat": 47.28509, "lng": -101.92372, "population": 221}, {"name": "New Leipzig city, North Dakota", "lat": 46.37577, "lng": -101.9516, "population": 218}, {"name": "Flasher city, North Dakota", "lat": 46.4521, "lng": -101.23286, "population": 217}, {"name": "Tappen city, North Dakota", "lat": 46.8716, "lng": -99.6271, "population": 217}, {"name": "Plaza city, North Dakota", "lat": 48.02629, "lng": -101.95873, "population": 211}, {"name": "Fordville city, North Dakota", "lat": 48.21659, "lng": -97.79538, "population": 207}, {"name": "Edinburg city, North Dakota", "lat": 48.4955, "lng": -97.86297, "population": 199}, {"name": "Minnewaukan city, North Dakota", "lat": 48.0717, "lng": -99.25383, "population": 199}, {"name": "Porcupine CDP, North Dakota", "lat": 46.22184, "lng": -101.1001, "population": 197}, {"name": "Buffalo city, North Dakota", "lat": 46.91926, "lng": -97.55062, "population": 195}, {"name": "Frontier city, North Dakota", "lat": 46.80027, "lng": -96.83329, "population": 195}, {"name": "Apple Valley CDP, North Dakota", "lat": 46.82097, "lng": -100.59948, "population": 194}, {"name": "Sherwood city, North Dakota", "lat": 48.96187, "lng": -101.6328, "population": 194}, {"name": "Golden Valley city, North Dakota", "lat": 47.29026, "lng": -102.0653, "population": 191}, {"name": "Munich city, North Dakota", "lat": 48.67338, "lng": -98.83875, "population": 190}, {"name": "Page city, North Dakota", "lat": 47.15919, "lng": -97.56813, "population": 190}, {"name": "Grandin city, North Dakota", "lat": 47.23672, "lng": -97.00322, "population": 186}, {"name": "Sheyenne city, North Dakota", "lat": 47.82729, "lng": -99.11683, "population": 186}, {"name": "Des Lacs city, North Dakota", "lat": 48.25686, "lng": -101.5637, "population": 185}, {"name": "Wimbledon city, North Dakota", "lat": 47.16907, "lng": -98.45863, "population": 178}, {"name": "Mooreton city, North Dakota", "lat": 46.26893, "lng": -96.87578, "population": 177}, {"name": "Fort Yates city, North Dakota", "lat": 46.08659, "lng": -100.63008, "population": 176}, {"name": "Colfax city, North Dakota", "lat": 46.47094, "lng": -96.87246, "population": 172}, {"name": "Binford city, North Dakota", "lat": 47.56042, "lng": -98.34563, "population": 170}, {"name": "Regent city, North Dakota", "lat": 46.4222, "lng": -102.55805, "population": 170}, {"name": "Litchville city, North Dakota", "lat": 46.65656, "lng": -98.1917, "population": 169}, {"name": "Rutland city, North Dakota", "lat": 46.05434, "lng": -97.5068, "population": 163}, {"name": "Petersburg city, North Dakota", "lat": 48.0175, "lng": -98.00064, "population": 162}, {"name": "Sanborn city, North Dakota", "lat": 46.94279, "lng": -98.22381, "population": 161}, {"name": "Rhame city, North Dakota", "lat": 46.23465, "lng": -103.65498, "population": 158}, {"name": "Christine city, North Dakota", "lat": 46.57515, "lng": -96.80664, "population": 151}, {"name": "Ruthville CDP, North Dakota", "lat": 48.37081, "lng": -101.30023, "population": 151}, {"name": "Streeter city, North Dakota", "lat": 46.65762, "lng": -99.35682, "population": 149}, {"name": "Willow City city, North Dakota", "lat": 48.60469, "lng": -100.29331, "population": 149}, {"name": "Makoti city, North Dakota", "lat": 47.96333, "lng": -101.80291, "population": 148}, {"name": "Kensal city, North Dakota", "lat": 47.30003, "lng": -98.73211, "population": 146}, {"name": "Carpio city, North Dakota", "lat": 48.44344, "lng": -101.71632, "population": 144}, {"name": "Lignite city, North Dakota", "lat": 48.87717, "lng": -102.56443, "population": 141}, {"name": "Columbus city, North Dakota", "lat": 48.90498, "lng": -102.78118, "population": 139}, {"name": "Edmore city, North Dakota", "lat": 48.41244, "lng": -98.45364, "population": 139}, {"name": "Bowdon city, North Dakota", "lat": 47.46851, "lng": -99.70887, "population": 137}, {"name": "Noonan city, North Dakota", "lat": 48.89033, "lng": -103.01029, "population": 137}, {"name": "Tolna city, North Dakota", "lat": 47.8257, "lng": -98.43816, "population": 136}, {"name": "Upham city, North Dakota", "lat": 48.58155, "lng": -100.72843, "population": 135}, {"name": "Wing city, North Dakota", "lat": 47.14227, "lng": -100.28232, "population": 132}, {"name": "Gardner city, North Dakota", "lat": 47.14451, "lng": -96.96862, "population": 129}, {"name": "Adams city, North Dakota", "lat": 48.42054, "lng": -98.07396, "population": 127}, {"name": "Selfridge city, North Dakota", "lat": 46.04168, "lng": -100.92436, "population": 127}, {"name": "Hannaford city, North Dakota", "lat": 47.31418, "lng": -98.18894, "population": 126}, {"name": "Marion city, North Dakota", "lat": 46.61123, "lng": -98.33871, "population": 125}, {"name": "Palermo city, North Dakota", "lat": 48.33839, "lng": -102.22893, "population": 125}, {"name": "Portal city, North Dakota", "lat": 48.99438, "lng": -102.54839, "population": 125}, {"name": "Reeder city, North Dakota", "lat": 46.10593, "lng": -102.94216, "population": 125}, {"name": "Pick City city, North Dakota", "lat": 47.511, "lng": -101.4573, "population": 123}, {"name": "Medora city, North Dakota", "lat": 46.91126, "lng": -103.52652, "population": 121}, {"name": "Galesburg city, North Dakota", "lat": 47.2701, "lng": -97.40876, "population": 118}, {"name": "Crystal city, North Dakota", "lat": 48.59809, "lng": -97.66857, "population": 116}, {"name": "Wildrose city, North Dakota", "lat": 48.62995, "lng": -103.18367, "population": 115}, {"name": "Oriska city, North Dakota", "lat": 46.93112, "lng": -97.79054, "population": 114}, {"name": "Crary city, North Dakota", "lat": 48.07497, "lng": -98.63323, "population": 113}, {"name": "Bisbee city, North Dakota", "lat": 48.62721, "lng": -99.37877, "population": 110}, {"name": "Forest River city, North Dakota", "lat": 48.21655, "lng": -97.47032, "population": 109}, {"name": "Ypsilanti CDP, North Dakota", "lat": 46.78336, "lng": -98.56099, "population": 109}, {"name": "Ryder city, North Dakota", "lat": 47.92124, "lng": -101.67043, "population": 108}, {"name": "Goodrich city, North Dakota", "lat": 47.47622, "lng": -100.1248, "population": 106}, {"name": "Osnabrock city, North Dakota", "lat": 48.67016, "lng": -98.1494, "population": 105}, {"name": "Sykeston city, North Dakota", "lat": 47.46607, "lng": -99.39932, "population": 105}, {"name": "Long Creek CDP, North Dakota", "lat": 48.10096, "lng": -103.25459, "population": 104}, {"name": "Lankin city, North Dakota", "lat": 48.31467, "lng": -97.92026, "population": 102}, {"name": "Marmarth city, North Dakota", "lat": 46.30122, "lng": -103.93459, "population": 101}, {"name": "Oberon city, North Dakota", "lat": 47.92389, "lng": -99.20561, "population": 101}, {"name": "Almont city, North Dakota", "lat": 46.72834, "lng": -101.50265, "population": 100}, {"name": "Starkweather city, North Dakota", "lat": 48.45208, "lng": -98.87844, "population": 100}, {"name": "White Earth city, North Dakota", "lat": 48.37987, "lng": -102.77175, "population": 100}, {"name": "Spiritwood Lake city, North Dakota", "lat": 47.07963, "lng": -98.58595, "population": 97}, {"name": "Newburg city, North Dakota", "lat": 48.71388, "lng": -100.91264, "population": 96}, {"name": "Ross city, North Dakota", "lat": 48.31278, "lng": -102.54351, "population": 95}, {"name": "Sheldon city, North Dakota", "lat": 46.58849, "lng": -97.49438, "population": 95}, {"name": "Deering city, North Dakota", "lat": 48.39583, "lng": -101.04984, "population": 94}, {"name": "Glenfield city, North Dakota", "lat": 47.45507, "lng": -98.5662, "population": 94}, {"name": "Rocklake city, North Dakota", "lat": 48.79016, "lng": -99.2459, "population": 94}, {"name": "Douglas city, North Dakota", "lat": 47.85768, "lng": -101.50193, "population": 93}, {"name": "Fingal city, North Dakota", "lat": 46.76249, "lng": -97.79316, "population": 92}, {"name": "Wheatland CDP, North Dakota", "lat": 46.9049, "lng": -97.34548, "population": 92}, {"name": "Esmond city, North Dakota", "lat": 48.0331, "lng": -99.76476, "population": 91}, {"name": "Fort Ransom city, North Dakota", "lat": 46.52453, "lng": -97.93106, "population": 91}, {"name": "Dodge city, North Dakota", "lat": 47.30532, "lng": -102.20238, "population": 89}, {"name": "Maxbass city, North Dakota", "lat": 48.72245, "lng": -101.14236, "population": 89}, {"name": "Pisek city, North Dakota", "lat": 48.31064, "lng": -97.71028, "population": 89}, {"name": "Mercer city, North Dakota", "lat": 47.49061, "lng": -100.71114, "population": 88}, {"name": "Buchanan city, North Dakota", "lat": 47.0626, "lng": -98.82902, "population": 87}, {"name": "Karlsruhe city, North Dakota", "lat": 48.09105, "lng": -100.61621, "population": 87}, {"name": "Sharon city, North Dakota", "lat": 47.59718, "lng": -97.89872, "population": 86}, {"name": "Amenia city, North Dakota", "lat": 47.00648, "lng": -97.2241, "population": 85}, {"name": "Montpelier city, North Dakota", "lat": 46.69897, "lng": -98.58846, "population": 85}, {"name": "Epping city, North Dakota", "lat": 48.28166, "lng": -103.35784, "population": 84}, {"name": "Golva city, North Dakota", "lat": 46.73457, "lng": -103.98231, "population": 84}, {"name": "Zeeland city, North Dakota", "lat": 45.97294, "lng": -99.83244, "population": 82}, {"name": "Lehr city, North Dakota", "lat": 46.2824, "lng": -99.35293, "population": 81}, {"name": "Dwight city, North Dakota", "lat": 46.30395, "lng": -96.74014, "population": 80}, {"name": "Mountain city, North Dakota", "lat": 48.68431, "lng": -97.86481, "population": 80}, {"name": "Dazey city, North Dakota", "lat": 47.18835, "lng": -98.2007, "population": 78}, {"name": "Menoken CDP, North Dakota", "lat": 46.81442, "lng": -100.53048, "population": 78}, {"name": "Brooktree Park CDP, North Dakota", "lat": 47.00388, "lng": -96.89569, "population": 76}, {"name": "Donnybrook city, North Dakota", "lat": 48.50773, "lng": -101.88705, "population": 75}, {"name": "Pekin city, North Dakota", "lat": 47.79191, "lng": -98.32777, "population": 75}, {"name": "Dawson city, North Dakota", "lat": 46.86794, "lng": -99.75362, "population": 74}, {"name": "Cogswell city, North Dakota", "lat": 46.10697, "lng": -97.78423, "population": 73}, {"name": "East Fairview CDP, North Dakota", "lat": 47.85342, "lng": -104.03589, "population": 73}, {"name": "Butte city, North Dakota", "lat": 47.83697, "lng": -100.66584, "population": 70}, {"name": "Hague city, North Dakota", "lat": 46.02889, "lng": -99.99911, "population": 70}, {"name": "Solen city, North Dakota", "lat": 46.38731, "lng": -100.79565, "population": 70}, {"name": "Benedict city, North Dakota", "lat": 47.83013, "lng": -101.08432, "population": 68}, {"name": "Driscoll CDP, North Dakota", "lat": 46.84268, "lng": -100.14391, "population": 68}, {"name": "Havana city, North Dakota", "lat": 45.95423, "lng": -97.6185, "population": 67}, {"name": "Mantador city, North Dakota", "lat": 46.16549, "lng": -96.97785, "population": 67}, {"name": "Balta city, North Dakota", "lat": 48.16617, "lng": -100.03665, "population": 66}, {"name": "Kathryn city, North Dakota", "lat": 46.68117, "lng": -97.97036, "population": 66}, {"name": "Jud city, North Dakota", "lat": 46.52577, "lng": -98.89755, "population": 65}, {"name": "Hurdsfield city, North Dakota", "lat": 47.44718, "lng": -99.93039, "population": 64}, {"name": "McHenry city, North Dakota", "lat": 47.57641, "lng": -98.591, "population": 64}, {"name": "Martin city, North Dakota", "lat": 47.82677, "lng": -100.1153, "population": 63}, {"name": "Fullerton city, North Dakota", "lat": 46.16323, "lng": -98.42731, "population": 62}, {"name": "Blacktail CDP, North Dakota", "lat": 48.43211, "lng": -103.73969, "population": 61}, {"name": "Sentinel Butte city, North Dakota", "lat": 46.91944, "lng": -103.84059, "population": 61}, {"name": "Flaxton city, North Dakota", "lat": 48.89629, "lng": -102.39115, "population": 60}, {"name": "Pettibone city, North Dakota", "lat": 47.11707, "lng": -99.52082, "population": 60}, {"name": "Tuttle city, North Dakota", "lat": 47.14449, "lng": -99.9934, "population": 60}, {"name": "Coleharbor city, North Dakota", "lat": 47.54253, "lng": -101.22137, "population": 59}, {"name": "Verona city, North Dakota", "lat": 46.36263, "lng": -98.07715, "population": 59}, {"name": "Briarwood city, North Dakota", "lat": 46.787, "lng": -96.79477, "population": 57}, {"name": "Cleveland city, North Dakota", "lat": 46.89103, "lng": -99.11956, "population": 57}, {"name": "Foxholm CDP, North Dakota", "lat": 48.36541, "lng": -101.57212, "population": 56}, {"name": "Prairie Rose city, North Dakota", "lat": 46.81712, "lng": -96.8354, "population": 56}, {"name": "North River city, North Dakota", "lat": 46.95048, "lng": -96.80334, "population": 55}, {"name": "Warwick city, North Dakota", "lat": 47.85309, "lng": -98.70588, "population": 55}, {"name": "Erie CDP, North Dakota", "lat": 47.11535, "lng": -97.38792, "population": 54}, {"name": "Alamo city, North Dakota", "lat": 48.58198, "lng": -103.46744, "population": 53}, {"name": "Grace City city, North Dakota", "lat": 47.5513, "lng": -98.80387, "population": 53}, {"name": "Nome city, North Dakota", "lat": 46.6758, "lng": -97.81625, "population": 51}, {"name": "Great Bend city, North Dakota", "lat": 46.15464, "lng": -96.801, "population": 49}, {"name": "Rogers city, North Dakota", "lat": 47.07403, "lng": -98.20313, "population": 49}, {"name": "Bathgate city, North Dakota", "lat": 48.88041, "lng": -97.47386, "population": 47}, {"name": "McGregor CDP, North Dakota", "lat": 48.59556, "lng": -102.92801, "population": 47}, {"name": "Manning CDP, North Dakota", "lat": 47.23103, "lng": -102.77038, "population": 47}, {"name": "Hamilton city, North Dakota", "lat": 48.80798, "lng": -97.45173, "population": 46}, {"name": "Niagara city, North Dakota", "lat": 48.00101, "lng": -97.87699, "population": 46}, {"name": "Voltaire city, North Dakota", "lat": 48.01867, "lng": -100.84401, "population": 46}, {"name": "Woodworth city, North Dakota", "lat": 47.14217, "lng": -99.30415, "population": 44}, {"name": "Wolford city, North Dakota", "lat": 48.49748, "lng": -99.70382, "population": 43}, {"name": "Dickey city, North Dakota", "lat": 46.5368, "lng": -98.46809, "population": 42}, {"name": "Alice city, North Dakota", "lat": 46.76005, "lng": -97.55625, "population": 41}, {"name": "Embden CDP, North Dakota", "lat": 46.80503, "lng": -97.43951, "population": 41}, {"name": "Landa city, North Dakota", "lat": 48.89585, "lng": -100.91199, "population": 41}, {"name": "Pingree city, North Dakota", "lat": 47.16382, "lng": -98.90856, "population": 41}, {"name": "Tolley city, North Dakota", "lat": 48.7303, "lng": -101.82708, "population": 41}, {"name": "Barney city, North Dakota", "lat": 46.26584, "lng": -96.99883, "population": 40}, {"name": "Cayuga city, North Dakota", "lat": 46.07606, "lng": -97.38452, "population": 40}, {"name": "Selz CDP, North Dakota", "lat": 47.8594, "lng": -99.89341, "population": 40}, {"name": "Milton city, North Dakota", "lat": 48.62601, "lng": -98.04596, "population": 39}, {"name": "Fredonia city, North Dakota", "lat": 46.32917, "lng": -99.09563, "population": 38}, {"name": "Inkster city, North Dakota", "lat": 48.15125, "lng": -97.64415, "population": 38}, {"name": "Caledonia CDP, North Dakota", "lat": 47.45768, "lng": -96.88914, "population": 37}, {"name": "Souris city, North Dakota", "lat": 48.90996, "lng": -100.68265, "population": 37}, {"name": "Springbrook city, North Dakota", "lat": 48.25212, "lng": -103.46178, "population": 37}, {"name": "Courtenay city, North Dakota", "lat": 47.22414, "lng": -98.56849, "population": 36}, {"name": "Englevale CDP, North Dakota", "lat": 46.39118, "lng": -97.90383, "population": 36}, {"name": "Forbes city, North Dakota", "lat": 45.94251, "lng": -98.78202, "population": 36}, {"name": "Robinson city, North Dakota", "lat": 47.14206, "lng": -99.78133, "population": 36}, {"name": "Regan city, North Dakota", "lat": 47.15679, "lng": -100.5273, "population": 35}, {"name": "Brocket city, North Dakota", "lat": 48.21081, "lng": -98.35541, "population": 34}, {"name": "Alsen city, North Dakota", "lat": 48.63046, "lng": -98.70427, "population": 32}, {"name": "Egeland city, North Dakota", "lat": 48.62811, "lng": -99.09796, "population": 32}, {"name": "Ardoch city, North Dakota", "lat": 48.20545, "lng": -97.33803, "population": 31}, {"name": "Auburn CDP, North Dakota", "lat": 48.50656, "lng": -97.43684, "population": 31}, {"name": "Berlin city, North Dakota", "lat": 46.37837, "lng": -98.48845, "population": 31}, {"name": "Canton City (Hensel) city, North Dakota", "lat": 48.68803, "lng": -97.66613, "population": 31}, {"name": "Nekoma city, North Dakota", "lat": 48.57821, "lng": -98.37613, "population": 31}, {"name": "Brinsmade city, North Dakota", "lat": 48.18398, "lng": -99.32364, "population": 30}, {"name": "Clifford city, North Dakota", "lat": 47.3482, "lng": -97.41009, "population": 30}, {"name": "Fairdale city, North Dakota", "lat": 48.49004, "lng": -98.23122, "population": 30}, {"name": "Fortuna city, North Dakota", "lat": 48.90971, "lng": -103.77887, "population": 30}, {"name": "Monango city, North Dakota", "lat": 46.17341, "lng": -98.59517, "population": 30}, {"name": "Hampden city, North Dakota", "lat": 48.5396, "lng": -98.65432, "population": 29}, {"name": "Spiritwood CDP, North Dakota", "lat": 46.93428, "lng": -98.4933, "population": 29}, {"name": "Leith city, North Dakota", "lat": 46.36492, "lng": -101.64141, "population": 28}, {"name": "Luverne city, North Dakota", "lat": 47.25142, "lng": -97.93482, "population": 28}, {"name": "Leal city, North Dakota", "lat": 47.10492, "lng": -98.31553, "population": 27}, {"name": "De Lamere CDP, North Dakota", "lat": 46.26682, "lng": -97.33332, "population": 25}, {"name": "Ambrose city, North Dakota", "lat": 48.9559, "lng": -103.48126, "population": 24}, {"name": "Amidon city, North Dakota", "lat": 46.48225, "lng": -103.3196, "population": 24}, {"name": "Elliott city, North Dakota", "lat": 46.40227, "lng": -97.81488, "population": 24}, {"name": "Gardena city, North Dakota", "lat": 48.70124, "lng": -100.49809, "population": 24}, {"name": "Kramer city, North Dakota", "lat": 48.69103, "lng": -100.70765, "population": 24}, {"name": "Antler city, North Dakota", "lat": 48.97132, "lng": -101.28316, "population": 22}, {"name": "Jessie CDP, North Dakota", "lat": 47.54019, "lng": -98.22915, "population": 22}, {"name": "Knox city, North Dakota", "lat": 48.34395, "lng": -99.69111, "population": 22}, {"name": "McLeod CDP, North Dakota", "lat": 46.38867, "lng": -97.29869, "population": 22}, {"name": "Gascoyne city, North Dakota", "lat": 46.11895, "lng": -103.07879, "population": 21}, {"name": "Mylo city, North Dakota", "lat": 48.63584, "lng": -99.61792, "population": 21}, {"name": "Venturia city, North Dakota", "lat": 45.99686, "lng": -99.54833, "population": 21}, {"name": "Balfour city, North Dakota", "lat": 47.95091, "lng": -100.53426, "population": 20}, {"name": "Cathay city, North Dakota", "lat": 47.55392, "lng": -99.4113, "population": 20}, {"name": "Sibley city, North Dakota", "lat": 47.2186, "lng": -97.96531, "population": 19}, {"name": "Braddock city, North Dakota", "lat": 46.56398, "lng": -100.08964, "population": 18}, {"name": "Bucyrus city, North Dakota", "lat": 46.06457, "lng": -102.78832, "population": 18}, {"name": "Dahlen CDP, North Dakota", "lat": 48.15879, "lng": -97.93238, "population": 17}, {"name": "Sutton CDP, North Dakota", "lat": 47.4038, "lng": -98.44103, "population": 17}, {"name": "York city, North Dakota", "lat": 48.31324, "lng": -99.57326, "population": 17}, {"name": "Blanchard CDP, North Dakota", "lat": 47.34308, "lng": -97.22312, "population": 16}, {"name": "Heimdal CDP, North Dakota", "lat": 47.79265, "lng": -99.65269, "population": 16}, {"name": "Sarles city, North Dakota", "lat": 48.94497, "lng": -98.99688, "population": 16}, {"name": "Calvin city, North Dakota", "lat": 48.85185, "lng": -98.93802, "population": 15}, {"name": "Conway city, North Dakota", "lat": 48.23428, "lng": -97.67509, "population": 15}, {"name": "Hansboro city, North Dakota", "lat": 48.95245, "lng": -99.38024, "population": 15}, {"name": "Haynes city, North Dakota", "lat": 45.97391, "lng": -102.47101, "population": 15}, {"name": "Heil CDP, North Dakota", "lat": 46.38919, "lng": -101.70115, "population": 15}, {"name": "Lawton city, North Dakota", "lat": 48.30334, "lng": -98.36787, "population": 15}, {"name": "Ludden city, North Dakota", "lat": 46.00797, "lng": -98.12479, "population": 15}, {"name": "Raleigh CDP, North Dakota", "lat": 46.35714, "lng": -101.30538, "population": 14}, {"name": "Barton CDP, North Dakota", "lat": 48.50879, "lng": -100.17382, "population": 13}, {"name": "Denhoff CDP, North Dakota", "lat": 47.48334, "lng": -100.26229, "population": 13}, {"name": "Nash CDP, North Dakota", "lat": 48.47782, "lng": -97.52445, "population": 13}, {"name": "Pillsbury city, North Dakota", "lat": 47.20712, "lng": -97.79569, "population": 12}, {"name": "Ayr city, North Dakota", "lat": 47.04111, "lng": -97.49093, "population": 11}, {"name": "Hamberg city, North Dakota", "lat": 47.76335, "lng": -99.51596, "population": 11}, {"name": "Bergen city, North Dakota", "lat": 48.00372, "lng": -100.71989, "population": 10}, {"name": "Loma city, North Dakota", "lat": 48.63773, "lng": -98.5257, "population": 10}, {"name": "Overly city, North Dakota", "lat": 48.68114, "lng": -100.15102, "population": 10}, {"name": "Wales city, North Dakota", "lat": 48.89343, "lng": -98.59918, "population": 10}, {"name": "Churchs Ferry city, North Dakota", "lat": 48.2686, "lng": -99.19437, "population": 9}, {"name": "Grano city, North Dakota", "lat": 48.61532, "lng": -101.58917, "population": 9}, {"name": "Larson CDP, North Dakota", "lat": 48.89157, "lng": -102.86256, "population": 9}, {"name": "Loraine city, North Dakota", "lat": 48.86835, "lng": -101.56789, "population": 9}, {"name": "Calio city, North Dakota", "lat": 48.62377, "lng": -98.93838, "population": 8}, {"name": "Hannah city, North Dakota", "lat": 48.97288, "lng": -98.69029, "population": 8}, {"name": "Kief city, North Dakota", "lat": 47.85899, "lng": -100.51417, "population": 8}, {"name": "Orrin CDP, North Dakota", "lat": 48.09094, "lng": -100.16711, "population": 7}, {"name": "Bantry city, North Dakota", "lat": 48.49753, "lng": -100.60986, "population": 6}, {"name": "Perth city, North Dakota", "lat": 48.71472, "lng": -99.45812, "population": 6}, {"name": "Ruso city, North Dakota", "lat": 47.83733, "lng": -100.93427, "population": 1}]