[{"name": "Sioux Falls city, South Dakota", "lat": 43.5382, "lng": -96.73054, "population": 192517}, {"name": "Rapid City city, South Dakota", "lat": 44.07107, "lng": -103.21792, "population": 74703}, {"name": "Aberdeen city, South Dakota", "lat": 45.46468, "lng": -98.4681, "population": 28495}, {"name": "Brookings city, South Dakota", "lat": 44.30233, "lng": -96.78648, "population": 23377}, {"name": "Watertown city, South Dakota", "lat": 44.90919, "lng": -97.15569, "population": 22655}, {"name": "Mitchell city, South Dakota", "lat": 43.73006, "lng": -98.02997, "population": 15660}, {"name": "Yankton city, South Dakota", "lat": 42.88975, "lng": -97.39269, "population": 15411}, {"name": "Huron city, South Dakota", "lat": 44.36234, "lng": -98.20957, "population": 14263}, {"name": "Pierre city, South Dakota", "lat": 44.37516, "lng": -100.32, "population": 14091}, {"name": "Spearfish city, South Dakota", "lat": 44.49209, "lng": -103.81965, "population": 12193}, {"name": "Box Elder city, South Dakota", "lat": 44.11094, "lng": -103.08107, "population": 11746}, {"name": "Vermillion city, South Dakota", "lat": 42.78111, "lng": -96.92563, "population": 11695}, {"name": "Brandon city, South Dakota", "lat": 43.59335, "lng": -96.57963, "population": 11048}, {"name": "Rapid Valley CDP, South Dakota", "lat": 44.06746, "lng": -103.1223, "population": 8098}, {"name": "Sturgis city, South Dakota", "lat": 44.41044, "lng": -103.49957, "population": 7020}, {"name": "Harrisburg city, South Dakota", "lat": 43.43223, "lng": -96.70397, "population": 6732}, {"name": "Madison city, South Dakota", "lat": 44.00622, "lng": -97.10848, "population": 6191}, {"name": "Belle Fourche city, South Dakota", "lat": 44.6638, "lng": -103.85914, "population": 5617}, {"name": "Tea city, South Dakota", "lat": 43.45642, "lng": -96.82551, "population": 5598}, {"name": "Dakota Dunes CDP, South Dakota", "lat": 42.49031, "lng": -96.48399, "population": 4020}, {"name": "Dell Rapids city, South Dakota", "lat": 43.82482, "lng": -96.71459, "population": 3996}, {"name": "Milbank city, South Dakota", "lat": 45.21943, "lng": -96.6337, "population": 3544}, {"name": "Hot Springs city, South Dakota", "lat": 43.41953, "lng": -103.46509, "population": 3395}, {"name": "Hartford city, South Dakota", "lat": 43.6213, "lng": -96.94107, "population": 3354}, {"name": "Mobridge city, South Dakota", "lat": 45.54096, "lng": -100.43491, "population": 3261}, {"name": "Pine Ridge CDP, South Dakota", "lat": 43.02694, "lng": -102.55239, "population": 3138}, {"name": "Canton city, South Dakota", "lat": 43.30313, "lng": -96.58558, "population": 3066}, {"name": "North Sioux City city, South Dakota", "lat": 42.53093, "lng": -96.49955, "population": 3042}, {"name": "Blackhawk CDP, South Dakota", "lat": 44.15138, "lng": -103.334, "population": 3026}, {"name": "Lead city, South Dakota", "lat": 44.35276, "lng": -103.76711, "population": 2982}, {"name": "Summerset city, South Dakota", "lat": 44.19331, "lng": -103.34224, "population": 2972}, {"name": "Winner city, South Dakota", "lat": 43.37762, "lng": -99.85513, "population": 2921}, {"name": "Sisseton city, South Dakota", "lat": 45.6625, "lng": -97.04529, "population": 2479}, {"name": "Chamberlain city, South Dakota", "lat": 43.79866, "lng": -99.32958, "population": 2473}, {"name": "Lennox city, South Dakota", "lat": 43.34951, "lng": -96.89369, "population": 2423}, {"name": "Flandreau city, South Dakota", "lat": 44.04546, "lng": -96.60177, "population": 2372}, {"name": "North Spearfish CDP, South Dakota", "lat": 44.51071, "lng": -103.9045, "population": 2366}, {"name": "Redfield city, South Dakota", "lat": 44.87336, "lng": -98.51921, "population": 2214}, {"name": "Beresford city, South Dakota", "lat": 43.07965, "lng": -96.78022, "population": 2180}, {"name": "Elk Point city, South Dakota", "lat": 42.68122, "lng": -96.6805, "population": 2149}, {"name": "Fort Pierre city, South Dakota", "lat": 44.3666, "lng": -100.38233, "population": 2115}, {"name": "Volga city, South Dakota", "lat": 44.32191, "lng": -96.92188, "population": 2113}, {"name": "Custer city, South Dakota", "lat": 43.76698, "lng": -103.6011, "population": 1919}, {"name": "Springfield city, South Dakota", "lat": 42.86235, "lng": -97.89645, "population": 1914}, {"name": "Colonial Pine Hills CDP, South Dakota", "lat": 44.01408, "lng": -103.31457, "population": 1903}, {"name": "North Eagle Butte CDP, South Dakota", "lat": 45.0215, "lng": -101.2309, "population": 1879}, {"name": "Webster city, South Dakota", "lat": 45.33656, "lng": -97.52183, "population": 1728}, {"name": "Parkston city, South Dakota", "lat": 43.39295, "lng": -97.98643, "population": 1567}, {"name": "Wagner city, South Dakota", "lat": 43.07695, "lng": -98.29143, "population": 1490}, {"name": "Rosebud CDP, South Dakota", "lat": 43.2387, "lng": -100.81504, "population": 1455}, {"name": "Groton city, South Dakota", "lat": 45.45168, "lng": -98.10008, "population": 1380}, {"name": "Crooks city, South Dakota", "lat": 43.65925, "lng": -96.80958, "population": 1362}, {"name": "Miller city, South Dakota", "lat": 44.52003, "lng": -98.98618, "population": 1349}, {"name": "Freeman city, South Dakota", "lat": 43.34746, "lng": -97.43056, "population": 1329}, {"name": "Salem city, South Dakota", "lat": 43.72283, "lng": -97.38931, "population": 1325}, {"name": "Platte city, South Dakota", "lat": 43.3869, "lng": -98.84346, "population": 1296}, {"name": "Oglala CDP, South Dakota", "lat": 43.19156, "lng": -102.70968, "population": 1282}, {"name": "Eagle Butte city, South Dakota", "lat": 44.99439, "lng": -101.23176, "population": 1258}, {"name": "Baltic city, South Dakota", "lat": 43.76005, "lng": -96.7369, "population": 1246}, {"name": "Garretson city, South Dakota", "lat": 43.71483, "lng": -96.50331, "population": 1228}, {"name": "Fort Thompson CDP, South Dakota", "lat": 44.05492, "lng": -99.40483, "population": 1224}, {"name": "Gregory city, South Dakota", "lat": 43.22999, "lng": -99.42086, "population": 1221}, {"name": "Clear Lake city, South Dakota", "lat": 44.75629, "lng": -96.69024, "population": 1218}, {"name": "Britton city, South Dakota", "lat": 45.79237, "lng": -97.75289, "population": 1215}, {"name": "Parker city, South Dakota", "lat": 43.39776, "lng": -97.13352, "population": 1194}, {"name": "Lemmon city, South Dakota", "lat": 45.93835, "lng": -102.1598, "population": 1160}, {"name": "Mission city, South Dakota", "lat": 43.30627, "lng": -100.66091, "population": 1156}, {"name": "Deadwood city, South Dakota", "lat": 44.38705, "lng": -103.72074, "population": 1156}, {"name": "Clark city, South Dakota", "lat": 44.88091, "lng": -97.73484, "population": 1148}, {"name": "Gettysburg city, South Dakota", "lat": 45.00598, "lng": -99.9539, "population": 1104}, {"name": "Tyndall city, South Dakota", "lat": 42.98987, "lng": -97.86422, "population": 1057}, {"name": "De Smet city, South Dakota", "lat": 44.38615, "lng": -97.54969, "population": 1056}, {"name": "Green Valley CDP, South Dakota", "lat": 44.03897, "lng": -103.11159, "population": 1051}, {"name": "Aurora town, South Dakota", "lat": 44.28231, "lng": -96.68681, "population": 1047}, {"name": "Piedmont city, South Dakota", "lat": 44.21364, "lng": -103.37174, "population": 971}, {"name": "Kyle CDP, South Dakota", "lat": 43.4249, "lng": -102.18052, "population": 943}, {"name": "Martin city, South Dakota", "lat": 43.17488, "lng": -101.73232, "population": 938}, {"name": "Ipswich city, South Dakota", "lat": 45.44346, "lng": -99.02999, "population": 928}, {"name": "Worthing city, South Dakota", "lat": 43.33005, "lng": -96.76825, "population": 927}, {"name": "Porcupine CDP, South Dakota", "lat": 43.26871, "lng": -102.33533, "population": 925}, {"name": "Centerville city, South Dakota", "lat": 43.11653, "lng": -96.95948, "population": 918}, {"name": "Arlington city, South Dakota", "lat": 44.36351, "lng": -97.13382, "population": 915}, {"name": "Valley Springs city, South Dakota", "lat": 43.58208, "lng": -96.46587, "population": 885}, {"name": "Whitewood city, South Dakota", "lat": 44.46176, "lng": -103.6381, "population": 879}, {"name": "Hill City city, South Dakota", "lat": 43.93182, "lng": -103.56874, "population": 872}, {"name": "Marion city, South Dakota", "lat": 43.42357, "lng": -97.26055, "population": 849}, {"name": "Howard city, South Dakota", "lat": 44.01166, "lng": -97.52457, "population": 848}, {"name": "Antelope CDP, South Dakota", "lat": 43.30967, "lng": -100.62992, "population": 830}, {"name": "Lake Madison CDP, South Dakota", "lat": 43.95512, "lng": -97.02661, "population": 829}, {"name": "Faulkton city, South Dakota", "lat": 45.03415, "lng": -99.12673, "population": 826}, {"name": "Alcester city, South Dakota", "lat": 43.02768, "lng": -96.6268, "population": 820}, {"name": "Viborg city, South Dakota", "lat": 43.17224, "lng": -97.08243, "population": 814}, {"name": "Eureka city, South Dakota", "lat": 45.77115, "lng": -99.62069, "population": 813}, {"name": "Scotland city, South Dakota", "lat": 43.14819, "lng": -97.71984, "population": 785}, {"name": "Plankinton city, South Dakota", "lat": 43.71542, "lng": -98.48362, "population": 781}, {"name": "Agency Village CDP, South Dakota", "lat": 45.58134, "lng": -97.07204, "population": 776}, {"name": "Wessington Springs city, South Dakota", "lat": 44.08053, "lng": -98.57122, "population": 771}, {"name": "Philip city, South Dakota", "lat": 44.0407, "lng": -101.66472, "population": 759}, {"name": "Elkton city, South Dakota", "lat": 44.23507, "lng": -96.47941, "population": 755}, {"name": "Estelline city, South Dakota", "lat": 44.57677, "lng": -96.90108, "population": 749}, {"name": "Colton city, South Dakota", "lat": 43.7875, "lng": -96.92855, "population": 738}, {"name": "Edgemont city, South Dakota", "lat": 43.29736, "lng": -103.83234, "population": 725}, {"name": "Wonderland Homes CDP, South Dakota", "lat": 44.20412, "lng": -103.34454, "population": 718}, {"name": "Lake Andes city, South Dakota", "lat": 43.15552, "lng": -98.53671, "population": 710}, {"name": "Lower Brule CDP, South Dakota", "lat": 44.07413, "lng": -99.58375, "population": 703}, {"name": "Wall town, South Dakota", "lat": 43.99153, "lng": -102.24259, "population": 699}, {"name": "Armour city, South Dakota", "lat": 43.31934, "lng": -98.34415, "population": 698}, {"name": "Castlewood city, South Dakota", "lat": 44.72416, "lng": -97.03092, "population": 698}, {"name": "Highmore city, South Dakota", "lat": 44.52137, "lng": -99.43933, "population": 682}, {"name": "Ashland Heights CDP, South Dakota", "lat": 44.13341, "lng": -103.12371, "population": 678}, {"name": "Marty CDP, South Dakota", "lat": 42.99649, "lng": -98.4302, "population": 677}, {"name": "Wanblee CDP, South Dakota", "lat": 43.5714, "lng": -101.66092, "population": 674}, {"name": "Onida city, South Dakota", "lat": 44.70487, "lng": -100.06751, "population": 666}, {"name": "Alexandria city, South Dakota", "lat": 43.65404, "lng": -97.77992, "population": 649}, {"name": "Colman city, South Dakota", "lat": 43.98347, "lng": -96.81475, "population": 634}, {"name": "Woonsocket city, South Dakota", "lat": 44.0542, "lng": -98.27171, "population": 631}, {"name": "Canistota city, South Dakota", "lat": 43.59776, "lng": -97.29258, "population": 631}, {"name": "Johnson Siding CDP, South Dakota", "lat": 44.08456, "lng": -103.43798, "population": 614}, {"name": "Menno city, South Dakota", "lat": 43.23848, "lng": -97.57744, "population": 614}, {"name": "Selby city, South Dakota", "lat": 45.50573, "lng": -100.0329, "population": 610}, {"name": "Shindler CDP, South Dakota", "lat": 43.46771, "lng": -96.63552, "population": 607}, {"name": "Parmelee CDP, South Dakota", "lat": 43.33368, "lng": -101.04295, "population": 606}, {"name": "New Underwood city, South Dakota", "lat": 44.09754, "lng": -102.84686, "population": 590}, {"name": "Lake Preston city, South Dakota", "lat": 44.36166, "lng": -97.37599, "population": 589}, {"name": "Avon city, South Dakota", "lat": 43.0052, "lng": -98.05926, "population": 586}, {"name": "Newell city, South Dakota", "lat": 44.71745, "lng": -103.41833, "population": 584}, {"name": "Humboldt town, South Dakota", "lat": 43.64494, "lng": -97.07452, "population": 579}, {"name": "Tripp city, South Dakota", "lat": 43.22541, "lng": -97.96583, "population": 575}, {"name": "Burke city, South Dakota", "lat": 43.18282, "lng": -99.2923, "population": 575}, {"name": "Kimball city, South Dakota", "lat": 43.74686, "lng": -98.95692, "population": 572}, {"name": "McLaughlin city, South Dakota", "lat": 45.81331, "lng": -100.81068, "population": 569}, {"name": "Boulder Canyon CDP, South Dakota", "lat": 44.3971, "lng": -103.60461, "population": 561}, {"name": "Corsica city, South Dakota", "lat": 43.42218, "lng": -98.40745, "population": 561}, {"name": "Lake Norden city, South Dakota", "lat": 44.58006, "lng": -97.21157, "population": 554}, {"name": "Manderson-White Horse Creek CDP, South Dakota", "lat": 43.23504, "lng": -102.49151, "population": 554}, {"name": "Mina CDP, South Dakota", "lat": 45.45453, "lng": -98.73919, "population": 554}, {"name": "Kadoka city, South Dakota", "lat": 43.82861, "lng": -101.50124, "population": 543}, {"name": "West Brule CDP, South Dakota", "lat": 44.07274, "lng": -99.63836, "population": 538}, {"name": "White city, South Dakota", "lat": 44.4359, "lng": -96.64601, "population": 537}, {"name": "White River city, South Dakota", "lat": 43.56707, "lng": -100.74487, "population": 533}, {"name": "Meadow View Addition CDP, South Dakota", "lat": 43.62371, "lng": -96.70119, "population": 531}, {"name": "Bridgewater city, South Dakota", "lat": 43.55021, "lng": -97.49838, "population": 511}, {"name": "Timber Lake city, South Dakota", "lat": 45.42941, "lng": -101.07143, "population": 509}, {"name": "Oahe Acres CDP, South Dakota", "lat": 44.46482, "lng": -100.34491, "population": 503}, {"name": "Lake Poinsett CDP, South Dakota", "lat": 44.57246, "lng": -97.10843, "population": 501}, {"name": "Dupree city, South Dakota", "lat": 45.04948, "lng": -101.60132, "population": 494}, {"name": "Warner town, South Dakota", "lat": 45.32517, "lng": -98.49524, "population": 485}, {"name": "Emery city, South Dakota", "lat": 43.602, "lng": -97.61949, "population": 484}, {"name": "Jefferson city, South Dakota", "lat": 42.60427, "lng": -96.56609, "population": 475}, {"name": "Murdo city, South Dakota", "lat": 43.88936, "lng": -100.71416, "population": 475}, {"name": "Waubay city, South Dakota", "lat": 45.33452, "lng": -97.30546, "population": 473}, {"name": "Presho city, South Dakota", "lat": 43.90716, "lng": -100.05837, "population": 472}, {"name": "Bryant city, South Dakota", "lat": 44.5899, "lng": -97.46728, "population": 471}, {"name": "Bowdle city, South Dakota", "lat": 45.45126, "lng": -99.6565, "population": 470}, {"name": "St. Francis town, South Dakota", "lat": 43.14261, "lng": -100.90279, "population": 469}, {"name": "Montrose city, South Dakota", "lat": 43.69977, "lng": -97.1844, "population": 468}, {"name": "Blucksberg Mountain CDP, South Dakota", "lat": 44.35934, "lng": -103.45379, "population": 467}, {"name": "Mount Vernon city, South Dakota", "lat": 43.71268, "lng": -98.26119, "population": 461}, {"name": "Allen CDP, South Dakota", "lat": 43.27914, "lng": -101.92651, "population": 460}, {"name": "Wolsey town, South Dakota", "lat": 44.41076, "lng": -98.47389, "population": 459}, {"name": "Leola city, South Dakota", "lat": 45.72114, "lng": -98.93847, "population": 434}, {"name": "Wilmot city, South Dakota", "lat": 45.4091, "lng": -96.85456, "population": 432}, {"name": "Irene city, South Dakota", "lat": 43.08371, "lng": -97.15759, "population": 422}, {"name": "Herreid city, South Dakota", "lat": 45.83781, "lng": -100.07468, "population": 416}, {"name": "Big Stone City city, South Dakota", "lat": 45.30873, "lng": -96.47261, "population": 412}, {"name": "Tabor town, South Dakota", "lat": 42.94767, "lng": -97.65939, "population": 407}, {"name": "White Lake city, South Dakota", "lat": 43.72828, "lng": -98.71202, "population": 394}, {"name": "Hayti town, South Dakota", "lat": 44.65796, "lng": -97.20492, "population": 393}, {"name": "Anderson CDP, South Dakota", "lat": 43.51944, "lng": -96.6142, "population": 388}, {"name": "Oacoma town, South Dakota", "lat": 43.80452, "lng": -99.36608, "population": 386}, {"name": "Gayville town, South Dakota", "lat": 42.88893, "lng": -97.17373, "population": 382}, {"name": "Hermosa town, South Dakota", "lat": 43.83969, "lng": -103.19296, "population": 382}, {"name": "Hoven town, South Dakota", "lat": 45.24162, "lng": -99.77752, "population": 379}, {"name": "Hurley city, South Dakota", "lat": 43.27933, "lng": -97.08944, "population": 379}, {"name": "Rosholt town, South Dakota", "lat": 45.86619, "lng": -96.73178, "population": 379}, {"name": "Little Eagle CDP, South Dakota", "lat": 45.68507, "lng": -100.79479, "population": 367}, {"name": "Faith city, South Dakota", "lat": 45.02578, "lng": -102.03634, "population": 367}, {"name": "Ethan town, South Dakota", "lat": 43.5463, "lng": -97.9834, "population": 365}, {"name": "Wounded Knee CDP, South Dakota", "lat": 43.14355, "lng": -102.36824, "population": 364}, {"name": "Renner Corner CDP, South Dakota", "lat": 43.64875, "lng": -96.70207, "population": 347}, {"name": "Wakonda town, South Dakota", "lat": 43.00811, "lng": -97.10597, "population": 347}, {"name": "Buffalo town, South Dakota", "lat": 45.58637, "lng": -103.54345, "population": 346}, {"name": "Blunt city, South Dakota", "lat": 44.51594, "lng": -99.98856, "population": 342}, {"name": "Florence town, South Dakota", "lat": 45.05479, "lng": -97.32631, "population": 337}, {"name": "Colome city, South Dakota", "lat": 43.25989, "lng": -99.71732, "population": 331}, {"name": "Mountain Plains CDP, South Dakota", "lat": 44.467, "lng": -103.86357, "population": 327}, {"name": "Stickney town, South Dakota", "lat": 43.5893, "lng": -98.43764, "population": 321}, {"name": "Veblen city, South Dakota", "lat": 45.86199, "lng": -97.28691, "population": 317}, {"name": "Hudson town, South Dakota", "lat": 43.13011, "lng": -96.45562, "population": 311}, {"name": "Enemy Swim CDP, South Dakota", "lat": 45.42937, "lng": -97.28686, "population": 310}, {"name": "Bullhead CDP, South Dakota", "lat": 45.77279, "lng": -101.08139, "population": 308}, {"name": "Pine Lakes Addition CDP, South Dakota", "lat": 43.55117, "lng": -96.63543, "population": 306}, {"name": "Prairiewood Village CDP, South Dakota", "lat": 45.50938, "lng": -98.4194, "population": 303}, {"name": "Bison town, South Dakota", "lat": 45.52355, "lng": -102.46772, "population": 302}, {"name": "Chancellor town, South Dakota", "lat": 43.37187, "lng": -96.98729, "population": 300}, {"name": "Platte Colony CDP, South Dakota", "lat": 43.4679, "lng": -99.12622, "population": 299}, {"name": "Iroquois city, South Dakota", "lat": 44.36786, "lng": -97.84953, "population": 292}, {"name": "Summit town, South Dakota", "lat": 45.30557, "lng": -97.03911, "population": 288}, {"name": "Bristol city, South Dakota", "lat": 45.34378, "lng": -97.74496, "population": 288}, {"name": "Langford town, South Dakota", "lat": 45.60228, "lng": -97.83022, "population": 283}, {"name": "Two Strike CDP, South Dakota", "lat": 43.21636, "lng": -100.90821, "population": 282}, {"name": "Cherry Creek CDP, South Dakota", "lat": 44.60474, "lng": -101.4993, "population": 282}, {"name": "Kennebec town, South Dakota", "lat": 43.90348, "lng": -99.862, "population": 281}, {"name": "Sicangu Village CDP, South Dakota", "lat": 43.01376, "lng": -100.57572, "population": 276}, {"name": "Roscoe city, South Dakota", "lat": 45.45011, "lng": -99.3367, "population": 269}, {"name": "Wakpala CDP, South Dakota", "lat": 45.6594, "lng": -100.53555, "population": 267}, {"name": "Long Hollow CDP, South Dakota", "lat": 45.68346, "lng": -97.15865, "population": 265}, {"name": "Bonesteel city, South Dakota", "lat": 43.0775, "lng": -98.94676, "population": 258}, {"name": "Chester CDP, South Dakota", "lat": 43.89959, "lng": -96.92782, "population": 257}, {"name": "Henry town, South Dakota", "lat": 44.88086, "lng": -97.46156, "population": 256}, {"name": "Willow Lake city, South Dakota", "lat": 44.6279, "lng": -97.63806, "population": 255}, {"name": "Maxwell Colony CDP, South Dakota", "lat": 43.18244, "lng": -97.63515, "population": 254}, {"name": "Egan city, South Dakota", "lat": 44.00033, "lng": -96.64854, "population": 241}, {"name": "Gary city, South Dakota", "lat": 44.7941, "lng": -96.45742, "population": 240}, {"name": "Keystone town, South Dakota", "lat": 43.89493, "lng": -103.42679, "population": 240}, {"name": "Spring Creek CDP, South Dakota", "lat": 43.11537, "lng": -101.03069, "population": 236}, {"name": "New Effington town, South Dakota", "lat": 45.85758, "lng": -96.915, "population": 234}, {"name": "White Horse CDP, South Dakota", "lat": 43.3101, "lng": -100.59769, "population": 234}, {"name": "Pukwana town, South Dakota", "lat": 43.77918, "lng": -99.18427, "population": 233}, {"name": "Pickstown town, South Dakota", "lat": 43.06701, "lng": -98.5296, "population": 230}, {"name": "Spring Creek Colony CDP, South Dakota", "lat": 45.90769, "lng": -98.88065, "population": 229}, {"name": "Pollock town, South Dakota", "lat": 45.90051, "lng": -100.28853, "population": 224}, {"name": "Frederick town, South Dakota", "lat": 45.83188, "lng": -98.5067, "population": 215}, {"name": "Alpena town, South Dakota", "lat": 44.18338, "lng": -98.36836, "population": 212}, {"name": "Tulare town, South Dakota", "lat": 44.73822, "lng": -98.50893, "population": 211}, {"name": "Bruce city, South Dakota", "lat": 44.43779, "lng": -96.89064, "population": 210}, {"name": "Nisland town, South Dakota", "lat": 44.67305, "lng": -103.55384, "population": 206}, {"name": "Trent town, South Dakota", "lat": 43.90626, "lng": -96.65781, "population": 206}, {"name": "Soldier Creek CDP, South Dakota", "lat": 43.33264, "lng": -100.89681, "population": 205}, {"name": "Mellette city, South Dakota", "lat": 45.15439, "lng": -98.49836, "population": 199}, {"name": "Doland city, South Dakota", "lat": 44.89449, "lng": -98.09985, "population": 199}, {"name": "Wessington city, South Dakota", "lat": 44.45511, "lng": -98.69679, "population": 197}, {"name": "Toronto town, South Dakota", "lat": 44.5724, "lng": -96.64137, "population": 196}, {"name": "Hecla city, South Dakota", "lat": 45.88214, "lng": -98.1519, "population": 193}, {"name": "Mission Hill town, South Dakota", "lat": 42.92076, "lng": -97.27905, "population": 190}, {"name": "Okreek CDP, South Dakota", "lat": 43.34848, "lng": -100.38866, "population": 190}, {"name": "South Shore town, South Dakota", "lat": 45.10151, "lng": -96.93011, "population": 189}, {"name": "Horse Creek CDP, South Dakota", "lat": 43.533, "lng": -100.74188, "population": 187}, {"name": "Roslyn town, South Dakota", "lat": 45.49661, "lng": -97.4927, "population": 181}, {"name": "Wentworth village, South Dakota", "lat": 43.99694, "lng": -96.96455, "population": 181}, {"name": "Peever town, South Dakota", "lat": 45.54224, "lng": -96.95612, "population": 180}, {"name": "Upland Colony CDP, South Dakota", "lat": 43.87714, "lng": -97.97754, "population": 178}, {"name": "Glendale Colony CDP, South Dakota", "lat": 44.79798, "lng": -98.28685, "population": 176}, {"name": "St. Onge CDP, South Dakota", "lat": 44.54575, "lng": -103.71986, "population": 170}, {"name": "Clear Lake CDP, South Dakota", "lat": 45.70436, "lng": -97.3558, "population": 170}, {"name": "La Plant CDP, South Dakota", "lat": 45.12821, "lng": -100.6409, "population": 167}, {"name": "Tschetter Colony CDP, South Dakota", "lat": 43.36828, "lng": -97.69328, "population": 165}, {"name": "Hosmer city, South Dakota", "lat": 45.57879, "lng": -99.47364, "population": 164}, {"name": "Kranzburg town, South Dakota", "lat": 44.88885, "lng": -96.90935, "population": 163}, {"name": "St. Lawrence town, South Dakota", "lat": 44.51661, "lng": -98.93788, "population": 163}, {"name": "Columbia city, South Dakota", "lat": 45.61482, "lng": -98.31064, "population": 160}, {"name": "Letcher town, South Dakota", "lat": 43.90028, "lng": -98.14651, "population": 159}, {"name": "Monroe town, South Dakota", "lat": 43.48653, "lng": -97.21667, "population": 159}, {"name": "Ramona town, South Dakota", "lat": 44.11987, "lng": -97.21541, "population": 159}, {"name": "Angostura CDP, South Dakota", "lat": 43.31892, "lng": -103.39071, "population": 159}, {"name": "Volin town, South Dakota", "lat": 42.95862, "lng": -97.18118, "population": 158}, {"name": "Geddes city, South Dakota", "lat": 43.25404, "lng": -98.69737, "population": 156}, {"name": "Delmont city, South Dakota", "lat": 43.26664, "lng": -98.15915, "population": 153}, {"name": "Norris CDP, South Dakota", "lat": 43.4721, "lng": -101.19274, "population": 150}, {"name": "Goodwin town, South Dakota", "lat": 44.87751, "lng": -96.8497, "population": 147}, {"name": "Mayfield Colony CDP, South Dakota", "lat": 44.69419, "lng": -97.58116, "population": 146}, {"name": "Isabel town, South Dakota", "lat": 45.39389, "lng": -101.43255, "population": 145}, {"name": "Sunset Colony CDP, South Dakota", "lat": 45.80949, "lng": -97.88515, "population": 142}, {"name": "Bath CDP, South Dakota", "lat": 45.46916, "lng": -98.32356, "population": 142}, {"name": "Conde city, South Dakota", "lat": 45.1573, "lng": -98.09546, "population": 142}, {"name": "Brant Lake South CDP, South Dakota", "lat": 43.91086, "lng": -96.94077, "population": 140}, {"name": "Northville town, South Dakota", "lat": 45.15538, "lng": -98.57932, "population": 139}, {"name": "Oak Lane Colony CDP, South Dakota", "lat": 43.5099, "lng": -97.74124, "population": 138}, {"name": "Dimock town, South Dakota", "lat": 43.47738, "lng": -97.98714, "population": 137}, {"name": "Spencer city, South Dakota", "lat": 43.72747, "lng": -97.59111, "population": 136}, {"name": "Pembrook Colony CDP, South Dakota", "lat": 45.37296, "lng": -98.99305, "population": 135}, {"name": "Spink Colony CDP, South Dakota", "lat": 44.74495, "lng": -98.28918, "population": 135}, {"name": "Frankfort city, South Dakota", "lat": 44.87766, "lng": -98.30924, "population": 134}, {"name": "Rustic Acres Colony CDP, South Dakota", "lat": 43.86978, "lng": -97.09896, "population": 132}, {"name": "Astoria town, South Dakota", "lat": 44.55773, "lng": -96.5465, "population": 132}, {"name": "Crook City CDP, South Dakota", "lat": 44.43809, "lng": -103.64341, "population": 132}, {"name": "Buffalo Gap town, South Dakota", "lat": 43.49216, "lng": -103.31529, "population": 131}, {"name": "Kenel CDP, South Dakota", "lat": 45.8545, "lng": -100.45922, "population": 130}, {"name": "Vale CDP, South Dakota", "lat": 44.61832, "lng": -103.39868, "population": 130}, {"name": "Millerdale Colony CDP, South Dakota", "lat": 44.39742, "lng": -99.11028, "population": 129}, {"name": "Peever Flats CDP, South Dakota", "lat": 45.52339, "lng": -96.93555, "population": 129}, {"name": "Pierpont town, South Dakota", "lat": 45.49533, "lng": -97.83209, "population": 129}, {"name": "Artesian town, South Dakota", "lat": 44.00789, "lng": -97.92371, "population": 129}, {"name": "Badger town, South Dakota", "lat": 44.4855, "lng": -97.20787, "population": 129}, {"name": "Reliance town, South Dakota", "lat": 43.8804, "lng": -99.60117, "population": 128}, {"name": "Cavour town, South Dakota", "lat": 44.36933, "lng": -98.0421, "population": 128}, {"name": "Deerfield Colony CDP, South Dakota", "lat": 45.58737, "lng": -98.89955, "population": 128}, {"name": "Grassland Colony CDP, South Dakota", "lat": 45.66824, "lng": -98.79646, "population": 127}, {"name": "Carthage city, South Dakota", "lat": 44.1648, "lng": -97.72028, "population": 127}, {"name": "Hillside Colony CDP, South Dakota", "lat": 44.73832, "lng": -98.04732, "population": 123}, {"name": "Java town, South Dakota", "lat": 45.50382, "lng": -99.88388, "population": 121}, {"name": "Oldham city, South Dakota", "lat": 44.2282, "lng": -97.30953, "population": 121}, {"name": "Spring Lake Colony CDP, South Dakota", "lat": 44.23495, "lng": -97.1748, "population": 121}, {"name": "Oelrichs town, South Dakota", "lat": 43.18202, "lng": -103.23343, "population": 117}, {"name": "Swift Bird CDP, South Dakota", "lat": 45.06006, "lng": -100.35451, "population": 117}, {"name": "Brentwood Colony CDP, South Dakota", "lat": 45.1548, "lng": -99.30217, "population": 116}, {"name": "Lesterville town, South Dakota", "lat": 43.0386, "lng": -97.59061, "population": 115}, {"name": "Newport Colony CDP, South Dakota", "lat": 45.67908, "lng": -97.93279, "population": 114}, {"name": "Old Elm Spring Colony CDP, South Dakota", "lat": 43.4918, "lng": -97.80433, "population": 114}, {"name": "Brandt town, South Dakota", "lat": 44.66693, "lng": -96.62516, "population": 114}, {"name": "Corn Creek CDP, South Dakota", "lat": 43.57627, "lng": -101.20809, "population": 113}, {"name": "Glenham town, South Dakota", "lat": 45.53299, "lng": -100.27112, "population": 112}, {"name": "Hitchcock town, South Dakota", "lat": 44.62937, "lng": -98.40821, "population": 112}, {"name": "Midland town, South Dakota", "lat": 44.07107, "lng": -101.15544, "population": 112}, {"name": "Yale town, South Dakota", "lat": 44.43346, "lng": -97.98791, "population": 112}, {"name": "McIntosh city, South Dakota", "lat": 45.92104, "lng": -101.34856, "population": 111}, {"name": "Evergreen Colony CDP, South Dakota", "lat": 45.12171, "lng": -99.04253, "population": 111}, {"name": "Jamesville Colony CDP, South Dakota", "lat": 43.10153, "lng": -97.48178, "population": 110}, {"name": "Pringle town, South Dakota", "lat": 43.60899, "lng": -103.59458, "population": 109}, {"name": "Ashton city, South Dakota", "lat": 44.99306, "lng": -98.49911, "population": 108}, {"name": "Claremont town, South Dakota", "lat": 45.67142, "lng": -98.01562, "population": 108}, {"name": "Whitehorse CDP, South Dakota", "lat": 45.27463, "lng": -100.90118, "population": 106}, {"name": "Hazel town, South Dakota", "lat": 44.75823, "lng": -97.38099, "population": 102}, {"name": "Stockholm town, South Dakota", "lat": 45.10304, "lng": -96.79835, "population": 102}, {"name": "Harrold town, South Dakota", "lat": 44.52578, "lng": -99.74164, "population": 101}, {"name": "New Elm Spring Colony CDP, South Dakota", "lat": 43.48918, "lng": -97.82838, "population": 100}, {"name": "Plainview Colony CDP, South Dakota", "lat": 45.58116, "lng": -99.01149, "population": 100}, {"name": "Batesland town, South Dakota", "lat": 43.12782, "lng": -102.1017, "population": 100}, {"name": "Pearl Creek Colony CDP, South Dakota", "lat": 44.32603, "lng": -97.91842, "population": 99}, {"name": "Revillo town, South Dakota", "lat": 45.01532, "lng": -96.5711, "population": 99}, {"name": "Sinai town, South Dakota", "lat": 44.24449, "lng": -97.04403, "population": 99}, {"name": "Clearfield Colony CDP, South Dakota", "lat": 43.14388, "lng": -98.14207, "population": 99}, {"name": "Millbrook Colony CDP, South Dakota", "lat": 43.6681, "lng": -97.871, "population": 98}, {"name": "Vivian CDP, South Dakota", "lat": 43.92727, "lng": -100.30112, "population": 98}, {"name": "Richland CDP, South Dakota", "lat": 42.76342, "lng": -96.64785, "population": 97}, {"name": "Bon Homme Colony CDP, South Dakota", "lat": 42.8647, "lng": -97.70519, "population": 97}, {"name": "Cresbard town, South Dakota", "lat": 45.16941, "lng": -98.94766, "population": 96}, {"name": "Fairfax town, South Dakota", "lat": 43.02805, "lng": -98.88895, "population": 96}, {"name": "Golden View Colony CDP, South Dakota", "lat": 43.69542, "lng": -97.44364, "population": 95}, {"name": "Hutterville Colony CDP, South Dakota", "lat": 45.26632, "lng": -98.21152, "population": 95}, {"name": "Hillcrest Colony CDP, South Dakota", "lat": 44.94247, "lng": -97.66719, "population": 94}, {"name": "Eden town, South Dakota", "lat": 45.61677, "lng": -97.41971, "population": 94}, {"name": "Burbank CDP, South Dakota", "lat": 42.74608, "lng": -96.83272, "population": 93}, {"name": "Central City city, South Dakota", "lat": 44.36858, "lng": -103.77051, "population": 93}, {"name": "Clark Colony CDP, South Dakota", "lat": 44.79136, "lng": -97.98145, "population": 92}, {"name": "Collins Colony CDP, South Dakota", "lat": 44.54777, "lng": -97.70127, "population": 92}, {"name": "Wallace town, South Dakota", "lat": 45.08446, "lng": -97.47813, "population": 91}, {"name": "Canova town, South Dakota", "lat": 43.88126, "lng": -97.50396, "population": 89}, {"name": "Dallas town, South Dakota", "lat": 43.23783, "lng": -99.51751, "population": 89}, {"name": "Shamrock Colony CDP, South Dakota", "lat": 44.62096, "lng": -97.96506, "population": 88}, {"name": "Westport town, South Dakota", "lat": 45.64781, "lng": -98.49812, "population": 88}, {"name": "Brentford town, South Dakota", "lat": 45.1592, "lng": -98.32255, "population": 88}, {"name": "Fulton town, South Dakota", "lat": 43.72883, "lng": -97.82263, "population": 87}, {"name": "Ideal CDP, South Dakota", "lat": 43.53997, "lng": -99.92179, "population": 86}, {"name": "Mansfield CDP, South Dakota", "lat": 45.24648, "lng": -98.55815, "population": 86}, {"name": "Claire City town, South Dakota", "lat": 45.85662, "lng": -97.10353, "population": 82}, {"name": "Sherman town, South Dakota", "lat": 43.75755, "lng": -96.47574, "population": 81}, {"name": "Cameron Colony CDP, South Dakota", "lat": 43.1878, "lng": -97.2627, "population": 79}, {"name": "New Holland CDP, South Dakota", "lat": 43.42867, "lng": -98.60733, "population": 77}, {"name": "Rockport Colony CDP, South Dakota", "lat": 43.58199, "lng": -97.84305, "population": 77}, {"name": "Akaska town, South Dakota", "lat": 45.33103, "lng": -100.12086, "population": 77}, {"name": "Camrose Colony CDP, South Dakota", "lat": 44.93429, "lng": -98.22017, "population": 76}, {"name": "Dante town, South Dakota", "lat": 43.0399, "lng": -98.18555, "population": 75}, {"name": "Herrick town, South Dakota", "lat": 43.11502, "lng": -99.18821, "population": 74}, {"name": "Fruitdale town, South Dakota", "lat": 44.66921, "lng": -103.69547, "population": 73}, {"name": "Riverside Colony CDP, South Dakota", "lat": 44.4781, "lng": -98.13724, "population": 72}, {"name": "Ravinia town, South Dakota", "lat": 43.1365, "lng": -98.42683, "population": 71}, {"name": "Bushnell town, South Dakota", "lat": 44.32742, "lng": -96.64237, "population": 71}, {"name": "Lyons CDP, South Dakota", "lat": 43.72489, "lng": -96.86617, "population": 70}, {"name": "Morningside CDP, South Dakota", "lat": 44.36763, "lng": -98.18139, "population": 70}, {"name": "Utica town, South Dakota", "lat": 42.98109, "lng": -97.49666, "population": 70}, {"name": "Mound City town, South Dakota", "lat": 45.72618, "lng": -100.06884, "population": 69}, {"name": "Corona town, South Dakota", "lat": 45.33523, "lng": -96.76458, "population": 69}, {"name": "Rowena CDP, South Dakota", "lat": 43.51909, "lng": -96.55615, "population": 68}, {"name": "Stephan CDP, South Dakota", "lat": 44.24914, "lng": -99.45667, "population": 68}, {"name": "Agar town, South Dakota", "lat": 44.83973, "lng": -100.07345, "population": 68}, {"name": "Claremont Colony CDP, South Dakota", "lat": 44.71291, "lng": -96.95124, "population": 68}, {"name": "La Bolt town, South Dakota", "lat": 45.04904, "lng": -96.67516, "population": 66}, {"name": "Oral CDP, South Dakota", "lat": 43.40646, "lng": -103.26155, "population": 66}, {"name": "Andover town, South Dakota", "lat": 45.41022, "lng": -97.90371, "population": 66}, {"name": "Interior town, South Dakota", "lat": 43.72727, "lng": -101.9833, "population": 65}, {"name": "Wasta town, South Dakota", "lat": 44.06953, "lng": -102.44637, "population": 65}, {"name": "Bradley town, South Dakota", "lat": 45.09041, "lng": -97.64195, "population": 65}, {"name": "Olivet town, South Dakota", "lat": 43.24303, "lng": -97.67466, "population": 64}, {"name": "Quinn town, South Dakota", "lat": 43.98658, "lng": -102.12635, "population": 63}, {"name": "Strandburg town, South Dakota", "lat": 45.04407, "lng": -96.76044, "population": 63}, {"name": "Fairview town, South Dakota", "lat": 43.22203, "lng": -96.4874, "population": 61}, {"name": "Camp Crook town, South Dakota", "lat": 45.55007, "lng": -103.97493, "population": 60}, {"name": "Fairburn town, South Dakota", "lat": 43.68694, "lng": -103.20869, "population": 60}, {"name": "Ree Heights town, South Dakota", "lat": 44.51582, "lng": -99.20052, "population": 59}, {"name": "Stratford town, South Dakota", "lat": 45.31745, "lng": -98.30434, "population": 57}, {"name": "Brant Lake city, South Dakota", "lat": 43.93083, "lng": -96.94353, "population": 56}, {"name": "Harrison CDP, South Dakota", "lat": 43.43113, "lng": -98.52671, "population": 55}, {"name": "Turton town, South Dakota", "lat": 45.04896, "lng": -98.09741, "population": 55}, {"name": "Forestburg CDP, South Dakota", "lat": 44.0212, "lng": -98.10323, "population": 54}, {"name": "New Witten town, South Dakota", "lat": 43.44064, "lng": -100.08196, "population": 54}, {"name": "Davis town, South Dakota", "lat": 43.25953, "lng": -96.99451, "population": 54}, {"name": "Raymond town, South Dakota", "lat": 44.91055, "lng": -97.93726, "population": 53}, {"name": "Rolland Colony CDP, South Dakota", "lat": 44.3437, "lng": -96.59226, "population": 53}, {"name": "Cow Creek CDP, South Dakota", "lat": 44.54933, "lng": -100.46797, "population": 52}, {"name": "Orient town, South Dakota", "lat": 44.90171, "lng": -99.08871, "population": 51}, {"name": "Bath Corner CDP, South Dakota", "lat": 45.46269, "lng": -98.3329, "population": 51}, {"name": "Ortley town, South Dakota", "lat": 45.33495, "lng": -97.20495, "population": 50}, {"name": "Vienna town, South Dakota", "lat": 44.70316, "lng": -97.50002, "population": 49}, {"name": "Grenville town, South Dakota", "lat": 45.46699, "lng": -97.39023, "population": 48}, {"name": "Meckling CDP, South Dakota", "lat": 42.84011, "lng": -97.06724, "population": 48}, {"name": "Bridger CDP, South Dakota", "lat": 44.54214, "lng": -101.91364, "population": 48}, {"name": "Lane town, South Dakota", "lat": 44.06969, "lng": -98.42462, "population": 47}, {"name": "Morristown town, South Dakota", "lat": 45.93862, "lng": -101.71883, "population": 47}, {"name": "Running Water CDP, South Dakota", "lat": 42.78217, "lng": -97.98167, "population": 47}, {"name": "Twin Brooks town, South Dakota", "lat": 45.20897, "lng": -96.78551, "population": 47}, {"name": "Maverick Junction CDP, South Dakota", "lat": 43.40874, "lng": -103.39589, "population": 46}, {"name": "Nunda town, South Dakota", "lat": 44.15985, "lng": -97.01939, "population": 46}, {"name": "Belvidere town, South Dakota", "lat": 43.83222, "lng": -101.27112, "population": 46}, {"name": "Draper town, South Dakota", "lat": 43.92616, "lng": -100.53718, "population": 46}, {"name": "Lake City town, South Dakota", "lat": 45.72475, "lng": -97.41402, "population": 45}, {"name": "Ferney CDP, South Dakota", "lat": 45.33455, "lng": -98.09387, "population": 42}, {"name": "Wood town, South Dakota", "lat": 43.49706, "lng": -100.48016, "population": 41}, {"name": "Erwin town, South Dakota", "lat": 44.48802, "lng": -97.44086, "population": 40}, {"name": "Smithwick CDP, South Dakota", "lat": 43.29758, "lng": -103.2163, "population": 39}, {"name": "Naples town, South Dakota", "lat": 44.77164, "lng": -97.51304, "population": 38}, {"name": "Winfred CDP, South Dakota", "lat": 43.9988, "lng": -97.36161, "population": 38}, {"name": "Tolstoy town, South Dakota", "lat": 45.20815, "lng": -99.61398, "population": 35}, {"name": "Ward town, South Dakota", "lat": 44.15481, "lng": -96.46259, "population": 34}, {"name": "Dolton town, South Dakota", "lat": 43.49109, "lng": -97.3848, "population": 34}, {"name": "Garden City town, South Dakota", "lat": 44.95926, "lng": -97.58041, "population": 33}, {"name": "Lantry CDP, South Dakota", "lat": 45.01839, "lng": -101.43287, "population": 33}, {"name": "Lebanon town, South Dakota", "lat": 45.06878, "lng": -99.76638, "population": 33}, {"name": "Loomis CDP, South Dakota", "lat": 43.79306, "lng": -98.10409, "population": 33}, {"name": "Altamont town, South Dakota", "lat": 44.84078, "lng": -96.69015, "population": 32}, {"name": "Caputa CDP, South Dakota", "lat": 43.99603, "lng": -102.98462, "population": 32}, {"name": "Okaton CDP, South Dakota", "lat": 43.85211, "lng": -100.88137, "population": 31}, {"name": "Kaylor CDP, South Dakota", "lat": 43.19362, "lng": -97.8441, "population": 30}, {"name": "Vilas town, South Dakota", "lat": 44.00843, "lng": -97.59562, "population": 29}, {"name": "Dudley CDP, South Dakota", "lat": 43.30816, "lng": -103.81922, "population": 28}, {"name": "Long Lake town, South Dakota", "lat": 45.85666, "lng": -99.20579, "population": 27}, {"name": "Broadland town, South Dakota", "lat": 44.49383, "lng": -98.34656, "population": 27}, {"name": "Fedora CDP, South Dakota", "lat": 44.00667, "lng": -97.78956, "population": 26}, {"name": "Virgil town, South Dakota", "lat": 44.29094, "lng": -98.4276, "population": 26}, {"name": "Kidder CDP, South Dakota", "lat": 45.88171, "lng": -97.71385, "population": 25}, {"name": "Prairie City CDP, South Dakota", "lat": 45.53605, "lng": -102.81709, "population": 25}, {"name": "Rockham town, South Dakota", "lat": 44.90428, "lng": -98.82341, "population": 22}, {"name": "Seneca town, South Dakota", "lat": 45.0608, "lng": -99.50916, "population": 22}, {"name": "Waverly CDP, South Dakota", "lat": 44.99867, "lng": -96.97414, "population": 22}, {"name": "Aurora Center CDP, South Dakota", "lat": 43.52716, "lng": -98.58947, "population": 22}, {"name": "Graceville Colony CDP, South Dakota", "lat": 43.92886, "lng": -97.284, "population": 21}, {"name": "Green Grass CDP, South Dakota", "lat": 45.15662, "lng": -101.28697, "population": 21}, {"name": "Hetland town, South Dakota", "lat": 44.37723, "lng": -97.23467, "population": 20}, {"name": "Marvin town, South Dakota", "lat": 45.26051, "lng": -96.91539, "population": 19}, {"name": "Chelsea town, South Dakota", "lat": 45.16756, "lng": -98.74338, "population": 19}, {"name": "Crocker CDP, South Dakota", "lat": 45.11406, "lng": -97.77081, "population": 19}, {"name": "Wetonka town, South Dakota", "lat": 45.62422, "lng": -98.77174, "population": 16}, {"name": "Cloverleaf Colony CDP, South Dakota", "lat": 44.1839, "lng": -97.53833, "population": 16}, {"name": "Ola CDP, South Dakota", "lat": 43.6005, "lng": -99.21138, "population": 15}, {"name": "St. Charles CDP, South Dakota", "lat": 43.08813, "lng": -99.09488, "population": 15}, {"name": "Farmer town, South Dakota", "lat": 43.7253, "lng": -97.68905, "population": 15}, {"name": "Grass Ranch Colony CDP, South Dakota", "lat": 43.65001, "lng": -98.88362, "population": 14}, {"name": "Hamill CDP, South Dakota", "lat": 43.59405, "lng": -99.6932, "population": 14}, {"name": "Onaka town, South Dakota", "lat": 45.19118, "lng": -99.46471, "population": 13}, {"name": "Bancroft town, South Dakota", "lat": 44.48937, "lng": -97.7505, "population": 13}, {"name": "Cottonwood town, South Dakota", "lat": 43.9704, "lng": -101.90408, "population": 12}, {"name": "Greenwood Colony CDP, South Dakota", "lat": 43.21448, "lng": -98.15362, "population": 11}, {"name": "Gann Valley CDP, South Dakota", "lat": 44.03351, "lng": -98.98842, "population": 10}, {"name": "Lowry town, South Dakota", "lat": 45.31558, "lng": -99.98115, "population": 10}, {"name": "Provo CDP, South Dakota", "lat": 43.19365, "lng": -103.83294, "population": 10}, {"name": "Norfeld Colony CDP, South Dakota", "lat": 44.42326, "lng": -96.55617, "population": 9}, {"name": "Long Lake Colony CDP, South Dakota", "lat": 45.60255, "lng": -98.82601, "population": 8}, {"name": "Milltown CDP, South Dakota", "lat": 43.42475, "lng": -97.8109, "population": 8}, {"name": "Roswell CDP, South Dakota", "lat": 44.00597, "lng": -97.69745, "population": 8}, {"name": "Westwood Colony CDP, South Dakota", "lat": 45.89287, "lng": -97.78141, "population": 8}, {"name": "Silver Lake Colony CDP, South Dakota", "lat": 44.86555, "lng": -97.60867, "population": 7}, {"name": "Thunderbird Colony CDP, South Dakota", "lat": 45.19107, "lng": -99.26228, "population": 7}, {"name": "Albee town, South Dakota", "lat": 45.05129, "lng": -96.55353, "population": 7}, {"name": "Artas town, South Dakota", "lat": 45.88723, "lng": -99.8068, "population": 7}, {"name": "Buffalo Chip town, South Dakota", "lat": 44.41659, "lng": -103.40587, "population": 7}, {"name": "Newdale Colony CDP, South Dakota", "lat": 44.29001, "lng": -96.52432, "population": 6}, {"name": "Pleasant Valley Colony CDP, South Dakota", "lat": 44.05887, "lng": -96.47097, "population": 6}, {"name": "Storla CDP, South Dakota", "lat": 43.8625, "lng": -98.35262, "population": 6}, {"name": "White Rock town, South Dakota", "lat": 45.92474, "lng": -96.57618, "population": 6}, {"name": "Poinsett Colony CDP, South Dakota", "lat": 44.64142, "lng": -96.90026, "population": 5}, {"name": "Butler town, South Dakota", "lat": 45.26199, "lng": -97.71161, "population": 4}, {"name": "Verdon town, South Dakota", "lat": 45.24419, "lng": -98.09919, "population": 3}, {"name": "Hillsview town, South Dakota", "lat": 45.66197, "lng": -99.56066, "population": 2}, {"name": "Huron Colony CDP, South Dakota", "lat": 44.56344, "lng": -98.20547, "population": 2}, {"name": "Orland Colony CDP, South Dakota", "lat": 43.82157, "lng": -97.19902, "population": 2}, {"name": "Bijou Hills CDP, South Dakota", "lat": 43.52848, "lng": -99.14386, "population": 2}, {"name": "Shannon Colony CDP, South Dakota", "lat": 43.98261, "lng": -97.42507, "population": 1}, {"name": "Ardmore CDP, South Dakota", "lat": 43.01919, "lng": -103.65427, "population": 1}]