[{"name": "Nashville-Davidson metropolitan government (balance), Tennessee", "lat": 36.1718, "lng": -86.785, "population": 689447}, {"name": "Memphis city, Tennessee", "lat": 35.10902, "lng": -89.96657, "population": 633104}, {"name": "Knoxville city, Tennessee", "lat": 35.97068, "lng": -83.94927, "population": 190740}, {"name": "Chattanooga city, Tennessee", "lat": 35.06596, "lng": -85.24839, "population": 181099}, {"name": "Clarksville city, Tennessee", "lat": 36.56643, "lng": -87.34522, "population": 166722}, {"name": "Murfreesboro city, Tennessee", "lat": 35.85392, "lng": -86.42122, "population": 152769}, {"name": "Franklin city, Tennessee", "lat": 35.92125, "lng": -86.85228, "population": 83454}, {"name": "Johnson City city, Tennessee", "lat": 36.34233, "lng": -82.38092, "population": 71046}, {"name": "Jackson city, Tennessee", "lat": 35.65417, "lng": -88.83534, "population": 68205}, {"name": "Hendersonville city, Tennessee", "lat": 36.30729, "lng": -86.59889, "population": 61753}, {"name": "Bartlett city, Tennessee", "lat": 35.23417, "lng": -89.82027, "population": 57786}, {"name": "Kingsport city, Tennessee", "lat": 36.51989, "lng": -82.54464, "population": 55442}, {"name": "Smyrna town, Tennessee", "lat": 35.96753, "lng": -86.52535, "population": 53070}, {"name": "Collierville town, Tennessee", "lat": 35.04892, "lng": -89.69708, "population": 51324}, {"name": "Spring Hill city, Tennessee", "lat": 35.74662, "lng": -86.91683, "population": 50005}, {"name": "Cleveland city, Tennessee", "lat": 35.18242, "lng": -84.86973, "population": 47356}, {"name": "Brentwood city, Tennessee", "lat": 35.99427, "lng": -86.77763, "population": 45373}, {"name": "Gallatin city, Tennessee", "lat": 36.37849, "lng": -86.46909, "population": 44431}, {"name": "Columbia city, Tennessee", "lat": 35.62251, "lng": -87.04977, "population": 41690}, {"name": "Germantown city, Tennessee", "lat": 35.08196, "lng": -89.78258, "population": 41333}, {"name": "Mount Juliet city, Tennessee", "lat": 36.1992, "lng": -86.50949, "population": 39289}, {"name": "La Vergne city, Tennessee", "lat": 36.02224, "lng": -86.55938, "population": 38719}, {"name": "Lebanon city, Tennessee", "lat": 36.20534, "lng": -86.34917, "population": 38431}, {"name": "Cookeville city, Tennessee", "lat": 36.14693, "lng": -85.51265, "population": 34842}, {"name": "Maryville city, Tennessee", "lat": 35.74681, "lng": -83.9788, "population": 31907}, {"name": "Oak Ridge city, Tennessee", "lat": 35.96648, "lng": -84.29055, "population": 31402}, {"name": "Morristown city, Tennessee", "lat": 36.20435, "lng": -83.30003, "population": 30431}, {"name": "Bristol city, Tennessee", "lat": 36.55855, "lng": -82.217, "population": 27147}, {"name": "Shelbyville city, Tennessee", "lat": 35.49866, "lng": -86.45167, "population": 23557}, {"name": "Farragut town, Tennessee", "lat": 35.87618, "lng": -84.18002, "population": 23506}, {"name": "East Ridge city, Tennessee", "lat": 34.9973, "lng": -85.22851, "population": 22167}, {"name": "Tullahoma city, Tennessee", "lat": 35.37331, "lng": -86.21828, "population": 20339}, {"name": "Springfield city, Tennessee", "lat": 36.4936, "lng": -86.87221, "population": 18782}, {"name": "Sevierville city, Tennessee", "lat": 35.88969, "lng": -83.57986, "population": 17889}, {"name": "Goodlettsville city, Tennessee", "lat": 36.33303, "lng": -86.70423, "population": 17789}, {"name": "Dyersburg city, Tennessee", "lat": 36.04682, "lng": -89.37797, "population": 16164}, {"name": "Dickson city, Tennessee", "lat": 36.06332, "lng": -87.36884, "population": 16058}, {"name": "Greeneville town, Tennessee", "lat": 36.16802, "lng": -82.81967, "population": 15479}, {"name": "Seymour CDP, Tennessee", "lat": 35.88265, "lng": -83.76163, "population": 14705}, {"name": "Arlington town, Tennessee", "lat": 35.25252, "lng": -89.66115, "population": 14549}, {"name": "Elizabethton city, Tennessee", "lat": 36.33957, "lng": -82.2378, "population": 14546}, {"name": "Athens city, Tennessee", "lat": 35.45774, "lng": -84.60375, "population": 14084}, {"name": "Lakeland city, Tennessee", "lat": 35.25622, "lng": -89.72667, "population": 13904}, {"name": "Nolensville town, Tennessee", "lat": 35.95711, "lng": -86.67192, "population": 13829}, {"name": "Powell CDP, Tennessee", "lat": 36.03585, "lng": -84.02965, "population": 13802}, {"name": "McMinnville city, Tennessee", "lat": 35.6863, "lng": -85.78122, "population": 13788}, {"name": "Portland city, Tennessee", "lat": 36.59749, "lng": -86.52662, "population": 13156}, {"name": "Soddy-Daisy city, Tennessee", "lat": 35.26158, "lng": -85.17212, "population": 13070}, {"name": "White House city, Tennessee", "lat": 36.46478, "lng": -86.66653, "population": 12982}, {"name": "Lewisburg city, Tennessee", "lat": 35.45055, "lng": -86.78952, "population": 12288}, {"name": "Manchester city, Tennessee", "lat": 35.46185, "lng": -86.08324, "population": 12212}, {"name": "Crossville city, Tennessee", "lat": 35.95154, "lng": -85.03059, "population": 12071}, {"name": "Red Bank city, Tennessee", "lat": 35.1117, "lng": -85.29616, "population": 11899}, {"name": "Middle Valley CDP, Tennessee", "lat": 35.19074, "lng": -85.19746, "population": 11695}, {"name": "Lawrenceburg city, Tennessee", "lat": 35.24971, "lng": -87.3325, "population": 11633}, {"name": "Hartsville/Trousdale County, Tennessee", "lat": 36.39303, "lng": -86.15669, "population": 11615}, {"name": "Union City city, Tennessee", "lat": 36.42709, "lng": -89.04772, "population": 11170}, {"name": "Collegedale city, Tennessee", "lat": 35.0526, "lng": -85.0488, "population": 11109}, {"name": "Alcoa city, Tennessee", "lat": 35.80957, "lng": -83.97586, "population": 10978}, {"name": "Martin city, Tennessee", "lat": 36.33788, "lng": -88.85137, "population": 10825}, {"name": "Millington city, Tennessee", "lat": 35.33371, "lng": -89.89954, "population": 10582}, {"name": "Halls CDP, Tennessee", "lat": 36.08168, "lng": -83.93438, "population": 10341}, {"name": "Paris city, Tennessee", "lat": 36.29274, "lng": -88.30806, "population": 10316}, {"name": "Lenoir City city, Tennessee", "lat": 35.81073, "lng": -84.27957, "population": 10117}, {"name": "Clinton city, Tennessee", "lat": 36.09734, "lng": -84.12895, "population": 10056}, {"name": "Atoka town, Tennessee", "lat": 35.42586, "lng": -89.78441, "population": 10008}, {"name": "Brownsville city, Tennessee", "lat": 35.58904, "lng": -89.25786, "population": 9788}, {"name": "Winchester city, Tennessee", "lat": 35.1891, "lng": -86.1049, "population": 9375}, {"name": "Fairview city, Tennessee", "lat": 35.9817, "lng": -87.13142, "population": 9357}, {"name": "Fairfield Glade CDP, Tennessee", "lat": 36.00378, "lng": -84.87274, "population": 9152}, {"name": "Oakland town, Tennessee", "lat": 35.2261, "lng": -89.53817, "population": 8936}, {"name": "Bloomingdale CDP, Tennessee", "lat": 36.58227, "lng": -82.50677, "population": 8918}, {"name": "Signal Mountain town, Tennessee", "lat": 35.14389, "lng": -85.34147, "population": 8852}, {"name": "Covington city, Tennessee", "lat": 35.56581, "lng": -89.64809, "population": 8663}, {"name": "Jefferson City city, Tennessee", "lat": 36.12013, "lng": -83.48347, "population": 8419}, {"name": "Pulaski city, Tennessee", "lat": 35.19326, "lng": -87.03493, "population": 8397}, {"name": "Milan city, Tennessee", "lat": 35.91203, "lng": -88.75396, "population": 8171}, {"name": "Lexington city, Tennessee", "lat": 35.64213, "lng": -88.37531, "population": 7956}, {"name": "Harrison CDP, Tennessee", "lat": 35.12504, "lng": -85.14713, "population": 7902}, {"name": "Humboldt city, Tennessee", "lat": 35.8274, "lng": -88.90448, "population": 7874}, {"name": "Ripley city, Tennessee", "lat": 35.74608, "lng": -89.53411, "population": 7800}, {"name": "South Cleveland CDP, Tennessee", "lat": 35.10968, "lng": -84.90966, "population": 7673}, {"name": "Thompson's Station town, Tennessee", "lat": 35.81234, "lng": -86.89978, "population": 7485}, {"name": "La Follette city, Tennessee", "lat": 36.37172, "lng": -84.12565, "population": 7430}, {"name": "Tellico Village CDP, Tennessee", "lat": 35.69788, "lng": -84.2636, "population": 7311}, {"name": "Savannah city, Tennessee", "lat": 35.22093, "lng": -88.23506, "population": 7213}, {"name": "Fayetteville city, Tennessee", "lat": 35.14896, "lng": -86.56348, "population": 7068}, {"name": "Dayton city, Tennessee", "lat": 35.49148, "lng": -85.01232, "population": 7065}, {"name": "Church Hill city, Tennessee", "lat": 36.51963, "lng": -82.7141, "population": 6998}, {"name": "Greenbrier town, Tennessee", "lat": 36.42156, "lng": -86.79015, "population": 6898}, {"name": "Newport city, Tennessee", "lat": 35.96162, "lng": -83.1976, "population": 6868}, {"name": "Green Hill CDP, Tennessee", "lat": 36.23499, "lng": -86.57253, "population": 6518}, {"name": "Lynchburg, Moore County metropolitan government, Tennessee", "lat": 35.28889, "lng": -86.35868, "population": 6461}, {"name": "Pigeon Forge city, Tennessee", "lat": 35.79772, "lng": -83.56237, "population": 6343}, {"name": "Sweetwater city, Tennessee", "lat": 35.60255, "lng": -84.47138, "population": 6312}, {"name": "Henderson city, Tennessee", "lat": 35.44307, "lng": -88.65656, "population": 6308}, {"name": "Munford city, Tennessee", "lat": 35.44391, "lng": -89.81558, "population": 6302}, {"name": "Millersville city, Tennessee", "lat": 36.39685, "lng": -86.71115, "population": 6299}, {"name": "Erwin town, Tennessee", "lat": 36.14583, "lng": -82.41199, "population": 6083}, {"name": "Loudon city, Tennessee", "lat": 35.73724, "lng": -84.3621, "population": 5991}, {"name": "Kingston city, Tennessee", "lat": 35.87267, "lng": -84.50449, "population": 5953}, {"name": "Harriman city, Tennessee", "lat": 35.93038, "lng": -84.56258, "population": 5892}, {"name": "Jonesborough town, Tennessee", "lat": 36.29586, "lng": -82.47656, "population": 5860}, {"name": "Lafayette city, Tennessee", "lat": 36.52404, "lng": -86.03059, "population": 5584}, {"name": "McKenzie city, Tennessee", "lat": 36.13664, "lng": -88.50711, "population": 5529}, {"name": "Mount Carmel town, Tennessee", "lat": 36.56488, "lng": -82.66777, "population": 5473}, {"name": "Rockwood city, Tennessee", "lat": 35.87008, "lng": -84.67494, "population": 5444}, {"name": "Eagleton Village CDP, Tennessee", "lat": 35.78818, "lng": -83.93622, "population": 5393}, {"name": "Dunlap city, Tennessee", "lat": 35.36753, "lng": -85.38983, "population": 5357}, {"name": "Bolivar city, Tennessee", "lat": 35.26402, "lng": -89.0119, "population": 5205}, {"name": "Ashland City town, Tennessee", "lat": 36.25617, "lng": -87.03274, "population": 5193}, {"name": "Madisonville city, Tennessee", "lat": 35.5232, "lng": -84.36297, "population": 5132}, {"name": "Medina city, Tennessee", "lat": 35.81705, "lng": -88.79046, "population": 5126}, {"name": "Forest Hills city, Tennessee", "lat": 36.06997, "lng": -86.83623, "population": 5038}, {"name": "Smithville city, Tennessee", "lat": 35.95836, "lng": -85.82112, "population": 5004}, {"name": "Sparta city, Tennessee", "lat": 35.93474, "lng": -85.47264, "population": 4998}, {"name": "Oak Hill city, Tennessee", "lat": 36.06845, "lng": -86.79313, "population": 4891}, {"name": "Pleasant View city, Tennessee", "lat": 36.38929, "lng": -87.04549, "population": 4807}, {"name": "Mount Pleasant city, Tennessee", "lat": 35.54815, "lng": -87.18693, "population": 4784}, {"name": "Rogersville town, Tennessee", "lat": 36.40826, "lng": -83.00418, "population": 4671}, {"name": "Lake Tansi CDP, Tennessee", "lat": 35.87028, "lng": -85.06058, "population": 4629}, {"name": "Oak Grove CDP (Washington County), Tennessee", "lat": 36.42506, "lng": -82.43405, "population": 4482}, {"name": "Coopertown town, Tennessee", "lat": 36.41424, "lng": -86.96579, "population": 4480}, {"name": "Selmer town, Tennessee", "lat": 35.17059, "lng": -88.5951, "population": 4446}, {"name": "Huntingdon town, Tennessee", "lat": 36.0061, "lng": -88.41725, "population": 4439}, {"name": "Apison CDP, Tennessee", "lat": 35.00485, "lng": -85.00968, "population": 4428}, {"name": "Harrogate city, Tennessee", "lat": 36.57523, "lng": -83.64616, "population": 4400}, {"name": "Louisville city, Tennessee", "lat": 35.82269, "lng": -84.05265, "population": 4384}, {"name": "Christiana CDP, Tennessee", "lat": 35.71927, "lng": -86.41292, "population": 4305}, {"name": "Waverly city, Tennessee", "lat": 36.09394, "lng": -87.78467, "population": 4297}, {"name": "Trenton city, Tennessee", "lat": 35.9732, "lng": -88.94522, "population": 4240}, {"name": "Spurgeon CDP, Tennessee", "lat": 36.44443, "lng": -82.46125, "population": 3978}, {"name": "Tiptonville town, Tennessee", "lat": 36.3766, "lng": -89.48772, "population": 3976}, {"name": "Algood city, Tennessee", "lat": 36.19996, "lng": -85.44677, "population": 3963}, {"name": "Livingston town, Tennessee", "lat": 36.38664, "lng": -85.3261, "population": 3905}, {"name": "White Bluff town, Tennessee", "lat": 36.10058, "lng": -87.21185, "population": 3862}, {"name": "Unicoi town, Tennessee", "lat": 36.22177, "lng": -82.32922, "population": 3833}, {"name": "Oneida town, Tennessee", "lat": 36.51567, "lng": -84.51082, "population": 3787}, {"name": "Camden city, Tennessee", "lat": 36.06625, "lng": -88.10461, "population": 3674}, {"name": "Hohenwald city, Tennessee", "lat": 35.5515, "lng": -87.55392, "population": 3668}, {"name": "Jasper town, Tennessee", "lat": 35.06826, "lng": -85.62116, "population": 3612}, {"name": "Etowah city, Tennessee", "lat": 35.33814, "lng": -84.5282, "population": 3603}, {"name": "Gatlinburg city, Tennessee", "lat": 35.72498, "lng": -83.4938, "population": 3577}, {"name": "Karns CDP, Tennessee", "lat": 35.97779, "lng": -84.10913, "population": 3536}, {"name": "Centerville town, Tennessee", "lat": 35.8262, "lng": -87.43829, "population": 3532}, {"name": "Somerville town, Tennessee", "lat": 35.23221, "lng": -89.37535, "population": 3415}, {"name": "Newbern town, Tennessee", "lat": 36.11688, "lng": -89.27136, "population": 3349}, {"name": "Dandridge town, Tennessee", "lat": 36.0286, "lng": -83.43042, "population": 3344}, {"name": "Shackle Island CDP, Tennessee", "lat": 36.37754, "lng": -86.61681, "population": 3331}, {"name": "Tusculum city, Tennessee", "lat": 36.17501, "lng": -82.74539, "population": 3298}, {"name": "Oliver Springs town, Tennessee", "lat": 36.03986, "lng": -84.32849, "population": 3297}, {"name": "Wildwood Lake CDP, Tennessee", "lat": 35.0882, "lng": -84.84771, "population": 3286}, {"name": "Blountville CDP, Tennessee", "lat": 36.53299, "lng": -82.32887, "population": 3120}, {"name": "South Pittsburg city, Tennessee", "lat": 35.01115, "lng": -85.71823, "population": 3106}, {"name": "Colonial Heights CDP, Tennessee", "lat": 36.49445, "lng": -82.49062, "population": 3055}, {"name": "Sale Creek CDP, Tennessee", "lat": 35.38642, "lng": -85.08239, "population": 3021}, {"name": "Dresden town, Tennessee", "lat": 36.27992, "lng": -88.6991, "population": 3019}, {"name": "Bean Station city, Tennessee", "lat": 36.33843, "lng": -83.28519, "population": 2967}, {"name": "Belle Meade city, Tennessee", "lat": 36.09944, "lng": -86.85626, "population": 2901}, {"name": "Brighton town, Tennessee", "lat": 35.48127, "lng": -89.73536, "population": 2888}, {"name": "Kingston Springs town, Tennessee", "lat": 36.08187, "lng": -87.10896, "population": 2824}, {"name": "New Tazewell town, Tennessee", "lat": 36.43813, "lng": -83.60521, "population": 2769}, {"name": "Mascot CDP, Tennessee", "lat": 36.06873, "lng": -83.76391, "population": 2760}, {"name": "Monterey town, Tennessee", "lat": 36.14462, "lng": -85.26427, "population": 2746}, {"name": "Westmoreland town, Tennessee", "lat": 36.56161, "lng": -86.24551, "population": 2718}, {"name": "Woodbury town, Tennessee", "lat": 35.82473, "lng": -86.07243, "population": 2703}, {"name": "Clifton city, Tennessee", "lat": 35.37729, "lng": -87.99117, "population": 2651}, {"name": "Whiteville town, Tennessee", "lat": 35.31793, "lng": -89.14974, "population": 2606}, {"name": "Sewanee CDP, Tennessee", "lat": 35.19788, "lng": -85.92148, "population": 2535}, {"name": "Mosheim town, Tennessee", "lat": 36.19564, "lng": -82.96581, "population": 2479}, {"name": "White Pine town, Tennessee", "lat": 36.10126, "lng": -83.28566, "population": 2471}, {"name": "Bells city, Tennessee", "lat": 35.71972, "lng": -89.08538, "population": 2463}, {"name": "Maynardville city, Tennessee", "lat": 36.24695, "lng": -83.80568, "population": 2456}, {"name": "Pine Crest CDP, Tennessee", "lat": 36.2932, "lng": -82.30892, "population": 2439}, {"name": "Park City CDP, Tennessee", "lat": 35.07788, "lng": -86.58412, "population": 2422}, {"name": "Mountain City town, Tennessee", "lat": 36.46957, "lng": -81.80489, "population": 2415}, {"name": "Strawberry Plains CDP, Tennessee", "lat": 36.06432, "lng": -83.64518, "population": 2405}, {"name": "Decherd city, Tennessee", "lat": 35.21585, "lng": -86.0747, "population": 2379}, {"name": "Coalfield CDP, Tennessee", "lat": 36.02284, "lng": -84.44249, "population": 2361}, {"name": "Tazewell town, Tennessee", "lat": 36.4625, "lng": -83.56703, "population": 2348}, {"name": "Alamo town, Tennessee", "lat": 35.78294, "lng": -89.11688, "population": 2336}, {"name": "Walnut Hill CDP, Tennessee", "lat": 36.56789, "lng": -82.26568, "population": 2331}, {"name": "Waynesboro city, Tennessee", "lat": 35.3235, "lng": -87.75933, "population": 2317}, {"name": "Dyer city, Tennessee", "lat": 36.07099, "lng": -88.99206, "population": 2308}, {"name": "Jacksboro town, Tennessee", "lat": 36.33516, "lng": -84.19268, "population": 2306}, {"name": "Carthage town, Tennessee", "lat": 36.25656, "lng": -85.94289, "population": 2291}, {"name": "Estill Springs town, Tennessee", "lat": 35.25689, "lng": -86.12204, "population": 2267}, {"name": "Adamsville town, Tennessee", "lat": 35.23753, "lng": -88.37838, "population": 2265}, {"name": "Piperton city, Tennessee", "lat": 35.05275, "lng": -89.60963, "population": 2263}, {"name": "South Fulton city, Tennessee", "lat": 36.49334, "lng": -88.88365, "population": 2245}, {"name": "Caryville town, Tennessee", "lat": 36.32515, "lng": -84.21816, "population": 2212}, {"name": "Fairmount CDP, Tennessee", "lat": 35.18646, "lng": -85.33024, "population": 2193}, {"name": "Ridgetop city, Tennessee", "lat": 36.40375, "lng": -86.76772, "population": 2155}, {"name": "Jellico city, Tennessee", "lat": 36.57156, "lng": -84.1162, "population": 2154}, {"name": "Central CDP, Tennessee", "lat": 36.3338, "lng": -82.29686, "population": 2114}, {"name": "Berry Hill city, Tennessee", "lat": 36.11962, "lng": -86.76745, "population": 2112}, {"name": "Parsons city, Tennessee", "lat": 35.65122, "lng": -88.12306, "population": 2100}, {"name": "Halls town, Tennessee", "lat": 35.88105, "lng": -89.40871, "population": 2091}, {"name": "Hopewell CDP, Tennessee", "lat": 35.23881, "lng": -84.91387, "population": 2087}, {"name": "Blaine city, Tennessee", "lat": 36.14472, "lng": -83.69554, "population": 2084}, {"name": "Pegram town, Tennessee", "lat": 36.10366, "lng": -87.05653, "population": 2072}, {"name": "Plainview city, Tennessee", "lat": 36.18071, "lng": -83.79333, "population": 2060}, {"name": "Lookout Mountain town, Tennessee", "lat": 34.99448, "lng": -85.35158, "population": 2058}, {"name": "Rural Hill CDP, Tennessee", "lat": 36.11829, "lng": -86.51471, "population": 2047}, {"name": "Greenfield city, Tennessee", "lat": 36.1651, "lng": -88.80728, "population": 2031}, {"name": "Hampton CDP, Tennessee", "lat": 36.27725, "lng": -82.17279, "population": 2030}, {"name": "Walden town, Tennessee", "lat": 35.16349, "lng": -85.30985, "population": 1981}, {"name": "Spring City town, Tennessee", "lat": 35.68639, "lng": -84.86423, "population": 1949}, {"name": "Jamestown city, Tennessee", "lat": 36.43079, "lng": -84.93559, "population": 1935}, {"name": "Valley Forge CDP, Tennessee", "lat": 36.30425, "lng": -82.19481, "population": 1926}, {"name": "Surgoinsville town, Tennessee", "lat": 36.47244, "lng": -82.86088, "population": 1882}, {"name": "Three Way city, Tennessee", "lat": 35.77202, "lng": -88.85722, "population": 1877}, {"name": "Falling Water CDP, Tennessee", "lat": 35.19593, "lng": -85.25942, "population": 1873}, {"name": "Lakesite city, Tennessee", "lat": 35.20272, "lng": -85.14124, "population": 1856}, {"name": "Biltmore CDP, Tennessee", "lat": 36.36874, "lng": -82.22113, "population": 1837}, {"name": "Dover city, Tennessee", "lat": 36.48159, "lng": -87.84377, "population": 1826}, {"name": "Pikeville city, Tennessee", "lat": 35.61536, "lng": -85.19336, "population": 1824}, {"name": "Bluff City city, Tennessee", "lat": 36.45948, "lng": -82.27789, "population": 1822}, {"name": "New Johnsonville city, Tennessee", "lat": 36.01647, "lng": -87.96946, "population": 1804}, {"name": "Hunter CDP, Tennessee", "lat": 36.40192, "lng": -82.15055, "population": 1803}, {"name": "Cross Plains city, Tennessee", "lat": 36.54125, "lng": -86.67664, "population": 1789}, {"name": "Cowan city, Tennessee", "lat": 35.16303, "lng": -86.01412, "population": 1759}, {"name": "Gruetli-Laager city, Tennessee", "lat": 35.37257, "lng": -85.6374, "population": 1742}, {"name": "Loretto city, Tennessee", "lat": 35.08097, "lng": -87.43946, "population": 1739}, {"name": "East Cleveland CDP, Tennessee", "lat": 35.15246, "lng": -84.85412, "population": 1725}, {"name": "Chapel Hill town, Tennessee", "lat": 35.62832, "lng": -86.6969, "population": 1717}, {"name": "Mowbray Mountain CDP, Tennessee", "lat": 35.27512, "lng": -85.22255, "population": 1705}, {"name": "Ridgely town, Tennessee", "lat": 36.26321, "lng": -89.48062, "population": 1690}, {"name": "Charlotte town, Tennessee", "lat": 36.18614, "lng": -87.33888, "population": 1656}, {"name": "New Union CDP, Tennessee", "lat": 35.53395, "lng": -86.08324, "population": 1646}, {"name": "McEwen city, Tennessee", "lat": 36.10984, "lng": -87.63552, "population": 1643}, {"name": "Whitwell city, Tennessee", "lat": 35.19239, "lng": -85.52153, "population": 1641}, {"name": "Rocky Top city, Tennessee", "lat": 36.22493, "lng": -84.15479, "population": 1628}, {"name": "Fincastle CDP, Tennessee", "lat": 36.40381, "lng": -84.04792, "population": 1611}, {"name": "Norris city, Tennessee", "lat": 36.21371, "lng": -84.06292, "population": 1599}, {"name": "Crump city, Tennessee", "lat": 35.23013, "lng": -88.34614, "population": 1594}, {"name": "Baxter town, Tennessee", "lat": 36.15367, "lng": -85.63492, "population": 1578}, {"name": "Vonore town, Tennessee", "lat": 35.59716, "lng": -84.23449, "population": 1574}, {"name": "Burns town, Tennessee", "lat": 36.05021, "lng": -87.298, "population": 1573}, {"name": "Decatur town, Tennessee", "lat": 35.52914, "lng": -84.79332, "population": 1563}, {"name": "Watertown city, Tennessee", "lat": 36.10065, "lng": -86.13944, "population": 1553}, {"name": "Kimball town, Tennessee", "lat": 35.0469, "lng": -85.67401, "population": 1545}, {"name": "Benton town, Tennessee", "lat": 35.17491, "lng": -84.65171, "population": 1523}, {"name": "Bruceton town, Tennessee", "lat": 36.03488, "lng": -88.24657, "population": 1507}, {"name": "South Carthage town, Tennessee", "lat": 36.2397, "lng": -85.95746, "population": 1490}, {"name": "Englewood town, Tennessee", "lat": 35.42285, "lng": -84.48827, "population": 1483}, {"name": "Graysville town, Tennessee", "lat": 35.44933, "lng": -85.07636, "population": 1471}, {"name": "Spencer town, Tennessee", "lat": 35.73924, "lng": -85.45605, "population": 1462}, {"name": "Olivet CDP, Tennessee", "lat": 35.20475, "lng": -88.1939, "population": 1441}, {"name": "Banner Hill CDP, Tennessee", "lat": 36.12226, "lng": -82.42029, "population": 1426}, {"name": "Troy town, Tennessee", "lat": 36.34191, "lng": -89.1582, "population": 1423}, {"name": "Celina city, Tennessee", "lat": 36.54761, "lng": -85.50375, "population": 1422}, {"name": "Tracy City town, Tennessee", "lat": 35.26304, "lng": -85.75567, "population": 1406}, {"name": "Unionville CDP, Tennessee", "lat": 35.61175, "lng": -86.57388, "population": 1394}, {"name": "Monteagle town, Tennessee", "lat": 35.23373, "lng": -85.85362, "population": 1393}, {"name": "Gleason town, Tennessee", "lat": 36.21738, "lng": -88.61067, "population": 1369}, {"name": "Gordonsville town, Tennessee", "lat": 36.18613, "lng": -85.93149, "population": 1363}, {"name": "New Market town, Tennessee", "lat": 36.09552, "lng": -83.55704, "population": 1349}, {"name": "Mason town, Tennessee", "lat": 35.41283, "lng": -89.54121, "population": 1337}, {"name": "Tennessee Ridge town, Tennessee", "lat": 36.31809, "lng": -87.76795, "population": 1332}, {"name": "Rutledge town, Tennessee", "lat": 36.27437, "lng": -83.53272, "population": 1321}, {"name": "Powells Crossroads town, Tennessee", "lat": 35.18482, "lng": -85.48478, "population": 1296}, {"name": "Gray CDP, Tennessee", "lat": 36.42115, "lng": -82.47647, "population": 1293}, {"name": "Sneedville town, Tennessee", "lat": 36.53567, "lng": -83.21003, "population": 1282}, {"name": "Bon Aqua Junction CDP, Tennessee", "lat": 35.92812, "lng": -87.31236, "population": 1279}, {"name": "Rockvale CDP, Tennessee", "lat": 35.76688, "lng": -86.52098, "population": 1279}, {"name": "Sullivan Gardens CDP, Tennessee", "lat": 36.4877, "lng": -82.59113, "population": 1271}, {"name": "Huntsville town, Tennessee", "lat": 36.41122, "lng": -84.50559, "population": 1270}, {"name": "Fall Branch CDP, Tennessee", "lat": 36.41615, "lng": -82.62419, "population": 1248}, {"name": "Cornersville town, Tennessee", "lat": 35.36339, "lng": -86.85838, "population": 1228}, {"name": "Erin city, Tennessee", "lat": 36.31628, "lng": -87.70084, "population": 1224}, {"name": "Midtown CDP, Tennessee", "lat": 35.88033, "lng": -84.57477, "population": 1220}, {"name": "Grimsley CDP, Tennessee", "lat": 36.27607, "lng": -84.99694, "population": 1219}, {"name": "Ardmore city, Tennessee", "lat": 35.00444, "lng": -86.85071, "population": 1217}, {"name": "Kenton town, Tennessee", "lat": 36.20208, "lng": -89.01527, "population": 1205}, {"name": "Red Boiling Springs city, Tennessee", "lat": 36.53017, "lng": -85.84817, "population": 1205}, {"name": "Lone Oak CDP, Tennessee", "lat": 35.20076, "lng": -85.36848, "population": 1198}, {"name": "Gladeville CDP, Tennessee", "lat": 36.11574, "lng": -86.43155, "population": 1189}, {"name": "Rutherford town, Tennessee", "lat": 36.12208, "lng": -88.99285, "population": 1163}, {"name": "Lakewood Park CDP, Tennessee", "lat": 35.64863, "lng": -86.13537, "population": 1161}, {"name": "Dodson Branch CDP, Tennessee", "lat": 36.31489, "lng": -85.53219, "population": 1160}, {"name": "Wildwood CDP, Tennessee", "lat": 35.79986, "lng": -83.86854, "population": 1157}, {"name": "Altamont town, Tennessee", "lat": 35.43249, "lng": -85.74331, "population": 1117}, {"name": "Greenback city, Tennessee", "lat": 35.64742, "lng": -84.16822, "population": 1102}, {"name": "Roan Mountain CDP, Tennessee", "lat": 36.18666, "lng": -82.07054, "population": 1078}, {"name": "Rossville town, Tennessee", "lat": 35.02584, "lng": -89.57166, "population": 1041}, {"name": "John Sevier CDP, Tennessee", "lat": 36.03795, "lng": -83.82577, "population": 1026}, {"name": "Luttrell town, Tennessee", "lat": 36.20962, "lng": -83.74849, "population": 1017}, {"name": "Bradford town, Tennessee", "lat": 36.07378, "lng": -88.81632, "population": 1001}, {"name": "Linden town, Tennessee", "lat": 35.61227, "lng": -87.84302, "population": 997}, {"name": "Obion town, Tennessee", "lat": 36.25577, "lng": -89.18259, "population": 991}, {"name": "New Hope city, Tennessee", "lat": 34.99943, "lng": -85.66844, "population": 987}, {"name": "Alexandria town, Tennessee", "lat": 36.07908, "lng": -86.03809, "population": 981}, {"name": "Orlinda city, Tennessee", "lat": 36.59384, "lng": -86.70156, "population": 947}, {"name": "Winfield town, Tennessee", "lat": 36.56708, "lng": -84.44287, "population": 947}, {"name": "Atwood town, Tennessee", "lat": 35.97472, "lng": -88.6689, "population": 940}, {"name": "Sharon town, Tennessee", "lat": 36.2351, "lng": -88.82515, "population": 935}, {"name": "Orebank CDP, Tennessee", "lat": 36.55595, "lng": -82.46407, "population": 929}, {"name": "Gainesboro town, Tennessee", "lat": 36.36322, "lng": -85.64868, "population": 920}, {"name": "Lobelville city, Tennessee", "lat": 35.75165, "lng": -87.79751, "population": 919}, {"name": "Walnut Grove CDP (Sumner County), Tennessee", "lat": 36.48898, "lng": -86.60569, "population": 911}, {"name": "Telford CDP, Tennessee", "lat": 36.25342, "lng": -82.54776, "population": 909}, {"name": "Collinwood city, Tennessee", "lat": 35.17451, "lng": -87.74409, "population": 898}, {"name": "Friendsville city, Tennessee", "lat": 35.75635, "lng": -84.13196, "population": 896}, {"name": "Huntland town, Tennessee", "lat": 35.05788, "lng": -86.26893, "population": 886}, {"name": "Rarity Bay CDP, Tennessee", "lat": 35.63481, "lng": -84.25374, "population": 885}, {"name": "Fowlkes CDP, Tennessee", "lat": 35.97197, "lng": -89.38793, "population": 882}, {"name": "Mooresburg CDP, Tennessee", "lat": 36.35074, "lng": -83.2352, "population": 877}, {"name": "Scotts Hill town, Tennessee", "lat": 35.51881, "lng": -88.25269, "population": 877}, {"name": "Henning town, Tennessee", "lat": 35.68457, "lng": -89.57433, "population": 871}, {"name": "Summertown CDP, Tennessee", "lat": 35.43442, "lng": -87.30846, "population": 856}, {"name": "Wartburg city, Tennessee", "lat": 36.10379, "lng": -84.58598, "population": 848}, {"name": "Kahite CDP, Tennessee", "lat": 35.56869, "lng": -84.23646, "population": 834}, {"name": "Rockford city, Tennessee", "lat": 35.83969, "lng": -83.93529, "population": 822}, {"name": "Russellville CDP, Tennessee", "lat": 36.25801, "lng": -83.19677, "population": 822}, {"name": "Eagleville city, Tennessee", "lat": 35.73919, "lng": -86.65273, "population": 813}, {"name": "Cosby CDP, Tennessee", "lat": 35.79513, "lng": -83.24566, "population": 807}, {"name": "Decaturville town, Tennessee", "lat": 35.58191, "lng": -88.11951, "population": 807}, {"name": "Trezevant town, Tennessee", "lat": 36.01094, "lng": -88.6206, "population": 799}, {"name": "Byrdstown town, Tennessee", "lat": 36.57363, "lng": -85.13419, "population": 798}, {"name": "St. Joseph city, Tennessee", "lat": 35.03298, "lng": -87.50078, "population": 790}, {"name": "Coalmont city, Tennessee", "lat": 35.34417, "lng": -85.71378, "population": 784}, {"name": "Delano CDP, Tennessee", "lat": 35.25645, "lng": -84.56173, "population": 777}, {"name": "Finley CDP, Tennessee", "lat": 36.03572, "lng": -89.47989, "population": 774}, {"name": "Niota city, Tennessee", "lat": 35.51717, "lng": -84.54985, "population": 772}, {"name": "Eastview town, Tennessee", "lat": 35.08766, "lng": -88.55169, "population": 763}, {"name": "Lyles CDP, Tennessee", "lat": 35.9195, "lng": -87.34498, "population": 763}, {"name": "Tellico Plains town, Tennessee", "lat": 35.3665, "lng": -84.29814, "population": 762}, {"name": "Bulls Gap town, Tennessee", "lat": 36.26164, "lng": -83.07884, "population": 756}, {"name": "Bethel Springs town, Tennessee", "lat": 35.23415, "lng": -88.61311, "population": 742}, {"name": "Morrison town, Tennessee", "lat": 35.60482, "lng": -85.91168, "population": 733}, {"name": "Flintville CDP, Tennessee", "lat": 35.06016, "lng": -86.41647, "population": 722}, {"name": "Crab Orchard city, Tennessee", "lat": 35.9066, "lng": -84.88471, "population": 720}, {"name": "Puryear city, Tennessee", "lat": 36.44137, "lng": -88.33242, "population": 706}, {"name": "Riceville CDP, Tennessee", "lat": 35.38947, "lng": -84.69885, "population": 688}, {"name": "Ooltewah CDP, Tennessee", "lat": 35.07234, "lng": -85.05447, "population": 684}, {"name": "Hollow Rock town, Tennessee", "lat": 36.03535, "lng": -88.26921, "population": 683}, {"name": "Michie town, Tennessee", "lat": 35.06043, "lng": -88.42571, "population": 679}, {"name": "Charleston city, Tennessee", "lat": 35.28651, "lng": -84.76167, "population": 664}, {"name": "Gates town, Tennessee", "lat": 35.84054, "lng": -89.40808, "population": 664}, {"name": "Middleton city, Tennessee", "lat": 35.06932, "lng": -88.89418, "population": 658}, {"name": "Wartrace town, Tennessee", "lat": 35.52533, "lng": -86.33014, "population": 653}, {"name": "Helenwood CDP, Tennessee", "lat": 36.42265, "lng": -84.54287, "population": 635}, {"name": "Adams city, Tennessee", "lat": 36.58281, "lng": -87.06511, "population": 624}, {"name": "Sequatchie CDP, Tennessee", "lat": 35.11149, "lng": -85.59657, "population": 622}, {"name": "Friendship city, Tennessee", "lat": 35.90844, "lng": -89.24144, "population": 613}, {"name": "Castalian Springs CDP, Tennessee", "lat": 36.4012, "lng": -86.30678, "population": 608}, {"name": "Philadelphia city, Tennessee", "lat": 35.67905, "lng": -84.39991, "population": 607}, {"name": "Clarkrange CDP, Tennessee", "lat": 36.18572, "lng": -85.0096, "population": 596}, {"name": "McDonald CDP, Tennessee", "lat": 35.10878, "lng": -84.98529, "population": 586}, {"name": "Maury City town, Tennessee", "lat": 35.81448, "lng": -89.22387, "population": 583}, {"name": "Moscow city, Tennessee", "lat": 35.06242, "lng": -89.38228, "population": 572}, {"name": "Flat Top Mountain CDP, Tennessee", "lat": 35.3319, "lng": -85.20005, "population": 561}, {"name": "Allardt city, Tennessee", "lat": 36.38109, "lng": -84.88139, "population": 555}, {"name": "Palmer town, Tennessee", "lat": 35.35756, "lng": -85.5656, "population": 551}, {"name": "Townsend city, Tennessee", "lat": 35.67632, "lng": -83.75299, "population": 550}, {"name": "Trimble town, Tennessee", "lat": 36.20202, "lng": -89.18797, "population": 547}, {"name": "Elkton city, Tennessee", "lat": 35.06284, "lng": -86.89581, "population": 545}, {"name": "Chesterfield CDP, Tennessee", "lat": 35.65277, "lng": -88.26698, "population": 543}, {"name": "Pleasant Hill town, Tennessee", "lat": 35.97389, "lng": -85.20199, "population": 540}, {"name": "Ethridge town, Tennessee", "lat": 35.32175, "lng": -87.30132, "population": 537}, {"name": "Calhoun town, Tennessee", "lat": 35.30183, "lng": -84.74146, "population": 536}, {"name": "Gallaway city, Tennessee", "lat": 35.32225, "lng": -89.60815, "population": 528}, {"name": "Petersburg town, Tennessee", "lat": 35.31735, "lng": -86.64058, "population": 528}, {"name": "Baneberry city, Tennessee", "lat": 36.04637, "lng": -83.27821, "population": 523}, {"name": "Sunbright city, Tennessee", "lat": 36.24269, "lng": -84.67996, "population": 519}, {"name": "Nixon CDP, Tennessee", "lat": 35.11479, "lng": -88.25823, "population": 514}, {"name": "Hornbeak town, Tennessee", "lat": 36.33515, "lng": -89.29825, "population": 511}, {"name": "Andersonville CDP, Tennessee", "lat": 36.19696, "lng": -84.03306, "population": 508}, {"name": "Minor Hill city, Tennessee", "lat": 35.05662, "lng": -87.16072, "population": 504}, {"name": "Doyle town, Tennessee", "lat": 35.85527, "lng": -85.51208, "population": 493}, {"name": "Big Sandy town, Tennessee", "lat": 36.23268, "lng": -88.08502, "population": 486}, {"name": "Fairgarden CDP, Tennessee", "lat": 35.89822, "lng": -83.41196, "population": 481}, {"name": "Gilt Edge city, Tennessee", "lat": 35.53407, "lng": -89.83073, "population": 476}, {"name": "Mayland CDP, Tennessee", "lat": 36.0459, "lng": -85.20694, "population": 472}, {"name": "Gadsden town, Tennessee", "lat": 35.77678, "lng": -88.98613, "population": 469}, {"name": "Griffith Creek CDP, Tennessee", "lat": 35.27605, "lng": -85.53603, "population": 465}, {"name": "Leoma CDP, Tennessee", "lat": 35.15815, "lng": -87.3465, "population": 464}, {"name": "Pinson CDP, Tennessee", "lat": 35.479, "lng": -88.74127, "population": 464}, {"name": "Ducktown city, Tennessee", "lat": 35.03603, "lng": -84.38483, "population": 461}, {"name": "Petros CDP, Tennessee", "lat": 36.10277, "lng": -84.45032, "population": 459}, {"name": "Pittman Center town, Tennessee", "lat": 35.75951, "lng": -83.38849, "population": 454}, {"name": "Henry town, Tennessee", "lat": 36.2011, "lng": -88.41137, "population": 446}, {"name": "Ridgeside city, Tennessee", "lat": 35.03492, "lng": -85.24701, "population": 446}, {"name": "Copperhill city, Tennessee", "lat": 34.99897, "lng": -84.39134, "population": 443}, {"name": "Baileyton town, Tennessee", "lat": 36.32435, "lng": -82.83605, "population": 436}, {"name": "Beersheba Springs town, Tennessee", "lat": 35.45899, "lng": -85.6689, "population": 434}, {"name": "Hillsboro CDP, Tennessee", "lat": 35.40443, "lng": -85.95409, "population": 433}, {"name": "Bon Air CDP, Tennessee", "lat": 35.93326, "lng": -85.37013, "population": 430}, {"name": "Embreeville CDP, Tennessee", "lat": 36.17587, "lng": -82.44893, "population": 429}, {"name": "Saltillo town, Tennessee", "lat": 35.38219, "lng": -88.2396, "population": 420}, {"name": "Stanton town, Tennessee", "lat": 35.46133, "lng": -89.40137, "population": 417}, {"name": "Guys town, Tennessee", "lat": 35.01518, "lng": -88.53495, "population": 414}, {"name": "Sardis town, Tennessee", "lat": 35.44244, "lng": -88.29119, "population": 414}, {"name": "Bell Buckle town, Tennessee", "lat": 35.59079, "lng": -86.35375, "population": 410}, {"name": "Walterhill CDP, Tennessee", "lat": 35.95725, "lng": -86.36788, "population": 407}, {"name": "New Deal CDP, Tennessee", "lat": 36.51386, "lng": -86.56287, "population": 398}, {"name": "Cottontown CDP, Tennessee", "lat": 36.44894, "lng": -86.5336, "population": 397}, {"name": "Beech Bluff CDP, Tennessee", "lat": 35.60465, "lng": -88.62921, "population": 379}, {"name": "Clarksburg town, Tennessee", "lat": 35.87049, "lng": -88.39372, "population": 379}, {"name": "Vanleer town, Tennessee", "lat": 36.23572, "lng": -87.44459, "population": 374}, {"name": "Pelham CDP, Tennessee", "lat": 35.33414, "lng": -85.87029, "population": 371}, {"name": "Burlison town, Tennessee", "lat": 35.55689, "lng": -89.7846, "population": 367}, {"name": "Gibson town, Tennessee", "lat": 35.87429, "lng": -88.84391, "population": 366}, {"name": "Darden CDP, Tennessee", "lat": 35.6384, "lng": -88.22611, "population": 364}, {"name": "Walnut Grove CDP (Hardin County), Tennessee", "lat": 35.04791, "lng": -88.06414, "population": 359}, {"name": "Watauga city, Tennessee", "lat": 36.36828, "lng": -82.292, "population": 353}, {"name": "Williston city, Tennessee", "lat": 35.1585, "lng": -89.37539, "population": 349}, {"name": "Woodland Mills city, Tennessee", "lat": 36.47665, "lng": -89.11042, "population": 346}, {"name": "Dowelltown town, Tennessee", "lat": 36.01251, "lng": -85.94258, "population": 342}, {"name": "Grand Junction city, Tennessee", "lat": 35.04995, "lng": -89.18886, "population": 338}, {"name": "Hilham CDP, Tennessee", "lat": 36.41, "lng": -85.44207, "population": 338}, {"name": "Stantonville town, Tennessee", "lat": 35.15693, "lng": -88.43018, "population": 335}, {"name": "Briceville CDP, Tennessee", "lat": 36.17784, "lng": -84.18362, "population": 334}, {"name": "Liberty town, Tennessee", "lat": 36.00455, "lng": -85.97785, "population": 334}, {"name": "Ramer city, Tennessee", "lat": 35.07187, "lng": -88.61489, "population": 325}, {"name": "Counce CDP, Tennessee", "lat": 35.04045, "lng": -88.2717, "population": 316}, {"name": "Bethpage CDP, Tennessee", "lat": 36.48427, "lng": -86.30852, "population": 313}, {"name": "Cumberland Gap town, Tennessee", "lat": 36.59741, "lng": -83.66579, "population": 313}, {"name": "Blanche CDP, Tennessee", "lat": 35.04371, "lng": -86.75326, "population": 310}, {"name": "Lenox CDP, Tennessee", "lat": 36.08764, "lng": -89.49725, "population": 308}, {"name": "Cumberland City town, Tennessee", "lat": 36.37974, "lng": -87.63987, "population": 305}, {"name": "Cedar Hill city, Tennessee", "lat": 36.5512, "lng": -87.00105, "population": 301}, {"name": "Bowman CDP, Tennessee", "lat": 36.06162, "lng": -85.03572, "population": 297}, {"name": "Butler CDP, Tennessee", "lat": 36.35707, "lng": -82.03559, "population": 297}, {"name": "Centertown town, Tennessee", "lat": 35.72512, "lng": -85.91974, "population": 297}, {"name": "Elgin CDP, Tennessee", "lat": 36.3284, "lng": -84.60906, "population": 297}, {"name": "Lynnville town, Tennessee", "lat": 35.3781, "lng": -87.00544, "population": 292}, {"name": "Big Rock CDP, Tennessee", "lat": 36.57663, "lng": -87.75792, "population": 291}, {"name": "Garland town, Tennessee", "lat": 35.58778, "lng": -89.7531, "population": 289}, {"name": "McLemoresville town, Tennessee", "lat": 35.98625, "lng": -88.58012, "population": 288}, {"name": "Parker's Crossroads city, Tennessee", "lat": 35.78938, "lng": -88.39055, "population": 284}, {"name": "Walland CDP, Tennessee", "lat": 35.73204, "lng": -83.80682, "population": 281}, {"name": "Finger city, Tennessee", "lat": 35.35702, "lng": -88.617, "population": 276}, {"name": "Iron City CDP, Tennessee", "lat": 35.02262, "lng": -87.58547, "population": 274}, {"name": "Whiteside CDP, Tennessee", "lat": 34.99456, "lng": -85.48685, "population": 274}, {"name": "Auburntown town, Tennessee", "lat": 35.95261, "lng": -86.09348, "population": 272}, {"name": "Milledgeville town, Tennessee", "lat": 35.3776, "lng": -88.36606, "population": 271}, {"name": "Toone town, Tennessee", "lat": 35.35648, "lng": -88.95419, "population": 270}, {"name": "Farner CDP, Tennessee", "lat": 35.15436, "lng": -84.31902, "population": 267}, {"name": "Hornsby town, Tennessee", "lat": 35.22871, "lng": -88.82962, "population": 264}, {"name": "Tuckers Crossroads CDP, Tennessee", "lat": 36.20662, "lng": -86.16764, "population": 263}, {"name": "Randolph CDP, Tennessee", "lat": 35.51886, "lng": -89.8846, "population": 258}, {"name": "Wrigley CDP, Tennessee", "lat": 35.89979, "lng": -87.35366, "population": 257}, {"name": "Taft CDP, Tennessee", "lat": 35.02614, "lng": -86.71766, "population": 256}, {"name": "Braden town, Tennessee", "lat": 35.36847, "lng": -89.57179, "population": 255}, {"name": "Robbins CDP, Tennessee", "lat": 36.35366, "lng": -84.58388, "population": 254}, {"name": "Rives town, Tennessee", "lat": 36.35616, "lng": -89.0496, "population": 246}, {"name": "Eva CDP, Tennessee", "lat": 36.06785, "lng": -88.00708, "population": 239}, {"name": "Morris Chapel CDP, Tennessee", "lat": 35.31393, "lng": -88.3558, "population": 238}, {"name": "Oak Grove CDP (Sumner County), Tennessee", "lat": 36.57217, "lng": -86.37809, "population": 238}, {"name": "Yorkville city, Tennessee", "lat": 36.0976, "lng": -89.11834, "population": 236}, {"name": "Graball CDP, Tennessee", "lat": 36.4837, "lng": -86.43953, "population": 228}, {"name": "Hickman CDP, Tennessee", "lat": 36.14518, "lng": -85.94124, "population": 224}, {"name": "Parrottsville town, Tennessee", "lat": 36.00823, "lng": -83.09155, "population": 217}, {"name": "Samburg town, Tennessee", "lat": 36.3817, "lng": -89.35245, "population": 210}, {"name": "Ocoee CDP, Tennessee", "lat": 35.12351, "lng": -84.71673, "population": 201}, {"name": "Luray CDP, Tennessee", "lat": 35.6017, "lng": -88.57025, "population": 197}, {"name": "Oakdale town, Tennessee", "lat": 35.99275, "lng": -84.55668, "population": 191}, {"name": "Medon city, Tennessee", "lat": 35.45208, "lng": -88.86265, "population": 189}, {"name": "Enville town, Tennessee", "lat": 35.39106, "lng": -88.43031, "population": 188}, {"name": "Pocahontas CDP, Tennessee", "lat": 35.05473, "lng": -88.8019, "population": 176}, {"name": "Slayden town, Tennessee", "lat": 36.29131, "lng": -87.46561, "population": 170}, {"name": "Bransford CDP, Tennessee", "lat": 36.5133, "lng": -86.28526, "population": 166}, {"name": "Westpoint CDP, Tennessee", "lat": 35.13486, "lng": -87.53763, "population": 164}, {"name": "Mitchellville city, Tennessee", "lat": 36.63435, "lng": -86.53996, "population": 163}, {"name": "Shiloh CDP, Tennessee", "lat": 35.10984, "lng": -88.36453, "population": 163}, {"name": "Palmersville CDP, Tennessee", "lat": 36.40841, "lng": -88.58422, "population": 162}, {"name": "Wildersville CDP, Tennessee", "lat": 35.77665, "lng": -88.35614, "population": 161}, {"name": "Coker Creek CDP, Tennessee", "lat": 35.26321, "lng": -84.28821, "population": 150}, {"name": "Mercer CDP, Tennessee", "lat": 35.47452, "lng": -89.03937, "population": 150}, {"name": "Norene CDP, Tennessee", "lat": 36.05406, "lng": -86.23817, "population": 148}, {"name": "Essary Springs CDP, Tennessee", "lat": 35.01127, "lng": -88.80249, "population": 147}, {"name": "Fairfield CDP, Tennessee", "lat": 36.62088, "lng": -86.34249, "population": 141}, {"name": "Frankewing CDP, Tennessee", "lat": 35.19443, "lng": -86.85684, "population": 124}, {"name": "La Grange town, Tennessee", "lat": 35.04765, "lng": -89.24087, "population": 123}, {"name": "Sherwood CDP, Tennessee", "lat": 35.07489, "lng": -85.92591, "population": 122}, {"name": "Prospect CDP, Tennessee", "lat": 35.02189, "lng": -86.99894, "population": 121}, {"name": "Bogota CDP, Tennessee", "lat": 36.16203, "lng": -89.43898, "population": 112}, {"name": "Saulsbury town, Tennessee", "lat": 35.04879, "lng": -89.08833, "population": 112}, {"name": "Normandy town, Tennessee", "lat": 35.45225, "lng": -86.25822, "population": 108}, {"name": "Dukedom CDP, Tennessee", "lat": 36.49395, "lng": -88.72192, "population": 103}, {"name": "Yuma CDP, Tennessee", "lat": 35.84377, "lng": -88.3372, "population": 103}, {"name": "Childers Hill CDP, Tennessee", "lat": 35.0815, "lng": -88.32671, "population": 100}, {"name": "Silerton town, Tennessee", "lat": 35.34235, "lng": -88.80994, "population": 97}, {"name": "Belvidere CDP, Tennessee", "lat": 35.12808, "lng": -86.18807, "population": 96}, {"name": "Conasauga CDP, Tennessee", "lat": 35.00521, "lng": -84.72761, "population": 95}, {"name": "Holladay CDP, Tennessee", "lat": 35.87195, "lng": -88.14494, "population": 95}, {"name": "Whitlock CDP, Tennessee", "lat": 36.36686, "lng": -88.36183, "population": 95}, {"name": "Chewalla CDP, Tennessee", "lat": 35.02086, "lng": -88.64267, "population": 94}, {"name": "Viola town, Tennessee", "lat": 35.53877, "lng": -85.86055, "population": 93}, {"name": "Wynnburg CDP, Tennessee", "lat": 36.33002, "lng": -89.46855, "population": 91}, {"name": "Orme town, Tennessee", "lat": 35.0147, "lng": -85.80481, "population": 87}, {"name": "Dancyville CDP, Tennessee", "lat": 35.4067, "lng": -89.29704, "population": 85}, {"name": "Statesville CDP, Tennessee", "lat": 36.01983, "lng": -86.1206, "population": 82}, {"name": "Jacks Creek CDP, Tennessee", "lat": 35.46912, "lng": -88.51458, "population": 81}, {"name": "Lavinia CDP, Tennessee", "lat": 35.85083, "lng": -88.65268, "population": 81}, {"name": "Greenvale CDP, Tennessee", "lat": 36.00549, "lng": -86.20121, "population": 79}, {"name": "Hickory Valley town, Tennessee", "lat": 35.1549, "lng": -89.12598, "population": 78}, {"name": "Miston CDP, Tennessee", "lat": 36.16041, "lng": -89.49401, "population": 77}, {"name": "Dellrose CDP, Tennessee", "lat": 35.11583, "lng": -86.80352, "population": 73}, {"name": "Buchanan CDP, Tennessee", "lat": 36.43402, "lng": -88.20275, "population": 71}, {"name": "Cottage Grove town, Tennessee", "lat": 36.37817, "lng": -88.47896, "population": 66}, {"name": "Huron CDP, Tennessee", "lat": 35.59351, "lng": -88.53604, "population": 58}]