[{"name": "Salt Lake City city, Utah", "lat": 40.77693, "lng": -111.93099, "population": 199723}, {"name": "West Valley City city, Utah", "lat": 40.68849, "lng": -112.01176, "population": 140230}, {"name": "West Jordan city, Utah", "lat": 40.60245, "lng": -112.00076, "population": 116961}, {"name": "Provo city, Utah", "lat": 40.24531, "lng": -111.64506, "population": 115162}, {"name": "Orem city, Utah", "lat": 40.29806, "lng": -111.69942, "population": 98129}, {"name": "Sandy city, Utah", "lat": 40.57171, "lng": -111.84987, "population": 96904}, {"name": "St. George city, Utah", "lat": 37.08185, "lng": -113.56463, "population": 95342}, {"name": "Ogden city, Utah", "lat": 41.22839, "lng": -111.96815, "population": 87321}, {"name": "Layton city, Utah", "lat": 41.07742, "lng": -111.96073, "population": 81773}, {"name": "South Jordan city, Utah", "lat": 40.55691, "lng": -111.97858, "population": 77487}, {"name": "Lehi city, Utah", "lat": 40.41387, "lng": -111.87162, "population": 75907}, {"name": "Millcreek city, Utah", "lat": 40.68925, "lng": -111.82931, "population": 63380}, {"name": "Taylorsville city, Utah", "lat": 40.65695, "lng": -111.94932, "population": 60448}, {"name": "Herriman city, Utah", "lat": 40.4899, "lng": -112.01703, "population": 55144}, {"name": "Logan city, Utah", "lat": 41.74026, "lng": -111.84176, "population": 52778}, {"name": "Draper city, Utah", "lat": 40.49519, "lng": -111.86065, "population": 51017}, {"name": "Murray city, Utah", "lat": 40.65065, "lng": -111.88657, "population": 50637}, {"name": "Bountiful city, Utah", "lat": 40.87248, "lng": -111.8612, "population": 45762}, {"name": "Riverton city, Utah", "lat": 40.51766, "lng": -111.96358, "population": 45285}, {"name": "Eagle Mountain city, Utah", "lat": 40.31371, "lng": -112.01144, "population": 43623}, {"name": "Spanish Fork city, Utah", "lat": 40.11004, "lng": -111.64049, "population": 42602}, {"name": "Roy city, Utah", "lat": 41.17105, "lng": -112.04814, "population": 39306}, {"name": "Pleasant Grove city, Utah", "lat": 40.37154, "lng": -111.74116, "population": 37726}, {"name": "Saratoga Springs city, Utah", "lat": 40.34467, "lng": -111.91477, "population": 37696}, {"name": "Kearns metro township, Utah", "lat": 40.65195, "lng": -112.0094, "population": 36723}, {"name": "Midvale city, Utah", "lat": 40.61476, "lng": -111.89275, "population": 36028}, {"name": "Tooele city, Utah", "lat": 40.5394, "lng": -112.30784, "population": 35742}, {"name": "Springville city, Utah", "lat": 40.16427, "lng": -111.61952, "population": 35268}, {"name": "Cedar City city, Utah", "lat": 37.68287, "lng": -113.09554, "population": 35235}, {"name": "Cottonwood Heights city, Utah", "lat": 40.61365, "lng": -111.8144, "population": 33617}, {"name": "American Fork city, Utah", "lat": 40.37788, "lng": -111.79507, "population": 33337}, {"name": "Kaysville city, Utah", "lat": 41.02934, "lng": -111.94507, "population": 32945}, {"name": "Syracuse city, Utah", "lat": 41.08585, "lng": -112.06874, "population": 32141}, {"name": "Holladay city, Utah", "lat": 40.66, "lng": -111.8226, "population": 31965}, {"name": "Clearfield city, Utah", "lat": 41.09701, "lng": -112.01792, "population": 31909}, {"name": "Magna metro township, Utah", "lat": 40.75564, "lng": -112.17924, "population": 29251}, {"name": "Washington city, Utah", "lat": 37.13029, "lng": -113.48776, "population": 27993}, {"name": "South Salt Lake city, Utah", "lat": 40.70565, "lng": -111.89862, "population": 26777}, {"name": "Farmington city, Utah", "lat": 40.98467, "lng": -111.90631, "population": 24531}, {"name": "Clinton city, Utah", "lat": 41.13874, "lng": -112.06642, "population": 23386}, {"name": "North Salt Lake city, Utah", "lat": 40.84712, "lng": -111.91878, "population": 21907}, {"name": "Payson city, Utah", "lat": 40.03588, "lng": -111.7388, "population": 21101}, {"name": "North Ogden city, Utah", "lat": 41.31461, "lng": -111.95969, "population": 20916}, {"name": "Hurricane city, Utah", "lat": 37.14847, "lng": -113.35886, "population": 20036}, {"name": "Brigham City city, Utah", "lat": 41.5059, "lng": -112.05142, "population": 19650}, {"name": "Highland city, Utah", "lat": 40.42755, "lng": -111.79569, "population": 19348}, {"name": "South Ogden city, Utah", "lat": 41.17223, "lng": -111.9577, "population": 17488}, {"name": "Bluffdale city, Utah", "lat": 40.47455, "lng": -111.94026, "population": 17014}, {"name": "Centerville city, Utah", "lat": 40.9263, "lng": -111.88334, "population": 16884}, {"name": "Heber city, Utah", "lat": 40.50708, "lng": -111.39851, "population": 16856}, {"name": "West Haven city, Utah", "lat": 41.20907, "lng": -112.05361, "population": 16739}, {"name": "Santaquin city, Utah", "lat": 39.96989, "lng": -111.79443, "population": 13725}, {"name": "Smithfield city, Utah", "lat": 41.83495, "lng": -111.82655, "population": 13571}, {"name": "Grantsville city, Utah", "lat": 40.60994, "lng": -112.48019, "population": 12617}, {"name": "Vineyard town, Utah", "lat": 40.30629, "lng": -111.75625, "population": 12543}, {"name": "Woods Cross city, Utah", "lat": 40.87319, "lng": -111.91777, "population": 11410}, {"name": "Lindon city, Utah", "lat": 40.342, "lng": -111.71727, "population": 11397}, {"name": "Mapleton city, Utah", "lat": 40.11876, "lng": -111.57424, "population": 11365}, {"name": "Pleasant View city, Utah", "lat": 41.3249, "lng": -112.00104, "population": 11083}, {"name": "North Logan city, Utah", "lat": 41.77554, "lng": -111.80665, "population": 10986}, {"name": "West Point city, Utah", "lat": 41.12172, "lng": -112.09822, "population": 10963}, {"name": "Alpine city, Utah", "lat": 40.46294, "lng": -111.77244, "population": 10251}, {"name": "Vernal city, Utah", "lat": 40.4517, "lng": -109.53801, "population": 10079}, {"name": "Cedar Hills city, Utah", "lat": 40.41203, "lng": -111.75427, "population": 10019}, {"name": "Tremonton city, Utah", "lat": 41.71872, "lng": -112.18913, "population": 9894}, {"name": "Stansbury Park CDP, Utah", "lat": 40.64072, "lng": -112.2994, "population": 9851}, {"name": "Hyrum city, Utah", "lat": 41.6328, "lng": -111.84551, "population": 9362}, {"name": "Riverdale city, Utah", "lat": 41.17317, "lng": -112.00235, "population": 9343}, {"name": "Salem city, Utah", "lat": 40.05382, "lng": -111.67236, "population": 9298}, {"name": "Washington Terrace city, Utah", "lat": 41.16827, "lng": -111.97822, "population": 9267}, {"name": "Hooper city, Utah", "lat": 41.1645, "lng": -112.34542, "population": 9087}, {"name": "Ivins city, Utah", "lat": 37.17681, "lng": -113.6808, "population": 8978}, {"name": "Summit Park CDP, Utah", "lat": 40.74233, "lng": -111.58722, "population": 8820}, {"name": "Park City city, Utah", "lat": 40.65235, "lng": -111.50193, "population": 8396}, {"name": "Providence city, Utah", "lat": 41.70346, "lng": -111.81232, "population": 8218}, {"name": "Price city, Utah", "lat": 39.604, "lng": -110.80036, "population": 8216}, {"name": "Richfield city, Utah", "lat": 38.76143, "lng": -112.09308, "population": 8201}, {"name": "South Weber city, Utah", "lat": 41.1342, "lng": -111.93876, "population": 7867}, {"name": "Plain City city, Utah", "lat": 41.3067, "lng": -112.0943, "population": 7833}, {"name": "Farr West city, Utah", "lat": 41.30154, "lng": -112.03179, "population": 7691}, {"name": "Santa Clara city, Utah", "lat": 37.1314, "lng": -113.65665, "population": 7553}, {"name": "Enoch city, Utah", "lat": 37.76696, "lng": -113.04493, "population": 7374}, {"name": "Nibley city, Utah", "lat": 41.67265, "lng": -111.84607, "population": 7328}, {"name": "Harrisville city, Utah", "lat": 41.28526, "lng": -111.98596, "population": 7036}, {"name": "Roosevelt city, Utah", "lat": 40.29239, "lng": -110.00929, "population": 6747}, {"name": "Snyderville CDP, Utah", "lat": 40.70412, "lng": -111.54337, "population": 6744}, {"name": "Nephi city, Utah", "lat": 39.70691, "lng": -111.83259, "population": 6443}, {"name": "Fruit Heights city, Utah", "lat": 41.02893, "lng": -111.90459, "population": 6101}, {"name": "Midway city, Utah", "lat": 40.51829, "lng": -111.47452, "population": 6003}, {"name": "West Bountiful city, Utah", "lat": 40.90127, "lng": -111.90845, "population": 5917}, {"name": "Ephraim city, Utah", "lat": 39.35618, "lng": -111.58454, "population": 5611}, {"name": "Perry city, Utah", "lat": 41.46452, "lng": -112.04054, "population": 5555}, {"name": "White City metro township, Utah", "lat": 40.56874, "lng": -111.86264, "population": 5522}, {"name": "Sunset city, Utah", "lat": 41.13806, "lng": -112.02839, "population": 5475}, {"name": "Moab city, Utah", "lat": 38.57011, "lng": -109.54782, "population": 5366}, {"name": "Hyde Park city, Utah", "lat": 41.80078, "lng": -111.81212, "population": 5234}, {"name": "Elk Ridge city, Utah", "lat": 40.00987, "lng": -111.67748, "population": 4687}, {"name": "Kanab city, Utah", "lat": 37.03465, "lng": -112.52999, "population": 4683}, {"name": "La Verkin city, Utah", "lat": 37.23087, "lng": -113.25229, "population": 4354}, {"name": "Mountain Green CDP, Utah", "lat": 41.14767, "lng": -111.78763, "population": 4231}, {"name": "Maeser CDP, Utah", "lat": 40.47184, "lng": -109.57862, "population": 4081}, {"name": "Morgan city, Utah", "lat": 41.04142, "lng": -111.68016, "population": 4071}, {"name": "Wellsville city, Utah", "lat": 41.62342, "lng": -111.94209, "population": 4060}, {"name": "Erda CDP, Utah", "lat": 40.6028, "lng": -112.32137, "population": 3673}, {"name": "Mount Pleasant city, Utah", "lat": 39.54073, "lng": -111.45589, "population": 3655}, {"name": "Delta city, Utah", "lat": 39.36324, "lng": -112.54377, "population": 3622}, {"name": "Beaver city, Utah", "lat": 38.27593, "lng": -112.6383, "population": 3592}, {"name": "Gunnison city, Utah", "lat": 39.15694, "lng": -111.81351, "population": 3509}, {"name": "Manti city, Utah", "lat": 39.26688, "lng": -111.63504, "population": 3429}, {"name": "Blanding city, Utah", "lat": 37.62314, "lng": -109.51295, "population": 3394}, {"name": "East Basin CDP, Utah", "lat": 40.7368, "lng": -111.46907, "population": 3023}, {"name": "Parowan city, Utah", "lat": 37.83259, "lng": -112.82961, "population": 2996}, {"name": "Richmond city, Utah", "lat": 41.92364, "lng": -111.8072, "population": 2914}, {"name": "Fillmore city, Utah", "lat": 38.96416, "lng": -112.33859, "population": 2592}, {"name": "Garland city, Utah", "lat": 41.7362, "lng": -112.16269, "population": 2589}, {"name": "Monroe city, Utah", "lat": 38.62301, "lng": -112.11961, "population": 2515}, {"name": "Salina city, Utah", "lat": 38.93877, "lng": -111.86517, "population": 2441}, {"name": "Millville city, Utah", "lat": 41.68506, "lng": -111.82119, "population": 2326}, {"name": "Naples city, Utah", "lat": 40.43175, "lng": -109.49127, "population": 2280}, {"name": "River Heights city, Utah", "lat": 41.72209, "lng": -111.81919, "population": 2144}, {"name": "Marriott-Slaterville city, Utah", "lat": 41.26105, "lng": -112.03625, "population": 2135}, {"name": "Helper city, Utah", "lat": 39.68974, "lng": -110.85963, "population": 2112}, {"name": "Kamas city, Utah", "lat": 40.64991, "lng": -111.27221, "population": 2092}, {"name": "Enterprise city, Utah", "lat": 37.57164, "lng": -113.74305, "population": 2027}, {"name": "Willard city, Utah", "lat": 41.4031, "lng": -112.0425, "population": 1978}, {"name": "Lewiston city, Utah", "lat": 41.96845, "lng": -111.88581, "population": 1939}, {"name": "Huntington city, Utah", "lat": 39.33012, "lng": -110.96281, "population": 1914}, {"name": "Toquerville city, Utah", "lat": 37.26653, "lng": -113.29512, "population": 1870}, {"name": "South Willard CDP, Utah", "lat": 41.3583, "lng": -112.04088, "population": 1840}, {"name": "Monticello city, Utah", "lat": 37.86835, "lng": -109.33803, "population": 1824}, {"name": "Mona city, Utah", "lat": 39.8118, "lng": -111.84153, "population": 1750}, {"name": "Panguitch city, Utah", "lat": 37.82349, "lng": -112.43421, "population": 1725}, {"name": "Silver Summit CDP, Utah", "lat": 40.74893, "lng": -111.51391, "population": 1694}, {"name": "Wolf Creek CDP, Utah", "lat": 41.3253, "lng": -111.82876, "population": 1645}, {"name": "Honeyville city, Utah", "lat": 41.63613, "lng": -112.08567, "population": 1606}, {"name": "Wellington city, Utah", "lat": 39.53585, "lng": -110.73437, "population": 1605}, {"name": "Duchesne city, Utah", "lat": 40.17533, "lng": -110.39405, "population": 1588}, {"name": "Oakley city, Utah", "lat": 40.74055, "lng": -111.27405, "population": 1588}, {"name": "Francis town, Utah", "lat": 40.61016, "lng": -111.27288, "population": 1564}, {"name": "East Carbon city, Utah", "lat": 39.53303, "lng": -110.42945, "population": 1556}, {"name": "Genola town, Utah", "lat": 40.01199, "lng": -111.84798, "population": 1548}, {"name": "Moroni city, Utah", "lat": 39.52703, "lng": -111.58307, "population": 1544}, {"name": "Liberty CDP, Utah", "lat": 41.34254, "lng": -111.86488, "population": 1522}, {"name": "Woodland Hills city, Utah", "lat": 40.01318, "lng": -111.6558, "population": 1521}, {"name": "Benson CDP, Utah", "lat": 41.75286, "lng": -111.92585, "population": 1492}, {"name": "Castle Dale city, Utah", "lat": 39.22174, "lng": -111.02291, "population": 1492}, {"name": "Coalville city, Utah", "lat": 40.90727, "lng": -111.42142, "population": 1486}, {"name": "Ferron city, Utah", "lat": 39.09133, "lng": -111.13371, "population": 1474}, {"name": "Emigration Canyon metro township, Utah", "lat": 40.78858, "lng": -111.74139, "population": 1466}, {"name": "Uintah town, Utah", "lat": 41.14136, "lng": -111.93238, "population": 1454}, {"name": "Milford city, Utah", "lat": 38.3945, "lng": -113.01226, "population": 1431}, {"name": "Carbonville CDP, Utah", "lat": 39.62688, "lng": -110.83326, "population": 1383}, {"name": "Centerfield town, Utah", "lat": 39.12746, "lng": -111.8184, "population": 1341}, {"name": "Mendon city, Utah", "lat": 41.71021, "lng": -111.97764, "population": 1339}, {"name": "West Mountain CDP, Utah", "lat": 40.05182, "lng": -111.78335, "population": 1250}, {"name": "Orangeville city, Utah", "lat": 39.23086, "lng": -111.05923, "population": 1224}, {"name": "Fairview city, Utah", "lat": 39.62996, "lng": -111.43685, "population": 1203}, {"name": "Fountain Green city, Utah", "lat": 39.62811, "lng": -111.64128, "population": 1197}, {"name": "Benjamin CDP, Utah", "lat": 40.09687, "lng": -111.72897, "population": 1196}, {"name": "Elwood town, Utah", "lat": 41.67321, "lng": -112.13665, "population": 1173}, {"name": "Ballard town, Utah", "lat": 40.29484, "lng": -109.94936, "population": 1131}, {"name": "Hildale city, Utah", "lat": 37.02543, "lng": -112.98254, "population": 1127}, {"name": "Wendover city, Utah", "lat": 40.72402, "lng": -114.0251, "population": 1115}, {"name": "Mantua town, Utah", "lat": 41.49798, "lng": -111.93574, "population": 1090}, {"name": "Granite CDP, Utah", "lat": 40.57566, "lng": -111.79125, "population": 1076}, {"name": "West Wood CDP, Utah", "lat": 39.60516, "lng": -110.84242, "population": 1066}, {"name": "Spring Glen CDP, Utah", "lat": 39.65606, "lng": -110.84611, "population": 1054}, {"name": "Aurora city, Utah", "lat": 38.92008, "lng": -111.93355, "population": 984}, {"name": "Goshen town, Utah", "lat": 39.95111, "lng": -111.90083, "population": 978}, {"name": "Paradise town, Utah", "lat": 41.56818, "lng": -111.83337, "population": 971}, {"name": "Riverside CDP, Utah", "lat": 41.81059, "lng": -112.14031, "population": 971}, {"name": "Spring City city, Utah", "lat": 39.47989, "lng": -111.49176, "population": 949}, {"name": "Hideout town, Utah", "lat": 40.6439, "lng": -111.4014, "population": 922}, {"name": "Daniel town, Utah", "lat": 40.46672, "lng": -111.40948, "population": 916}, {"name": "Bear River City city, Utah", "lat": 41.61238, "lng": -112.12495, "population": 877}, {"name": "Dammeron Valley CDP, Utah", "lat": 37.30417, "lng": -113.66587, "population": 871}, {"name": "Timber Lakes CDP, Utah", "lat": 40.47496, "lng": -111.25584, "population": 866}, {"name": "Leeds town, Utah", "lat": 37.23718, "lng": -113.34707, "population": 864}, {"name": "Levan town, Utah", "lat": 39.55614, "lng": -111.86061, "population": 862}, {"name": "Apple Valley town, Utah", "lat": 37.08093, "lng": -113.10334, "population": 855}, {"name": "Rocky Ridge town, Utah", "lat": 39.91975, "lng": -111.82575, "population": 848}, {"name": "Green River city, Utah", "lat": 38.99346, "lng": -110.17342, "population": 847}, {"name": "Henefer town, Utah", "lat": 41.01376, "lng": -111.49312, "population": 838}, {"name": "Annabella town, Utah", "lat": 38.70601, "lng": -112.05856, "population": 836}, {"name": "Copperton metro township, Utah", "lat": 40.56612, "lng": -112.09792, "population": 829}, {"name": "Corinne city, Utah", "lat": 41.55146, "lng": -112.12502, "population": 809}, {"name": "Minersville town, Utah", "lat": 38.24801, "lng": -112.97899, "population": 807}, {"name": "Thatcher CDP, Utah", "lat": 41.68151, "lng": -112.32006, "population": 807}, {"name": "Elsinore town, Utah", "lat": 38.68341, "lng": -112.14879, "population": 802}, {"name": "Lake Shore CDP, Utah", "lat": 40.12944, "lng": -111.73618, "population": 802}, {"name": "Newton town, Utah", "lat": 41.86113, "lng": -111.99074, "population": 789}, {"name": "Escalante city, Utah", "lat": 37.76488, "lng": -111.5984, "population": 786}, {"name": "Redmond town, Utah", "lat": 39.00526, "lng": -111.86724, "population": 762}, {"name": "Clarkston town, Utah", "lat": 41.92047, "lng": -112.05036, "population": 749}, {"name": "Hoytsville CDP, Utah", "lat": 40.87577, "lng": -111.38473, "population": 702}, {"name": "Eden CDP, Utah", "lat": 41.30616, "lng": -111.80378, "population": 690}, {"name": "Oljato-Monument Valley CDP, Utah", "lat": 37.03075, "lng": -110.25109, "population": 682}, {"name": "Marion CDP, Utah", "lat": 40.68102, "lng": -111.27732, "population": 676}, {"name": "Virgin town, Utah", "lat": 37.1979, "lng": -113.20709, "population": 670}, {"name": "Eureka city, Utah", "lat": 39.95879, "lng": -112.11494, "population": 662}, {"name": "Central CDP, Utah", "lat": 37.41501, "lng": -113.62625, "population": 656}, {"name": "Central Valley town, Utah", "lat": 38.69924, "lng": -112.09668, "population": 647}, {"name": "Peter CDP, Utah", "lat": 41.77743, "lng": -112.00064, "population": 623}, {"name": "Stockton town, Utah", "lat": 40.44413, "lng": -112.37442, "population": 621}, {"name": "Hinckley town, Utah", "lat": 39.33356, "lng": -112.67363, "population": 614}, {"name": "Garden City town, Utah", "lat": 41.93709, "lng": -111.41216, "population": 602}, {"name": "Orderville town, Utah", "lat": 37.25396, "lng": -112.6574, "population": 598}, {"name": "Oak City town, Utah", "lat": 39.37611, "lng": -112.33902, "population": 595}, {"name": "Veyo CDP, Utah", "lat": 37.3375, "lng": -113.69303, "population": 586}, {"name": "Enterprise CDP, Utah", "lat": 41.10699, "lng": -111.73071, "population": 575}, {"name": "Huntsville town, Utah", "lat": 41.25974, "lng": -111.77353, "population": 573}, {"name": "Myton city, Utah", "lat": 40.19327, "lng": -110.06243, "population": 561}, {"name": "Mayfield town, Utah", "lat": 39.11931, "lng": -111.70804, "population": 556}, {"name": "Circleville town, Utah", "lat": 38.16839, "lng": -112.27163, "population": 550}, {"name": "Fielding town, Utah", "lat": 41.81266, "lng": -112.11739, "population": 546}, {"name": "Fort Duchesne CDP, Utah", "lat": 40.2818, "lng": -109.87724, "population": 546}, {"name": "Paragonah town, Utah", "lat": 37.8853, "lng": -112.77093, "population": 536}, {"name": "Spanish Valley CDP, Utah", "lat": 38.47426, "lng": -109.42097, "population": 529}, {"name": "Spring Lake CDP, Utah", "lat": 40.00853, "lng": -111.75064, "population": 528}, {"name": "Loa town, Utah", "lat": 38.40377, "lng": -111.64514, "population": 516}, {"name": "Springdale town, Utah", "lat": 37.18158, "lng": -113.00485, "population": 514}, {"name": "Trenton town, Utah", "lat": 41.91388, "lng": -111.93581, "population": 512}, {"name": "Kanosh town, Utah", "lat": 38.8014, "lng": -112.43743, "population": 508}, {"name": "Cleveland town, Utah", "lat": 39.34947, "lng": -110.8555, "population": 497}, {"name": "Cove CDP, Utah", "lat": 41.96826, "lng": -111.77939, "population": 494}, {"name": "Neola CDP, Utah", "lat": 40.43481, "lng": -110.03082, "population": 491}, {"name": "Tropic town, Utah", "lat": 37.63305, "lng": -112.08796, "population": 486}, {"name": "Amalga town, Utah", "lat": 41.85627, "lng": -111.89714, "population": 482}, {"name": "Glenwood town, Utah", "lat": 38.76246, "lng": -111.98759, "population": 474}, {"name": "Randolph town, Utah", "lat": 41.66552, "lng": -111.18466, "population": 467}, {"name": "Navajo Mountain CDP, Utah", "lat": 37.04703, "lng": -110.78993, "population": 450}, {"name": "Big Water town, Utah", "lat": 37.07287, "lng": -111.66076, "population": 449}, {"name": "Palmyra CDP, Utah", "lat": 40.13457, "lng": -111.69252, "population": 443}, {"name": "Kanarraville town, Utah", "lat": 37.53784, "lng": -113.18098, "population": 442}, {"name": "Holden town, Utah", "lat": 39.1003, "lng": -112.27049, "population": 438}, {"name": "Charleston town, Utah", "lat": 40.46728, "lng": -111.45949, "population": 436}, {"name": "Brighton town, Utah", "lat": 40.61066, "lng": -111.60392, "population": 432}, {"name": "Rush Valley town, Utah", "lat": 40.36129, "lng": -112.45064, "population": 431}, {"name": "Plymouth town, Utah", "lat": 41.87338, "lng": -112.14539, "population": 427}, {"name": "Aneth CDP, Utah", "lat": 37.20649, "lng": -109.16517, "population": 427}, {"name": "Cedar Fort town, Utah", "lat": 40.34139, "lng": -112.10855, "population": 427}, {"name": "Wanship CDP, Utah", "lat": 40.81676, "lng": -111.41509, "population": 423}, {"name": "Deweyville town, Utah", "lat": 41.69301, "lng": -112.08835, "population": 417}, {"name": "Elmo town, Utah", "lat": 39.3877, "lng": -110.81561, "population": 405}, {"name": "Sigurd town, Utah", "lat": 38.86622, "lng": -111.96314, "population": 405}, {"name": "Avon CDP, Utah", "lat": 41.53533, "lng": -111.81244, "population": 390}, {"name": "Woodland CDP, Utah", "lat": 40.5838, "lng": -111.23576, "population": 375}, {"name": "Jensen CDP, Utah", "lat": 40.36953, "lng": -109.35557, "population": 372}, {"name": "Marysvale town, Utah", "lat": 38.43665, "lng": -112.26197, "population": 356}, {"name": "Scipio town, Utah", "lat": 39.24911, "lng": -112.10444, "population": 353}, {"name": "La Sal CDP, Utah", "lat": 38.30115, "lng": -109.26565, "population": 348}, {"name": "Castle Valley town, Utah", "lat": 38.63253, "lng": -109.3966, "population": 347}, {"name": "Dugway CDP, Utah", "lat": 40.23069, "lng": -112.75405, "population": 342}, {"name": "Wales town, Utah", "lat": 39.48518, "lng": -111.63607, "population": 338}, {"name": "Bryce Canyon City town, Utah", "lat": 37.68196, "lng": -112.16157, "population": 336}, {"name": "Newcastle CDP, Utah", "lat": 37.66285, "lng": -113.56437, "population": 330}, {"name": "Deseret CDP, Utah", "lat": 39.28762, "lng": -112.65112, "population": 327}, {"name": "Bicknell town, Utah", "lat": 38.34066, "lng": -111.54418, "population": 323}, {"name": "Meadow town, Utah", "lat": 38.88631, "lng": -112.4072, "population": 320}, {"name": "Glendale town, Utah", "lat": 37.33423, "lng": -112.6035, "population": 312}, {"name": "Manila town, Utah", "lat": 40.99216, "lng": -109.72104, "population": 308}, {"name": "Emery town, Utah", "lat": 38.92518, "lng": -111.25223, "population": 307}, {"name": "Laketown town, Utah", "lat": 41.82937, "lng": -111.33269, "population": 299}, {"name": "Wallsburg town, Utah", "lat": 40.38693, "lng": -111.41948, "population": 290}, {"name": "Joseph town, Utah", "lat": 38.62485, "lng": -112.21982, "population": 288}, {"name": "Montezuma Creek CDP, Utah", "lat": 37.2515, "lng": -109.30371, "population": 284}, {"name": "Bluebell CDP, Utah", "lat": 40.35137, "lng": -110.22382, "population": 278}, {"name": "Sterling town, Utah", "lat": 39.19332, "lng": -111.69041, "population": 274}, {"name": "Cornish town, Utah", "lat": 41.96716, "lng": -111.95873, "population": 274}, {"name": "Halchita CDP, Utah", "lat": 37.15056, "lng": -109.9037, "population": 273}, {"name": "Portage town, Utah", "lat": 41.97566, "lng": -112.24051, "population": 273}, {"name": "Leamington town, Utah", "lat": 39.53132, "lng": -112.28548, "population": 256}, {"name": "Vernon town, Utah", "lat": 40.09559, "lng": -112.44578, "population": 256}, {"name": "Peoa CDP, Utah", "lat": 40.73257, "lng": -111.3294, "population": 249}, {"name": "Pine Valley CDP, Utah", "lat": 37.39037, "lng": -113.50603, "population": 249}, {"name": "Fayette town, Utah", "lat": 39.22464, "lng": -111.85419, "population": 245}, {"name": "Koosharem town, Utah", "lat": 38.51341, "lng": -111.88189, "population": 244}, {"name": "Garden CDP, Utah", "lat": 41.87427, "lng": -111.41703, "population": 240}, {"name": "Howell town, Utah", "lat": 41.77875, "lng": -112.44802, "population": 240}, {"name": "Bluff town, Utah", "lat": 37.29035, "lng": -109.5961, "population": 240}, {"name": "Altamont town, Utah", "lat": 40.35898, "lng": -110.28802, "population": 239}, {"name": "New Harmony town, Utah", "lat": 37.48026, "lng": -113.30957, "population": 236}, {"name": "Torrey town, Utah", "lat": 38.30765, "lng": -111.42686, "population": 231}, {"name": "Alta town, Utah", "lat": 40.58241, "lng": -111.62032, "population": 228}, {"name": "Boulder town, Utah", "lat": 37.92276, "lng": -111.43183, "population": 227}, {"name": "Rockville town, Utah", "lat": 37.14775, "lng": -113.05482, "population": 226}, {"name": "Henrieville town, Utah", "lat": 37.56385, "lng": -112.00196, "population": 221}, {"name": "Whiterocks CDP, Utah", "lat": 40.47215, "lng": -109.94122, "population": 221}, {"name": "Junction town, Utah", "lat": 38.23615, "lng": -112.22462, "population": 212}, {"name": "Kenilworth CDP, Utah", "lat": 39.68033, "lng": -110.81454, "population": 200}, {"name": "Lyman town, Utah", "lat": 38.39663, "lng": -111.58934, "population": 196}, {"name": "Cannonville town, Utah", "lat": 37.57386, "lng": -112.05161, "population": 186}, {"name": "Randlett CDP, Utah", "lat": 40.22675, "lng": -109.83081, "population": 184}, {"name": "Elberta CDP, Utah", "lat": 39.95579, "lng": -111.95692, "population": 180}, {"name": "Interlaken town, Utah", "lat": 40.54112, "lng": -111.47524, "population": 179}, {"name": "White Mesa CDP, Utah", "lat": 37.45962, "lng": -109.45996, "population": 178}, {"name": "Lapoint CDP, Utah", "lat": 40.40422, "lng": -109.79698, "population": 170}, {"name": "Summit CDP, Utah", "lat": 37.80534, "lng": -112.93313, "population": 170}, {"name": "Hobble Creek CDP, Utah", "lat": 40.19172, "lng": -111.49671, "population": 169}, {"name": "Woodruff town, Utah", "lat": 41.52118, "lng": -111.16388, "population": 169}, {"name": "Fremont CDP, Utah", "lat": 38.45545, "lng": -111.61495, "population": 167}, {"name": "Snowville town, Utah", "lat": 41.97282, "lng": -112.71641, "population": 163}, {"name": "Clawson town, Utah", "lat": 39.13139, "lng": -111.09893, "population": 162}, {"name": "Beryl Junction CDP, Utah", "lat": 37.70098, "lng": -113.6535, "population": 161}, {"name": "Fairfield town, Utah", "lat": 40.23599, "lng": -112.07522, "population": 160}, {"name": "Hanksville town, Utah", "lat": 38.372, "lng": -110.71345, "population": 158}, {"name": "Brian Head town, Utah", "lat": 37.69771, "lng": -112.8416, "population": 151}, {"name": "Sutherland CDP, Utah", "lat": 39.38958, "lng": -112.63994, "population": 147}, {"name": "Tabiona town, Utah", "lat": 40.3543, "lng": -110.70951, "population": 143}, {"name": "Dutch John town, Utah", "lat": 40.92707, "lng": -109.40312, "population": 141}, {"name": "Teasdale CDP, Utah", "lat": 38.2851, "lng": -111.47237, "population": 140}, {"name": "Kingston town, Utah", "lat": 38.20658, "lng": -112.17923, "population": 135}, {"name": "Hatch town, Utah", "lat": 37.64935, "lng": -112.43475, "population": 132}, {"name": "Independence town, Utah", "lat": 40.41076, "lng": -111.29574, "population": 121}, {"name": "Alton town, Utah", "lat": 37.42654, "lng": -112.51027, "population": 118}, {"name": "Antimony town, Utah", "lat": 38.10302, "lng": -111.98229, "population": 118}, {"name": "Sundance CDP, Utah", "lat": 40.39272, "lng": -111.59088, "population": 113}, {"name": "Lynndyl town, Utah", "lat": 39.50849, "lng": -112.39331, "population": 111}, {"name": "Cedar Highlands town, Utah", "lat": 37.62967, "lng": -113.06662, "population": 99}, {"name": "Tselakai Dezza CDP, Utah", "lat": 37.21001, "lng": -109.6091, "population": 95}, {"name": "Samak CDP, Utah", "lat": 40.63891, "lng": -111.24131, "population": 93}, {"name": "Flaming Gorge CDP, Utah", "lat": 40.88915, "lng": -109.47593, "population": 72}, {"name": "Echo CDP, Utah", "lat": 40.98026, "lng": -111.43925, "population": 60}, {"name": "Oasis CDP, Utah", "lat": 39.29231, "lng": -112.62895, "population": 58}, {"name": "Cache CDP, Utah", "lat": 41.82865, "lng": -112.00568, "population": 38}, {"name": "Thompson Springs CDP, Utah", "lat": 38.96357, "lng": -109.70372, "population": 34}, {"name": "Scofield town, Utah", "lat": 39.71984, "lng": -111.16226, "population": 26}, {"name": "Ophir CDP, Utah", "lat": 40.37006, "lng": -112.25596, "population": 24}, {"name": "Mexican Hat CDP, Utah", "lat": 37.17426, "lng": -109.88358, "population": 21}, {"name": "Modena CDP, Utah", "lat": 37.79471, "lng": -113.92746, "population": 15}, {"name": "Clear Creek CDP, Utah", "lat": 39.64334, "lng": -111.15484, "population": 12}, {"name": "Halls Crossing CDP, Utah", "lat": 37.46581, "lng": -110.66544, "population": 4}]