[{"name": "Virginia Beach city, Virginia", "lat": 36.77952, "lng": -76.02914, "population": 459470}, {"name": "Chesapeake city, Virginia", "lat": 36.67938, "lng": -76.30179, "population": 249422}, {"name": "Arlington CDP, Virginia", "lat": 38.87834, "lng": -77.1007, "population": 238643}, {"name": "Norfolk city, Virginia", "lat": 36.92301, "lng": -76.24464, "population": 238005}, {"name": "Richmond city, Virginia", "lat": 37.5314, "lng": -77.47601, "population": 226610}, {"name": "Newport News city, Virginia", "lat": 37.07614, "lng": -76.52198, "population": 186247}, {"name": "Alexandria city, Virginia", "lat": 38.81925, "lng": -77.08367, "population": 159467}, {"name": "Hampton city, Virginia", "lat": 37.04796, "lng": -76.29729, "population": 137148}, {"name": "Roanoke city, Virginia", "lat": 37.27846, "lng": -79.95817, "population": 100011}, {"name": "Portsmouth city, Virginia", "lat": 36.85934, "lng": -76.35697, "population": 97915}, {"name": "Suffolk city, Virginia", "lat": 36.69716, "lng": -76.63478, "population": 94324}, {"name": "Lynchburg city, Virginia", "lat": 37.39902, "lng": -79.19546, "population": 79009}, {"name": "Centreville CDP, Virginia", "lat": 38.84065, "lng": -77.43846, "population": 73518}, {"name": "Dale City CDP, Virginia", "lat": 38.64981, "lng": -77.34594, "population": 72088}, {"name": "Reston CDP, Virginia", "lat": 38.94976, "lng": -77.34624, "population": 63226}, {"name": "Harrisonburg city, Virginia", "lat": 38.43626, "lng": -78.8733, "population": 51814}, {"name": "McLean CDP, Virginia", "lat": 38.94355, "lng": -77.19291, "population": 50773}, {"name": "Leesburg town, Virginia", "lat": 39.10629, "lng": -77.55524, "population": 48250}, {"name": "Tuckahoe CDP, Virginia", "lat": 37.58728, "lng": -77.58815, "population": 48051}, {"name": "Charlottesville city, Virginia", "lat": 38.03766, "lng": -78.48538, "population": 46553}, {"name": "Ashburn CDP, Virginia", "lat": 39.0273, "lng": -77.47132, "population": 46349}, {"name": "Lake Ridge CDP, Virginia", "lat": 38.68695, "lng": -77.30576, "population": 46162}, {"name": "Blacksburg town, Virginia", "lat": 37.23126, "lng": -80.42674, "population": 44826}, {"name": "Woodbridge CDP, Virginia", "lat": 38.64056, "lng": -77.25509, "population": 44668}, {"name": "Annandale CDP, Virginia", "lat": 38.8328, "lng": -77.19623, "population": 43363}, {"name": "Manassas city, Virginia", "lat": 38.74681, "lng": -77.48263, "population": 42772}, {"name": "Danville city, Virginia", "lat": 36.58333, "lng": -79.40807, "population": 42590}, {"name": "Burke CDP, Virginia", "lat": 38.77772, "lng": -77.26259, "population": 42312}, {"name": "Linton Hall CDP, Virginia", "lat": 38.75259, "lng": -77.57595, "population": 41754}, {"name": "Mechanicsville CDP, Virginia", "lat": 37.6299, "lng": -77.35476, "population": 39482}, {"name": "Oakton CDP, Virginia", "lat": 38.88944, "lng": -77.30223, "population": 36732}, {"name": "Fair Oaks CDP, Virginia", "lat": 38.86509, "lng": -77.35739, "population": 34052}, {"name": "South Riding CDP, Virginia", "lat": 38.91166, "lng": -77.51328, "population": 33877}, {"name": "Petersburg city, Virginia", "lat": 37.20473, "lng": -77.39237, "population": 33458}, {"name": "Springfield CDP, Virginia", "lat": 38.78157, "lng": -77.18392, "population": 31339}, {"name": "Short Pump CDP, Virginia", "lat": 37.65659, "lng": -77.61996, "population": 30626}, {"name": "Sterling CDP, Virginia", "lat": 39.00473, "lng": -77.40537, "population": 30337}, {"name": "West Falls Church CDP, Virginia", "lat": 38.86556, "lng": -77.1877, "population": 30243}, {"name": "Winchester city, Virginia", "lat": 39.17387, "lng": -78.17636, "population": 28120}, {"name": "Fredericksburg city, Virginia", "lat": 38.29927, "lng": -77.48666, "population": 27982}, {"name": "Cave Spring CDP, Virginia", "lat": 37.22691, "lng": -80.00688, "population": 26755}, {"name": "Tysons CDP, Virginia", "lat": 38.92135, "lng": -77.22762, "population": 26374}, {"name": "Staunton city, Virginia", "lat": 38.15798, "lng": -79.06188, "population": 25750}, {"name": "Salem city, Virginia", "lat": 37.28533, "lng": -80.05524, "population": 25346}, {"name": "Bailey's Crossroads CDP, Virginia", "lat": 38.84826, "lng": -77.13196, "population": 24749}, {"name": "Herndon town, Virginia", "lat": 38.97041, "lng": -77.38707, "population": 24655}, {"name": "Chantilly CDP, Virginia", "lat": 38.88918, "lng": -77.44209, "population": 24301}, {"name": "Fairfax city, Virginia", "lat": 38.85318, "lng": -77.29903, "population": 24146}, {"name": "Cherry Hill CDP, Virginia", "lat": 38.56737, "lng": -77.28627, "population": 23683}, {"name": "Brambleton CDP, Virginia", "lat": 38.98024, "lng": -77.5328, "population": 23486}, {"name": "Chester CDP, Virginia", "lat": 37.35204, "lng": -77.4337, "population": 23414}, {"name": "West Springfield CDP, Virginia", "lat": 38.77519, "lng": -77.22465, "population": 23369}, {"name": "Christiansburg town, Virginia", "lat": 37.14066, "lng": -80.40451, "population": 23348}, {"name": "Hopewell city, Virginia", "lat": 37.29101, "lng": -77.29894, "population": 23033}, {"name": "Lincolnia CDP, Virginia", "lat": 38.81579, "lng": -77.15427, "population": 22922}, {"name": "Montclair CDP, Virginia", "lat": 38.6138, "lng": -77.34161, "population": 22279}, {"name": "Waynesboro city, Virginia", "lat": 38.06716, "lng": -78.90142, "population": 22196}, {"name": "McNair CDP, Virginia", "lat": 38.9522, "lng": -77.41358, "population": 21598}, {"name": "Leesylvania CDP, Virginia", "lat": 38.60826, "lng": -77.28289, "population": 21193}, {"name": "Rose Hill CDP (Fairfax County), Virginia", "lat": 38.78692, "lng": -77.10883, "population": 21045}, {"name": "Meadowbrook CDP, Virginia", "lat": 37.43047, "lng": -77.47449, "population": 20898}, {"name": "Woodlawn CDP (Fairfax County), Virginia", "lat": 38.73289, "lng": -77.11517, "population": 20859}, {"name": "Merrifield CDP, Virginia", "lat": 38.87198, "lng": -77.23967, "population": 20488}, {"name": "Buckhall CDP, Virginia", "lat": 38.71556, "lng": -77.44701, "population": 20420}, {"name": "Lorton CDP, Virginia", "lat": 38.69872, "lng": -77.21665, "population": 20072}, {"name": "Culpeper town, Virginia", "lat": 38.47029, "lng": -77.99976, "population": 20062}, {"name": "Franklin Farm CDP, Virginia", "lat": 38.90979, "lng": -77.39591, "population": 19189}, {"name": "Sudley CDP, Virginia", "lat": 38.78676, "lng": -77.49901, "population": 19008}, {"name": "Franconia CDP, Virginia", "lat": 38.76791, "lng": -77.15831, "population": 18943}, {"name": "Midlothian CDP, Virginia", "lat": 37.48438, "lng": -77.64958, "population": 18320}, {"name": "Colonial Heights city, Virginia", "lat": 37.26168, "lng": -77.3968, "population": 18170}, {"name": "Gainesville CDP, Virginia", "lat": 38.79319, "lng": -77.64224, "population": 18112}, {"name": "Bon Air CDP, Virginia", "lat": 37.51698, "lng": -77.57031, "population": 18022}, {"name": "Idylwood CDP, Virginia", "lat": 38.88921, "lng": -77.20401, "population": 17954}, {"name": "Laurel CDP, Virginia", "lat": 37.63614, "lng": -77.50705, "population": 17769}, {"name": "Burke Centre CDP, Virginia", "lat": 38.79118, "lng": -77.30057, "population": 17518}, {"name": "Fort Hunt CDP, Virginia", "lat": 38.73546, "lng": -77.05766, "population": 17231}, {"name": "Bristol city, Virginia", "lat": 36.61695, "lng": -82.15756, "population": 17219}, {"name": "Manassas Park city, Virginia", "lat": 38.7694, "lng": -77.44232, "population": 17219}, {"name": "Kingstowne CDP, Virginia", "lat": 38.7607, "lng": -77.14531, "population": 16825}, {"name": "Bull Run CDP (Prince William County), Virginia", "lat": 38.7801, "lng": -77.52042, "population": 16794}, {"name": "Highland Springs CDP, Virginia", "lat": 37.5517, "lng": -77.32789, "population": 16604}, {"name": "Wolf Trap CDP, Virginia", "lat": 38.93735, "lng": -77.28286, "population": 16496}, {"name": "Vienna town, Virginia", "lat": 38.89858, "lng": -77.25832, "population": 16473}, {"name": "Hybla Valley CDP, Virginia", "lat": 38.74615, "lng": -77.07962, "population": 16319}, {"name": "Glen Allen CDP, Virginia", "lat": 37.66587, "lng": -77.48435, "population": 16187}, {"name": "Radford city, Virginia", "lat": 37.12012, "lng": -80.55915, "population": 16070}, {"name": "Great Falls CDP, Virginia", "lat": 39.01236, "lng": -77.30194, "population": 15953}, {"name": "Groveton CDP, Virginia", "lat": 38.74979, "lng": -77.1074, "population": 15725}, {"name": "Hollins CDP, Virginia", "lat": 37.34402, "lng": -79.95223, "population": 15574}, {"name": "Williamsburg city, Virginia", "lat": 37.26948, "lng": -76.70819, "population": 15425}, {"name": "East Highland Park CDP, Virginia", "lat": 37.57751, "lng": -77.38679, "population": 15131}, {"name": "Stone Ridge CDP, Virginia", "lat": 38.92502, "lng": -77.55549, "population": 15039}, {"name": "Front Royal town, Virginia", "lat": 38.92495, "lng": -78.18343, "population": 15011}, {"name": "Falls Church city, Virginia", "lat": 38.88472, "lng": -77.1756, "population": 14658}, {"name": "Broadlands CDP, Virginia", "lat": 39.01364, "lng": -77.51698, "population": 14021}, {"name": "Huntington CDP, Virginia", "lat": 38.79127, "lng": -77.07355, "population": 13749}, {"name": "Brandermill CDP, Virginia", "lat": 37.43399, "lng": -77.65058, "population": 13730}, {"name": "Martinsville city, Virginia", "lat": 36.68353, "lng": -79.86365, "population": 13485}, {"name": "Kings Park West CDP, Virginia", "lat": 38.81443, "lng": -77.29582, "population": 13465}, {"name": "Timberlake CDP, Virginia", "lat": 37.31716, "lng": -79.24689, "population": 13267}, {"name": "Newington CDP, Virginia", "lat": 38.73411, "lng": -77.19787, "population": 13223}, {"name": "Newington Forest CDP, Virginia", "lat": 38.73802, "lng": -77.23522, "population": 12957}, {"name": "Mount Vernon CDP, Virginia", "lat": 38.71336, "lng": -77.10522, "population": 12914}, {"name": "Poquoson city, Virginia", "lat": 37.12836, "lng": -76.30353, "population": 12460}, {"name": "Lansdowne CDP, Virginia", "lat": 39.08527, "lng": -77.48374, "population": 12427}, {"name": "Fairfax Station CDP, Virginia", "lat": 38.79483, "lng": -77.33854, "population": 12420}, {"name": "Cascades CDP, Virginia", "lat": 39.04754, "lng": -77.38685, "population": 12366}, {"name": "Sugarland Run CDP, Virginia", "lat": 39.03256, "lng": -77.36663, "population": 12345}, {"name": "Lakeside CDP, Virginia", "lat": 37.61309, "lng": -77.47711, "population": 12203}, {"name": "Stuarts Draft CDP, Virginia", "lat": 38.01883, "lng": -79.03469, "population": 12142}, {"name": "Manchester CDP, Virginia", "lat": 37.4891, "lng": -77.54389, "population": 12129}, {"name": "Wakefield CDP, Virginia", "lat": 38.82469, "lng": -77.24295, "population": 11805}, {"name": "Dranesville CDP, Virginia", "lat": 38.99668, "lng": -77.3703, "population": 11785}, {"name": "Forest CDP, Virginia", "lat": 37.37493, "lng": -79.27715, "population": 11709}, {"name": "Loudoun Valley Estates CDP, Virginia", "lat": 38.98049, "lng": -77.50921, "population": 11436}, {"name": "New Baltimore CDP, Virginia", "lat": 38.74195, "lng": -77.71693, "population": 11251}, {"name": "George Mason CDP, Virginia", "lat": 38.83151, "lng": -77.30241, "population": 11162}, {"name": "Wyndham CDP, Virginia", "lat": 37.69218, "lng": -77.61073, "population": 11087}, {"name": "Lowes Island CDP, Virginia", "lat": 39.04917, "lng": -77.35476, "population": 11023}, {"name": "Yorkshire CDP, Virginia", "lat": 38.78899, "lng": -77.44987, "population": 10992}, {"name": "Madison Heights CDP, Virginia", "lat": 37.4503, "lng": -79.10821, "population": 10893}, {"name": "Difficult Run CDP, Virginia", "lat": 38.90664, "lng": -77.34554, "population": 10600}, {"name": "Gloucester Point CDP, Virginia", "lat": 37.27027, "lng": -76.49737, "population": 10587}, {"name": "Countryside CDP, Virginia", "lat": 39.0522, "lng": -77.41241, "population": 10418}, {"name": "Belmont CDP, Virginia", "lat": 39.06562, "lng": -77.49847, "population": 10268}, {"name": "Independent Hill CDP, Virginia", "lat": 38.64455, "lng": -77.42508, "population": 10165}, {"name": "Lake Monticello CDP, Virginia", "lat": 37.91981, "lng": -78.33188, "population": 10126}, {"name": "Warrenton town, Virginia", "lat": 38.71782, "lng": -77.79732, "population": 10057}, {"name": "Fort Lee CDP, Virginia", "lat": 37.23564, "lng": -77.33251, "population": 9874}, {"name": "Lake Barcroft CDP, Virginia", "lat": 38.85155, "lng": -77.15874, "population": 9770}, {"name": "Fishersville CDP, Virginia", "lat": 38.10235, "lng": -78.98616, "population": 9629}, {"name": "Triangle CDP, Virginia", "lat": 38.54715, "lng": -77.31849, "population": 9589}, {"name": "Dunn Loring CDP, Virginia", "lat": 38.89408, "lng": -77.22919, "population": 9464}, {"name": "Crozet CDP, Virginia", "lat": 38.06492, "lng": -78.69696, "population": 9224}, {"name": "Seven Corners CDP, Virginia", "lat": 38.86552, "lng": -77.14481, "population": 9131}, {"name": "Innsbrook CDP, Virginia", "lat": 37.65368, "lng": -77.57646, "population": 8998}, {"name": "Pulaski town, Virginia", "lat": 37.05277, "lng": -80.76192, "population": 8985}, {"name": "Purcellville town, Virginia", "lat": 39.1375, "lng": -77.71139, "population": 8929}, {"name": "Woodburn CDP, Virginia", "lat": 38.84943, "lng": -77.22651, "population": 8797}, {"name": "Rockwood CDP, Virginia", "lat": 37.46296, "lng": -77.57443, "population": 8685}, {"name": "Hollymead CDP, Virginia", "lat": 38.12138, "lng": -78.43648, "population": 8601}, {"name": "Smithfield town, Virginia", "lat": 36.97241, "lng": -76.61415, "population": 8533}, {"name": "Dumbarton CDP, Virginia", "lat": 37.61189, "lng": -77.50829, "population": 8506}, {"name": "Greenbriar CDP, Virginia", "lat": 38.87164, "lng": -77.39905, "population": 8421}, {"name": "Fair Lakes CDP, Virginia", "lat": 38.8531, "lng": -77.38928, "population": 8404}, {"name": "Abingdon town, Virginia", "lat": 36.70667, "lng": -81.97163, "population": 8376}, {"name": "Floris CDP, Virginia", "lat": 38.92943, "lng": -77.4091, "population": 8341}, {"name": "Laurel Hill CDP, Virginia", "lat": 38.70588, "lng": -77.2433, "population": 8307}, {"name": "Wytheville town, Virginia", "lat": 36.95338, "lng": -81.08844, "population": 8265}, {"name": "Franklin city, Virginia", "lat": 36.68401, "lng": -76.9414, "population": 8180}, {"name": "Lake of the Woods CDP, Virginia", "lat": 38.33376, "lng": -77.75647, "population": 8081}, {"name": "Vinton town, Virginia", "lat": 37.27424, "lng": -79.88819, "population": 8059}, {"name": "South Boston town, Virginia", "lat": 36.71182, "lng": -78.91335, "population": 7966}, {"name": "University of Virginia CDP, Virginia", "lat": 38.03499, "lng": -78.52048, "population": 7909}, {"name": "Montrose CDP, Virginia", "lat": 37.52126, "lng": -77.37485, "population": 7909}, {"name": "Long Branch CDP, Virginia", "lat": 38.83054, "lng": -77.26998, "population": 7890}, {"name": "Sandston CDP, Virginia", "lat": 37.51306, "lng": -77.31301, "population": 7779}, {"name": "Bellwood CDP, Virginia", "lat": 37.40604, "lng": -77.43633, "population": 7678}, {"name": "Fort Belvoir CDP, Virginia", "lat": 38.71308, "lng": -77.1445, "population": 7637}, {"name": "Ashland town, Virginia", "lat": 37.76042, "lng": -77.47241, "population": 7565}, {"name": "Mantua CDP, Virginia", "lat": 38.85174, "lng": -77.2575, "population": 7503}, {"name": "Carrollton CDP, Virginia", "lat": 36.94063, "lng": -76.52107, "population": 7498}, {"name": "Woodlake CDP, Virginia", "lat": 37.42009, "lng": -77.67722, "population": 7493}, {"name": "Farmville town, Virginia", "lat": 37.29612, "lng": -78.40045, "population": 7473}, {"name": "North Springfield CDP, Virginia", "lat": 38.80285, "lng": -77.20107, "population": 7430}, {"name": "Collinsville CDP, Virginia", "lat": 36.72102, "lng": -79.91164, "population": 7380}, {"name": "Lexington city, Virginia", "lat": 37.78233, "lng": -79.44432, "population": 7320}, {"name": "Ettrick CDP, Virginia", "lat": 37.24731, "lng": -77.43076, "population": 7241}, {"name": "Strasburg town, Virginia", "lat": 39.00339, "lng": -78.34954, "population": 7083}, {"name": "Bull Run CDP (Fairfax County), Virginia", "lat": 38.83975, "lng": -77.48976, "population": 6972}, {"name": "Belle Haven CDP, Virginia", "lat": 38.77732, "lng": -77.05744, "population": 6851}, {"name": "Aquia Harbour CDP, Virginia", "lat": 38.45923, "lng": -77.3801, "population": 6836}, {"name": "Galax city, Virginia", "lat": 36.66564, "lng": -80.91431, "population": 6720}, {"name": "Bedford town, Virginia", "lat": 37.33627, "lng": -79.51772, "population": 6657}, {"name": "Buena Vista city, Virginia", "lat": 37.72935, "lng": -79.35813, "population": 6641}, {"name": "Bridgewater town, Virginia", "lat": 38.38849, "lng": -78.96445, "population": 6596}, {"name": "Pimmit Hills CDP, Virginia", "lat": 38.91053, "lng": -77.19914, "population": 6569}, {"name": "Braddock CDP, Virginia", "lat": 38.83187, "lng": -77.35503, "population": 6549}, {"name": "South Run CDP, Virginia", "lat": 38.74832, "lng": -77.2732, "population": 6462}, {"name": "Massanetta Springs CDP, Virginia", "lat": 38.39501, "lng": -78.83162, "population": 6384}, {"name": "Potomac Mills CDP, Virginia", "lat": 38.65654, "lng": -77.29883, "population": 6332}, {"name": "Hutchison CDP, Virginia", "lat": 38.96365, "lng": -77.41091, "population": 6231}, {"name": "Bensley CDP, Virginia", "lat": 37.44749, "lng": -77.44561, "population": 5971}, {"name": "Dulles Town Center CDP, Virginia", "lat": 39.02347, "lng": -77.41351, "population": 5909}, {"name": "Bealeton CDP, Virginia", "lat": 38.58301, "lng": -77.77876, "population": 5882}, {"name": "Woodstock town, Virginia", "lat": 38.87212, "lng": -78.51713, "population": 5807}, {"name": "Emporia city, Virginia", "lat": 36.69618, "lng": -77.53597, "population": 5766}, {"name": "Marion town, Virginia", "lat": 36.83739, "lng": -81.51566, "population": 5751}, {"name": "Covington city, Virginia", "lat": 37.78106, "lng": -79.98543, "population": 5737}, {"name": "Crosspointe CDP, Virginia", "lat": 38.72498, "lng": -77.26323, "population": 5722}, {"name": "Dumfries town, Virginia", "lat": 38.56735, "lng": -77.32242, "population": 5679}, {"name": "Spotsylvania Courthouse CDP, Virginia", "lat": 38.19939, "lng": -77.58901, "population": 5610}, {"name": "Chamberlayne CDP, Virginia", "lat": 37.62738, "lng": -77.42819, "population": 5581}, {"name": "Stafford Courthouse CDP, Virginia", "lat": 38.41492, "lng": -77.4157, "population": 5370}, {"name": "Richlands town, Virginia", "lat": 37.08802, "lng": -81.81042, "population": 5261}, {"name": "Big Stone Gap town, Virginia", "lat": 36.86208, "lng": -82.7769, "population": 5254}, {"name": "Quantico Base CDP, Virginia", "lat": 38.5228, "lng": -77.31826, "population": 5221}, {"name": "Bluefield town, Virginia", "lat": 37.23522, "lng": -81.27466, "population": 5096}, {"name": "Union Mill CDP, Virginia", "lat": 38.80133, "lng": -77.38714, "population": 4997}, {"name": "King George CDP, Virginia", "lat": 38.27944, "lng": -77.18431, "population": 4970}, {"name": "Falmouth CDP, Virginia", "lat": 38.33018, "lng": -77.46591, "population": 4956}, {"name": "Rocky Mount town, Virginia", "lat": 37.0044, "lng": -79.88476, "population": 4903}, {"name": "Orange town, Virginia", "lat": 38.24784, "lng": -78.11319, "population": 4880}, {"name": "Luray town, Virginia", "lat": 38.66481, "lng": -78.45503, "population": 4831}, {"name": "South Hill town, Virginia", "lat": 36.72566, "lng": -78.12889, "population": 4690}, {"name": "Pantops CDP, Virginia", "lat": 38.0326, "lng": -78.4448, "population": 4682}, {"name": "Berryville town, Virginia", "lat": 39.14993, "lng": -77.98319, "population": 4574}, {"name": "Lake Land'Or CDP, Virginia", "lat": 38.01751, "lng": -77.55323, "population": 4555}, {"name": "Bethel Manor CDP, Virginia", "lat": 37.09736, "lng": -76.42463, "population": 4540}, {"name": "Kings Park CDP, Virginia", "lat": 38.80217, "lng": -77.23933, "population": 4537}, {"name": "Tazewell town, Virginia", "lat": 37.12894, "lng": -81.50656, "population": 4486}, {"name": "Moorefield CDP, Virginia", "lat": 38.99827, "lng": -77.49274, "population": 4421}, {"name": "Verona CDP, Virginia", "lat": 38.19431, "lng": -79.00947, "population": 4398}, {"name": "Navy CDP, Virginia", "lat": 38.88916, "lng": -77.3909, "population": 4327}, {"name": "Broadway town, Virginia", "lat": 38.60849, "lng": -78.80137, "population": 4170}, {"name": "Hayfield CDP, Virginia", "lat": 38.75336, "lng": -77.1326, "population": 4154}, {"name": "Shenandoah Farms CDP, Virginia", "lat": 38.97534, "lng": -78.04756, "population": 4135}, {"name": "Enon CDP, Virginia", "lat": 37.32734, "lng": -77.32167, "population": 4075}, {"name": "Mount Hermon CDP, Virginia", "lat": 36.66875, "lng": -79.42218, "population": 4057}, {"name": "Loch Lomond CDP, Virginia", "lat": 38.78071, "lng": -77.48203, "population": 4050}, {"name": "University Center CDP, Virginia", "lat": 39.06242, "lng": -77.4456, "population": 3969}, {"name": "Colonial Beach town, Virginia", "lat": 38.26441, "lng": -76.99373, "population": 3908}, {"name": "County Center CDP, Virginia", "lat": 38.69275, "lng": -77.3556, "population": 3787}, {"name": "Norton city, Virginia", "lat": 36.93155, "lng": -82.626, "population": 3687}, {"name": "Clifton Forge town, Virginia", "lat": 37.82332, "lng": -79.82519, "population": 3555}, {"name": "West Point town, Virginia", "lat": 37.55226, "lng": -76.80185, "population": 3414}, {"name": "Cloverdale CDP, Virginia", "lat": 37.35614, "lng": -79.90358, "population": 3410}, {"name": "Altavista town, Virginia", "lat": 37.12344, "lng": -79.28338, "population": 3378}, {"name": "Blackstone town, Virginia", "lat": 37.08182, "lng": -78.00281, "population": 3352}, {"name": "Chincoteague town, Virginia", "lat": 37.94931, "lng": -75.35258, "population": 3344}, {"name": "North Shore CDP, Virginia", "lat": 37.08314, "lng": -79.64841, "population": 3332}, {"name": "Blue Ridge CDP, Virginia", "lat": 37.37984, "lng": -79.8222, "population": 3185}, {"name": "Lebanon town, Virginia", "lat": 36.89949, "lng": -82.07851, "population": 3159}, {"name": "Southern Gateway CDP, Virginia", "lat": 38.3448, "lng": -77.50288, "population": 3133}, {"name": "Daleville CDP, Virginia", "lat": 37.41447, "lng": -79.91377, "population": 3070}, {"name": "Gloucester Courthouse CDP, Virginia", "lat": 37.40354, "lng": -76.52351, "population": 3030}, {"name": "Wise town, Virginia", "lat": 36.97669, "lng": -82.58065, "population": 2971}, {"name": "Timberville town, Virginia", "lat": 38.63266, "lng": -78.77372, "population": 2963}, {"name": "Lake Wilderness CDP, Virginia", "lat": 38.30409, "lng": -77.72647, "population": 2960}, {"name": "Dahlgren CDP, Virginia", "lat": 38.34198, "lng": -77.06427, "population": 2946}, {"name": "Elkton town, Virginia", "lat": 38.41069, "lng": -78.61612, "population": 2941}, {"name": "Pearisburg town, Virginia", "lat": 37.32868, "lng": -80.72729, "population": 2909}, {"name": "Grottoes town, Virginia", "lat": 38.2697, "lng": -78.82591, "population": 2899}, {"name": "Hillsville town, Virginia", "lat": 36.76161, "lng": -80.7367, "population": 2884}, {"name": "Merrimac CDP, Virginia", "lat": 37.19487, "lng": -80.42201, "population": 2858}, {"name": "Windsor town, Virginia", "lat": 36.81119, "lng": -76.73841, "population": 2746}, {"name": "Weyers Cave CDP, Virginia", "lat": 38.28006, "lng": -78.91416, "population": 2700}, {"name": "Lovettsville town, Virginia", "lat": 39.26982, "lng": -77.64039, "population": 2694}, {"name": "Dublin town, Virginia", "lat": 37.1055, "lng": -80.6897, "population": 2682}, {"name": "Ravensworth CDP, Virginia", "lat": 38.80316, "lng": -77.22259, "population": 2680}, {"name": "Matoaca CDP, Virginia", "lat": 37.23232, "lng": -77.46749, "population": 2655}, {"name": "Lake Caroline CDP, Virginia", "lat": 37.98732, "lng": -77.5195, "population": 2511}, {"name": "Shenandoah town, Virginia", "lat": 38.48713, "lng": -78.61645, "population": 2486}, {"name": "Oak Grove CDP, Virginia", "lat": 38.98335, "lng": -77.41549, "population": 2452}, {"name": "Fairlawn CDP, Virginia", "lat": 37.14521, "lng": -80.54384, "population": 2419}, {"name": "Arcola CDP, Virginia", "lat": 38.94443, "lng": -77.53408, "population": 2412}, {"name": "Prince George CDP, Virginia", "lat": 37.22087, "lng": -77.2683, "population": 2315}, {"name": "Sully Square CDP, Virginia", "lat": 38.92186, "lng": -77.42636, "population": 2300}, {"name": "Goose Creek Village CDP, Virginia", "lat": 39.0431, "lng": -77.52544, "population": 2298}, {"name": "One Loudoun CDP, Virginia", "lat": 39.0504, "lng": -77.45484, "population": 2285}, {"name": "Crewe town, Virginia", "lat": 37.18099, "lng": -78.13041, "population": 2262}, {"name": "Shawneeland CDP, Virginia", "lat": 39.1959, "lng": -78.34582, "population": 2248}, {"name": "Crimora CDP, Virginia", "lat": 38.16166, "lng": -78.84384, "population": 2219}, {"name": "Lake Holiday CDP, Virginia", "lat": 39.30749, "lng": -78.32522, "population": 2196}, {"name": "Tappahannock town, Virginia", "lat": 37.91239, "lng": -76.86601, "population": 2193}, {"name": "Rivanna CDP, Virginia", "lat": 37.99528, "lng": -78.37884, "population": 2174}, {"name": "Massanutten CDP, Virginia", "lat": 38.41108, "lng": -78.7279, "population": 2164}, {"name": "New Market town, Virginia", "lat": 38.64522, "lng": -78.67107, "population": 2155}, {"name": "Amherst town, Virginia", "lat": 37.58189, "lng": -79.052, "population": 2110}, {"name": "Narrows town, Virginia", "lat": 37.33131, "lng": -80.80926, "population": 2093}, {"name": "Rio CDP, Virginia", "lat": 38.08049, "lng": -78.47319, "population": 2076}, {"name": "Horse Pasture CDP, Virginia", "lat": 36.63224, "lng": -79.95226, "population": 2058}, {"name": "Chase City town, Virginia", "lat": 36.79984, "lng": -78.46095, "population": 2053}, {"name": "Woodlawn CDP (Carroll County), Virginia", "lat": 36.73877, "lng": -80.80946, "population": 2045}, {"name": "Gate City town, Virginia", "lat": 36.64614, "lng": -82.57839, "population": 2043}, {"name": "Mason Neck CDP, Virginia", "lat": 38.65101, "lng": -77.17052, "population": 2025}, {"name": "Stephens City town, Virginia", "lat": 39.09314, "lng": -78.21832, "population": 2016}, {"name": "Raven CDP, Virginia", "lat": 37.09349, "lng": -81.85947, "population": 1988}, {"name": "Louisa town, Virginia", "lat": 38.01662, "lng": -77.99974, "population": 1987}, {"name": "Mount Jackson town, Virginia", "lat": 38.73888, "lng": -78.65092, "population": 1961}, {"name": "Waverly town, Virginia", "lat": 37.03402, "lng": -77.0956, "population": 1955}, {"name": "Appomattox town, Virginia", "lat": 37.35874, "lng": -78.82645, "population": 1919}, {"name": "Piney Mountain CDP, Virginia", "lat": 38.16213, "lng": -78.41107, "population": 1880}, {"name": "Laymantown CDP, Virginia", "lat": 37.36392, "lng": -79.86005, "population": 1867}, {"name": "Marshall CDP, Virginia", "lat": 38.86601, "lng": -77.83711, "population": 1854}, {"name": "Ferrum CDP, Virginia", "lat": 36.9385, "lng": -79.99497, "population": 1827}, {"name": "Saltville town, Virginia", "lat": 36.87591, "lng": -81.76291, "population": 1824}, {"name": "East Lexington CDP, Virginia", "lat": 37.80147, "lng": -79.41649, "population": 1824}, {"name": "Patrick Springs CDP, Virginia", "lat": 36.63435, "lng": -80.19852, "population": 1813}, {"name": "Central Garage CDP, Virginia", "lat": 37.74729, "lng": -77.12512, "population": 1810}, {"name": "Victoria town, Virginia", "lat": 36.99444, "lng": -78.2243, "population": 1734}, {"name": "Castlewood CDP, Virginia", "lat": 36.88014, "lng": -82.29533, "population": 1704}, {"name": "Stanley town, Virginia", "lat": 38.58104, "lng": -78.4994, "population": 1703}, {"name": "Claypool Hill CDP, Virginia", "lat": 37.06473, "lng": -81.75, "population": 1699}, {"name": "Dayton town, Virginia", "lat": 38.41729, "lng": -78.94112, "population": 1688}, {"name": "Chatmoss CDP, Virginia", "lat": 36.67668, "lng": -79.80844, "population": 1671}, {"name": "Adwolf CDP, Virginia", "lat": 36.79803, "lng": -81.59365, "population": 1658}, {"name": "Boswell's Corner CDP, Virginia", "lat": 38.5037, "lng": -77.37214, "population": 1656}, {"name": "Chilhowie town, Virginia", "lat": 36.80017, "lng": -81.68291, "population": 1654}, {"name": "Warsaw town, Virginia", "lat": 37.96026, "lng": -76.76102, "population": 1637}, {"name": "Pennington Gap town, Virginia", "lat": 36.75762, "lng": -83.0353, "population": 1624}, {"name": "Nokesville CDP, Virginia", "lat": 38.69299, "lng": -77.57644, "population": 1619}, {"name": "Twin Lakes CDP, Virginia", "lat": 38.2498, "lng": -78.44277, "population": 1602}, {"name": "Coeburn town, Virginia", "lat": 36.94565, "lng": -82.4704, "population": 1598}, {"name": "Concord CDP, Virginia", "lat": 37.34484, "lng": -78.98289, "population": 1557}, {"name": "Lyndhurst CDP, Virginia", "lat": 38.02338, "lng": -78.94985, "population": 1554}, {"name": "Westlake Corner CDP, Virginia", "lat": 37.11863, "lng": -79.69789, "population": 1553}, {"name": "Rural Retreat town, Virginia", "lat": 36.90513, "lng": -81.27725, "population": 1546}, {"name": "Haymarket town, Virginia", "lat": 38.81217, "lng": -77.63633, "population": 1545}, {"name": "Captains Cove CDP, Virginia", "lat": 37.9963, "lng": -75.42592, "population": 1544}, {"name": "Ruckersville CDP, Virginia", "lat": 38.22805, "lng": -78.37748, "population": 1484}, {"name": "Exmore town, Virginia", "lat": 37.52949, "lng": -75.82832, "population": 1473}, {"name": "Benns Church CDP, Virginia", "lat": 36.93689, "lng": -76.58469, "population": 1453}, {"name": "Kilmarnock town, Virginia", "lat": 37.71074, "lng": -76.38285, "population": 1445}, {"name": "Appalachia town, Virginia", "lat": 36.91272, "lng": -82.795, "population": 1432}, {"name": "Stuart town, Virginia", "lat": 36.64036, "lng": -80.26864, "population": 1431}, {"name": "Gordonsville town, Virginia", "lat": 38.13555, "lng": -78.18741, "population": 1402}, {"name": "Apple Mountain Lake CDP, Virginia", "lat": 38.92668, "lng": -78.10514, "population": 1400}, {"name": "Great Falls Crossing CDP, Virginia", "lat": 38.98121, "lng": -77.32442, "population": 1392}, {"name": "Stanleytown CDP, Virginia", "lat": 36.75145, "lng": -79.9524, "population": 1385}, {"name": "Clintwood town, Virginia", "lat": 37.15299, "lng": -82.45989, "population": 1377}, {"name": "Basye CDP, Virginia", "lat": 38.80942, "lng": -78.76949, "population": 1374}, {"name": "Bracey CDP, Virginia", "lat": 36.58123, "lng": -78.1138, "population": 1372}, {"name": "Glade Spring town, Virginia", "lat": 36.78994, "lng": -81.77225, "population": 1367}, {"name": "Middletown town, Virginia", "lat": 39.02909, "lng": -78.27778, "population": 1355}, {"name": "Plum Creek CDP, Virginia", "lat": 37.12709, "lng": -80.50337, "population": 1350}, {"name": "Wattsville CDP, Virginia", "lat": 37.9291, "lng": -75.49253, "population": 1341}, {"name": "Union Hall CDP, Virginia", "lat": 37.02209, "lng": -79.68078, "population": 1328}, {"name": "Gretna town, Virginia", "lat": 36.94955, "lng": -79.36261, "population": 1310}, {"name": "Clarksville town, Virginia", "lat": 36.61823, "lng": -78.56453, "population": 1300}, {"name": "Courtland town, Virginia", "lat": 36.71226, "lng": -77.06196, "population": 1295}, {"name": "Rustburg CDP, Virginia", "lat": 37.27219, "lng": -79.1001, "population": 1281}, {"name": "Dooms CDP, Virginia", "lat": 38.10007, "lng": -78.85017, "population": 1279}, {"name": "Hurt town, Virginia", "lat": 37.09638, "lng": -79.30334, "population": 1267}, {"name": "Belmont Estates CDP, Virginia", "lat": 38.44645, "lng": -78.92278, "population": 1263}, {"name": "Nellysford CDP, Virginia", "lat": 37.92353, "lng": -78.89352, "population": 1254}, {"name": "Weber City town, Virginia", "lat": 36.62372, "lng": -82.56335, "population": 1250}, {"name": "Passapatanzy CDP, Virginia", "lat": 38.29463, "lng": -77.33221, "population": 1244}, {"name": "Cana CDP, Virginia", "lat": 36.58061, "lng": -80.66789, "population": 1243}, {"name": "Shawsville CDP, Virginia", "lat": 37.17037, "lng": -80.25442, "population": 1241}, {"name": "Emory CDP, Virginia", "lat": 36.77982, "lng": -81.8274, "population": 1237}, {"name": "Chatham town, Virginia", "lat": 36.81185, "lng": -79.40012, "population": 1232}, {"name": "Bull Run Mountain Estates CDP, Virginia", "lat": 38.90919, "lng": -77.66668, "population": 1220}, {"name": "Honaker town, Virginia", "lat": 37.01559, "lng": -81.96854, "population": 1217}, {"name": "Buchanan town, Virginia", "lat": 37.52085, "lng": -79.69106, "population": 1196}, {"name": "Hampden-Sydney CDP, Virginia", "lat": 37.24401, "lng": -78.47575, "population": 1191}, {"name": "Cape Charles town, Virginia", "lat": 37.24973, "lng": -76.01416, "population": 1178}, {"name": "Edinburg town, Virginia", "lat": 38.82286, "lng": -78.56269, "population": 1178}, {"name": "Rushmere CDP, Virginia", "lat": 37.07144, "lng": -76.67082, "population": 1175}, {"name": "Onancock town, Virginia", "lat": 37.70999, "lng": -75.74367, "population": 1169}, {"name": "Bowling Green town, Virginia", "lat": 38.05333, "lng": -77.34753, "population": 1168}, {"name": "Jolivue CDP, Virginia", "lat": 38.11115, "lng": -79.0683, "population": 1168}, {"name": "Earlysville CDP, Virginia", "lat": 38.15457, "lng": -78.46893, "population": 1153}, {"name": "Pembroke town, Virginia", "lat": 37.32188, "lng": -80.6365, "population": 1152}, {"name": "Prices Fork CDP, Virginia", "lat": 37.20633, "lng": -80.48811, "population": 1142}, {"name": "Camp Barrett CDP, Virginia", "lat": 38.51861, "lng": -77.43765, "population": 1140}, {"name": "Belview CDP, Virginia", "lat": 37.16676, "lng": -80.50971, "population": 1128}, {"name": "Atkins CDP, Virginia", "lat": 36.86698, "lng": -81.39858, "population": 1121}, {"name": "Henry Fork CDP, Virginia", "lat": 36.96972, "lng": -79.87037, "population": 1120}, {"name": "Halifax town, Virginia", "lat": 36.7612, "lng": -78.9276, "population": 1118}, {"name": "Shenandoah Shores CDP, Virginia", "lat": 38.96219, "lng": -78.14016, "population": 1112}, {"name": "Kenbridge town, Virginia", "lat": 36.96086, "lng": -78.12838, "population": 1112}, {"name": "Brookneal town, Virginia", "lat": 37.04784, "lng": -78.95394, "population": 1090}, {"name": "Cedar Bluff town, Virginia", "lat": 37.08696, "lng": -81.76372, "population": 1069}, {"name": "Brightwood CDP, Virginia", "lat": 38.41395, "lng": -78.1847, "population": 1064}, {"name": "Deltaville CDP, Virginia", "lat": 37.55133, "lng": -76.32785, "population": 1057}, {"name": "Glasgow town, Virginia", "lat": 37.63177, "lng": -79.45825, "population": 1052}, {"name": "Springville CDP, Virginia", "lat": 37.18764, "lng": -81.39019, "population": 1043}, {"name": "Occoquan town, Virginia", "lat": 38.68173, "lng": -77.26186, "population": 1035}, {"name": "Bassett CDP, Virginia", "lat": 36.76152, "lng": -79.98655, "population": 1028}, {"name": "Lawrenceville town, Virginia", "lat": 36.7565, "lng": -77.85387, "population": 1014}, {"name": "Independence town, Virginia", "lat": 36.62748, "lng": -81.14925, "population": 1011}, {"name": "Mountain Road CDP, Virginia", "lat": 36.75156, "lng": -78.98834, "population": 1009}, {"name": "Dryden CDP, Virginia", "lat": 36.77584, "lng": -82.94408, "population": 986}, {"name": "McGaheysville CDP, Virginia", "lat": 38.37286, "lng": -78.7326, "population": 978}, {"name": "Maurertown CDP, Virginia", "lat": 38.93175, "lng": -78.46433, "population": 973}, {"name": "Amelia Court House CDP, Virginia", "lat": 37.33586, "lng": -77.98664, "population": 965}, {"name": "Riner CDP, Virginia", "lat": 37.06704, "lng": -80.44057, "population": 949}, {"name": "Riverdale CDP, Virginia", "lat": 36.67485, "lng": -78.89401, "population": 949}, {"name": "Harriston CDP, Virginia", "lat": 38.20827, "lng": -78.82597, "population": 948}, {"name": "Innovation CDP, Virginia", "lat": 38.75395, "lng": -77.52467, "population": 926}, {"name": "Ivy CDP, Virginia", "lat": 38.06365, "lng": -78.59925, "population": 917}, {"name": "Horntown CDP, Virginia", "lat": 37.96608, "lng": -75.457, "population": 912}, {"name": "Craigsville town, Virginia", "lat": 38.08653, "lng": -79.39079, "population": 899}, {"name": "Goochland CDP, Virginia", "lat": 37.69707, "lng": -77.89365, "population": 899}, {"name": "Chester Gap CDP, Virginia", "lat": 38.85011, "lng": -78.13158, "population": 894}, {"name": "Glenvar CDP, Virginia", "lat": 37.27619, "lng": -80.12636, "population": 892}, {"name": "Greenville CDP, Virginia", "lat": 38.00345, "lng": -79.15386, "population": 887}, {"name": "Pound town, Virginia", "lat": 37.12609, "lng": -82.60734, "population": 877}, {"name": "Fort Chiswell CDP, Virginia", "lat": 36.94472, "lng": -80.95615, "population": 876}, {"name": "Grundy town, Virginia", "lat": 37.26718, "lng": -82.0946, "population": 875}, {"name": "Jonesville town, Virginia", "lat": 36.68711, "lng": -83.11531, "population": 872}, {"name": "St. Paul town, Virginia", "lat": 36.90671, "lng": -82.31702, "population": 866}, {"name": "Gratton CDP, Virginia", "lat": 37.13473, "lng": -81.42676, "population": 865}, {"name": "Skyland Estates CDP, Virginia", "lat": 38.93182, "lng": -78.08619, "population": 862}, {"name": "Meadowview CDP, Virginia", "lat": 36.76375, "lng": -81.88354, "population": 861}, {"name": "Elliston CDP, Virginia", "lat": 37.22301, "lng": -80.21572, "population": 855}, {"name": "Fieldale CDP, Virginia", "lat": 36.70095, "lng": -79.94244, "population": 852}, {"name": "New Hope CDP, Virginia", "lat": 38.19253, "lng": -78.89473, "population": 843}, {"name": "Blairs CDP, Virginia", "lat": 36.69927, "lng": -79.37891, "population": 841}, {"name": "Motley CDP, Virginia", "lat": 37.06582, "lng": -79.34997, "population": 825}, {"name": "Parksley town, Virginia", "lat": 37.7863, "lng": -75.6539, "population": 816}, {"name": "Atlantic CDP, Virginia", "lat": 37.90337, "lng": -75.50637, "population": 808}, {"name": "Keysville town, Virginia", "lat": 37.03899, "lng": -78.48044, "population": 807}, {"name": "Oak Level CDP, Virginia", "lat": 36.79485, "lng": -79.94143, "population": 803}, {"name": "Blue Ridge Shores CDP, Virginia", "lat": 38.10711, "lng": -78.02269, "population": 801}, {"name": "Damascus town, Virginia", "lat": 36.63267, "lng": -81.78936, "population": 788}, {"name": "Penhook CDP, Virginia", "lat": 36.99245, "lng": -79.63755, "population": 782}, {"name": "Wakefield town, Virginia", "lat": 36.96913, "lng": -76.9881, "population": 759}, {"name": "Fincastle town, Virginia", "lat": 37.50157, "lng": -79.87483, "population": 755}, {"name": "Ridgeway town, Virginia", "lat": 36.57817, "lng": -79.85829, "population": 752}, {"name": "Rich Creek town, Virginia", "lat": 37.38462, "lng": -80.81881, "population": 749}, {"name": "Boyce town, Virginia", "lat": 39.09322, "lng": -78.06011, "population": 749}, {"name": "New Kent CDP, Virginia", "lat": 37.50948, "lng": -76.98625, "population": 739}, {"name": "Rose Hill CDP (Lee County), Virginia", "lat": 36.66416, "lng": -83.37373, "population": 729}, {"name": "Dahlgren Center CDP, Virginia", "lat": 38.33631, "lng": -77.02845, "population": 724}, {"name": "Arrington CDP, Virginia", "lat": 37.6787, "lng": -78.89476, "population": 718}, {"name": "Camptown CDP, Virginia", "lat": 36.68589, "lng": -76.89474, "population": 718}, {"name": "Cluster Springs CDP, Virginia", "lat": 36.60452, "lng": -78.9231, "population": 718}, {"name": "Sherando CDP, Virginia", "lat": 37.99009, "lng": -78.94248, "population": 696}, {"name": "Round Hill town, Virginia", "lat": 39.1315, "lng": -77.7672, "population": 693}, {"name": "Big Stone Gap East CDP, Virginia", "lat": 36.87927, "lng": -82.74335, "population": 687}, {"name": "Mount Sidney CDP, Virginia", "lat": 38.25499, "lng": -78.97132, "population": 678}, {"name": "Opal CDP, Virginia", "lat": 38.61573, "lng": -77.8098, "population": 678}, {"name": "Mallow CDP, Virginia", "lat": 37.76631, "lng": -79.97253, "population": 671}, {"name": "Middleburg town, Virginia", "lat": 38.97035, "lng": -77.74064, "population": 669}, {"name": "Seven Mile Ford CDP, Virginia", "lat": 36.81556, "lng": -81.6322, "population": 664}, {"name": "Laurel Park CDP, Virginia", "lat": 36.6885, "lng": -79.78661, "population": 657}, {"name": "Jarratt town, Virginia", "lat": 36.81599, "lng": -77.46891, "population": 652}, {"name": "Villa Heights CDP, Virginia", "lat": 36.70217, "lng": -79.89461, "population": 638}, {"name": "Montvale CDP, Virginia", "lat": 37.38517, "lng": -79.7255, "population": 635}, {"name": "Pastoria CDP, Virginia", "lat": 37.74499, "lng": -75.63577, "population": 627}, {"name": "Saluda CDP, Virginia", "lat": 37.60527, "lng": -76.5938, "population": 627}, {"name": "Remington town, Virginia", "lat": 38.53464, "lng": -77.8082, "population": 626}, {"name": "Dinwiddie CDP, Virginia", "lat": 37.08501, "lng": -77.58645, "population": 619}, {"name": "Hamilton town, Virginia", "lat": 39.13488, "lng": -77.66412, "population": 619}, {"name": "Riverview CDP, Virginia", "lat": 36.93119, "lng": -82.48419, "population": 616}, {"name": "La Crosse town, Virginia", "lat": 36.70139, "lng": -78.09445, "population": 614}, {"name": "Sugar Grove CDP, Virginia", "lat": 36.76075, "lng": -81.40125, "population": 610}, {"name": "Allison Gap CDP, Virginia", "lat": 36.89978, "lng": -81.78685, "population": 610}, {"name": "Quantico town, Virginia", "lat": 38.52244, "lng": -77.29015, "population": 578}, {"name": "Gwynn CDP, Virginia", "lat": 37.49564, "lng": -76.28659, "population": 578}, {"name": "Dante CDP, Virginia", "lat": 36.98467, "lng": -82.28357, "population": 572}, {"name": "Max Meadows CDP, Virginia", "lat": 36.97894, "lng": -80.9618, "population": 553}, {"name": "Shenandoah Retreat CDP, Virginia", "lat": 39.13935, "lng": -77.86264, "population": 549}, {"name": "Belle Haven town, Virginia", "lat": 37.55465, "lng": -75.82384, "population": 543}, {"name": "East Stone Gap CDP, Virginia", "lat": 36.8657, "lng": -82.74348, "population": 537}, {"name": "Stewartsville CDP, Virginia", "lat": 37.26006, "lng": -79.79167, "population": 533}, {"name": "Drakes Branch town, Virginia", "lat": 36.99335, "lng": -78.60094, "population": 533}, {"name": "Nassawadox town, Virginia", "lat": 37.47629, "lng": -75.85918, "population": 533}, {"name": "Onley town, Virginia", "lat": 37.69132, "lng": -75.71714, "population": 532}, {"name": "Mathews CDP, Virginia", "lat": 37.44326, "lng": -76.32772, "population": 525}, {"name": "Scottsville town, Virginia", "lat": 37.81135, "lng": -78.48817, "population": 524}, {"name": "Hot Springs CDP, Virginia", "lat": 38.00129, "lng": -79.82389, "population": 524}, {"name": "Accomac town, Virginia", "lat": 37.71956, "lng": -75.66778, "population": 519}, {"name": "Sedley CDP, Virginia", "lat": 36.77693, "lng": -76.98994, "population": 517}, {"name": "Boykins town, Virginia", "lat": 36.57782, "lng": -77.19892, "population": 516}, {"name": "Charlotte Court House town, Virginia", "lat": 37.05625, "lng": -78.63769, "population": 505}, {"name": "Southampton Meadows CDP, Virginia", "lat": 36.59162, "lng": -76.92929, "population": 503}, {"name": "Lovingston CDP, Virginia", "lat": 37.76388, "lng": -78.8597, "population": 503}, {"name": "Ivanhoe CDP, Virginia", "lat": 36.84317, "lng": -80.96873, "population": 501}, {"name": "Shipman CDP, Virginia", "lat": 37.73083, "lng": -78.84095, "population": 492}, {"name": "Urbanna town, Virginia", "lat": 37.63989, "lng": -76.57514, "population": 492}, {"name": "Esmont CDP, Virginia", "lat": 37.82854, "lng": -78.59206, "population": 491}, {"name": "Metompkin CDP, Virginia", "lat": 37.76712, "lng": -75.60542, "population": 490}, {"name": "Cheriton town, Virginia", "lat": 37.29438, "lng": -75.96557, "population": 486}, {"name": "Haysi town, Virginia", "lat": 37.2159, "lng": -82.28674, "population": 484}, {"name": "Irvington town, Virginia", "lat": 37.66237, "lng": -76.42, "population": 474}, {"name": "Mineral town, Virginia", "lat": 38.00758, "lng": -77.90624, "population": 470}, {"name": "Sandy Level CDP, Virginia", "lat": 36.57381, "lng": -79.72807, "population": 464}, {"name": "North Garden CDP, Virginia", "lat": 37.96271, "lng": -78.63111, "population": 461}, {"name": "Troutville town, Virginia", "lat": 37.41665, "lng": -79.8781, "population": 458}, {"name": "Boissevain CDP, Virginia", "lat": 37.2757, "lng": -81.38562, "population": 457}, {"name": "McKenney town, Virginia", "lat": 36.98537, "lng": -77.72191, "population": 457}, {"name": "McMullin CDP, Virginia", "lat": 36.8187, "lng": -81.5773, "population": 455}, {"name": "Boston CDP, Virginia", "lat": 37.60386, "lng": -75.84371, "population": 454}, {"name": "Nelsonia CDP, Virginia", "lat": 37.82246, "lng": -75.58949, "population": 451}, {"name": "Fries town, Virginia", "lat": 36.71415, "lng": -80.97502, "population": 450}, {"name": "Moneta CDP, Virginia", "lat": 37.18823, "lng": -79.61336, "population": 450}, {"name": "Floyd town, Virginia", "lat": 36.91216, "lng": -80.31812, "population": 448}, {"name": "Vansant CDP, Virginia", "lat": 37.23529, "lng": -82.09627, "population": 442}, {"name": "Mount Crawford town, Virginia", "lat": 38.36088, "lng": -78.94103, "population": 439}, {"name": "Tangier town, Virginia", "lat": 37.82344, "lng": -75.99281, "population": 436}, {"name": "Dillwyn town, Virginia", "lat": 37.54051, "lng": -78.46121, "population": 436}, {"name": "The University of Virginia's College at Wise CDP, Virginia", "lat": 36.97244, "lng": -82.55739, "population": 430}, {"name": "Lafayette CDP, Virginia", "lat": 37.23344, "lng": -80.20462, "population": 429}, {"name": "Burkeville town, Virginia", "lat": 37.18791, "lng": -78.19441, "population": 417}, {"name": "Gargatha CDP, Virginia", "lat": 37.7909, "lng": -75.57685, "population": 415}, {"name": "Baywood CDP, Virginia", "lat": 36.62189, "lng": -81.00847, "population": 414}, {"name": "Port Republic CDP, Virginia", "lat": 38.28311, "lng": -78.81323, "population": 408}, {"name": "Gasburg CDP, Virginia", "lat": 36.5576, "lng": -77.87293, "population": 408}, {"name": "Powhatan CDP, Virginia", "lat": 37.54212, "lng": -77.92708, "population": 402}, {"name": "Low Moor CDP, Virginia", "lat": 37.79791, "lng": -79.86896, "population": 402}, {"name": "Melfa town, Virginia", "lat": 37.64897, "lng": -75.74074, "population": 396}, {"name": "Bloxom town, Virginia", "lat": 37.82924, "lng": -75.62144, "population": 387}, {"name": "Bland CDP, Virginia", "lat": 37.09949, "lng": -81.11576, "population": 383}, {"name": "Ewing CDP, Virginia", "lat": 36.63746, "lng": -83.42947, "population": 381}, {"name": "White Stone town, Virginia", "lat": 37.64474, "lng": -76.38997, "population": 380}, {"name": "Nickelsville town, Virginia", "lat": 36.74881, "lng": -82.41719, "population": 378}, {"name": "Fairview Beach CDP, Virginia", "lat": 38.32817, "lng": -77.24235, "population": 376}, {"name": "Disputanta CDP, Virginia", "lat": 37.12355, "lng": -77.22486, "population": 373}, {"name": "Templeton CDP, Virginia", "lat": 37.081, "lng": -77.35632, "population": 372}, {"name": "Keezletown CDP, Virginia", "lat": 38.41283, "lng": -78.79766, "population": 369}, {"name": "Pounding Mill CDP, Virginia", "lat": 37.07863, "lng": -81.71219, "population": 367}, {"name": "Kincora CDP, Virginia", "lat": 39.03903, "lng": -77.43664, "population": 367}, {"name": "Clover CDP, Virginia", "lat": 36.84024, "lng": -78.72185, "population": 366}, {"name": "Cumberland CDP, Virginia", "lat": 37.49872, "lng": -78.25751, "population": 365}, {"name": "Parrott CDP, Virginia", "lat": 37.21409, "lng": -80.63178, "population": 358}, {"name": "Selma CDP, Virginia", "lat": 37.80412, "lng": -79.84988, "population": 357}, {"name": "Linville CDP, Virginia", "lat": 38.51664, "lng": -78.83506, "population": 355}, {"name": "Stanardsville town, Virginia", "lat": 38.29906, "lng": -78.43683, "population": 349}, {"name": "Pungoteague CDP, Virginia", "lat": 37.62857, "lng": -75.81654, "population": 346}, {"name": "Wintergreen CDP, Virginia", "lat": 37.90589, "lng": -78.92874, "population": 346}, {"name": "Carrsville CDP, Virginia", "lat": 36.7041, "lng": -76.83913, "population": 346}, {"name": "Bastian CDP, Virginia", "lat": 37.15353, "lng": -81.1525, "population": 343}, {"name": "Goshen town, Virginia", "lat": 37.98997, "lng": -79.5078, "population": 338}, {"name": "Chase Crossing CDP, Virginia", "lat": 37.76033, "lng": -75.6657, "population": 335}, {"name": "Hiltons CDP, Virginia", "lat": 36.65485, "lng": -82.46783, "population": 334}, {"name": "Montross town, Virginia", "lat": 38.09242, "lng": -76.81588, "population": 333}, {"name": "Catlett CDP, Virginia", "lat": 38.65638, "lng": -77.62886, "population": 331}, {"name": "Keokee CDP, Virginia", "lat": 36.86249, "lng": -82.91367, "population": 330}, {"name": "Iron Gate town, Virginia", "lat": 37.79891, "lng": -79.79057, "population": 324}, {"name": "Keswick CDP, Virginia", "lat": 38.0145, "lng": -78.36157, "population": 321}, {"name": "Afton CDP, Virginia", "lat": 38.02216, "lng": -78.83344, "population": 313}, {"name": "Ivor town, Virginia", "lat": 36.90106, "lng": -76.89465, "population": 312}, {"name": "Mappsville CDP, Virginia", "lat": 37.84337, "lng": -75.56875, "population": 311}, {"name": "Temperanceville CDP, Virginia", "lat": 37.90728, "lng": -75.55793, "population": 308}, {"name": "Ripplemead CDP, Virginia", "lat": 37.33939, "lng": -80.69298, "population": 306}, {"name": "Claremont town, Virginia", "lat": 37.2273, "lng": -76.96656, "population": 305}, {"name": "Falls Mills CDP, Virginia", "lat": 37.27909, "lng": -81.30618, "population": 305}, {"name": "Sperryville CDP, Virginia", "lat": 38.65552, "lng": -78.23608, "population": 302}, {"name": "Alberta town, Virginia", "lat": 36.85401, "lng": -77.89399, "population": 302}, {"name": "Boydton town, Virginia", "lat": 36.66606, "lng": -78.39073, "population": 302}, {"name": "Big Island CDP, Virginia", "lat": 37.53342, "lng": -79.36319, "population": 300}, {"name": "Eastville town, Virginia", "lat": 37.35106, "lng": -75.9408, "population": 300}, {"name": "Abbs Valley CDP, Virginia", "lat": 37.23539, "lng": -81.46015, "population": 299}, {"name": "Draper CDP, Virginia", "lat": 37.00024, "lng": -80.73251, "population": 291}, {"name": "Newsoms town, Virginia", "lat": 36.62621, "lng": -77.12484, "population": 286}, {"name": "Quinby CDP, Virginia", "lat": 37.55329, "lng": -75.73677, "population": 285}, {"name": "Brodnax town, Virginia", "lat": 36.70295, "lng": -78.03194, "population": 283}, {"name": "Stickleyville CDP, Virginia", "lat": 36.71333, "lng": -82.91219, "population": 279}, {"name": "Calverton CDP, Virginia", "lat": 38.63517, "lng": -77.66643, "population": 279}, {"name": "Toms Brook town, Virginia", "lat": 38.94654, "lng": -78.44005, "population": 276}, {"name": "King William CDP, Virginia", "lat": 37.68323, "lng": -77.02976, "population": 276}, {"name": "Brucetown CDP, Virginia", "lat": 39.25067, "lng": -78.06094, "population": 274}, {"name": "Painter town, Virginia", "lat": 37.58518, "lng": -75.78376, "population": 272}, {"name": "Pocahontas town, Virginia", "lat": 37.30974, "lng": -81.34581, "population": 268}, {"name": "Bobtown CDP, Virginia", "lat": 37.64925, "lng": -75.79987, "population": 267}, {"name": "Cliftondale Park CDP, Virginia", "lat": 37.82494, "lng": -79.79814, "population": 266}, {"name": "Boones Mill town, Virginia", "lat": 37.11556, "lng": -79.95141, "population": 259}, {"name": "Wachapreague town, Virginia", "lat": 37.60641, "lng": -75.68927, "population": 257}, {"name": "Dungannon town, Virginia", "lat": 36.8284, "lng": -82.46811, "population": 257}, {"name": "Fairfield CDP, Virginia", "lat": 37.88282, "lng": -79.28287, "population": 257}, {"name": "New Church CDP, Virginia", "lat": 37.98325, "lng": -75.52907, "population": 256}, {"name": "Schuyler CDP, Virginia", "lat": 37.79546, "lng": -78.69761, "population": 252}, {"name": "Dendron town, Virginia", "lat": 37.03641, "lng": -76.92406, "population": 251}, {"name": "Gore CDP, Virginia", "lat": 39.26279, "lng": -78.32821, "population": 249}, {"name": "The Plains town, Virginia", "lat": 38.86218, "lng": -77.7742, "population": 245}, {"name": "Clinchco town, Virginia", "lat": 37.1574, "lng": -82.35446, "population": 244}, {"name": "Clifton town, Virginia", "lat": 38.78013, "lng": -77.38599, "population": 243}, {"name": "Yogaville CDP, Virginia", "lat": 37.66786, "lng": -78.68929, "population": 242}, {"name": "Stevens Creek CDP, Virginia", "lat": 36.7315, "lng": -80.99423, "population": 240}, {"name": "Fairview CDP, Virginia", "lat": 36.82924, "lng": -78.46534, "population": 237}, {"name": "New River CDP, Virginia", "lat": 37.14294, "lng": -80.59582, "population": 237}, {"name": "Augusta Springs CDP, Virginia", "lat": 38.10296, "lng": -79.33634, "population": 236}, {"name": "Millboro CDP, Virginia", "lat": 37.97851, "lng": -79.60221, "population": 236}, {"name": "Hanover CDP, Virginia", "lat": 37.77208, "lng": -77.37501, "population": 235}, {"name": "Phenix town, Virginia", "lat": 37.08106, "lng": -78.7485, "population": 232}, {"name": "Oak Hall CDP, Virginia", "lat": 37.93078, "lng": -75.54691, "population": 226}, {"name": "Greenbush CDP, Virginia", "lat": 37.73977, "lng": -75.67966, "population": 224}, {"name": "Tasley CDP, Virginia", "lat": 37.71245, "lng": -75.69703, "population": 222}, {"name": "Flint Hill CDP, Virginia", "lat": 38.76558, "lng": -78.10347, "population": 222}, {"name": "Yorktown CDP, Virginia", "lat": 37.23401, "lng": -76.5182, "population": 221}, {"name": "Hilltown CDP, Virginia", "lat": 36.72897, "lng": -80.9822, "population": 216}, {"name": "Whitesville CDP, Virginia", "lat": 37.78157, "lng": -75.66365, "population": 215}, {"name": "Fancy Gap CDP, Virginia", "lat": 36.6713, "lng": -80.70108, "population": 214}, {"name": "Midland CDP, Virginia", "lat": 38.59848, "lng": -77.71897, "population": 214}, {"name": "Hiwassee CDP, Virginia", "lat": 36.9719, "lng": -80.69493, "population": 212}, {"name": "Willis Wharf CDP, Virginia", "lat": 37.51789, "lng": -75.80685, "population": 210}, {"name": "Stony Creek town, Virginia", "lat": 36.94801, "lng": -77.40007, "population": 209}, {"name": "Eagle Rock CDP, Virginia", "lat": 37.64225, "lng": -79.79189, "population": 209}, {"name": "Surry town, Virginia", "lat": 37.13707, "lng": -76.83328, "population": 208}, {"name": "Madison town, Virginia", "lat": 38.37935, "lng": -78.2586, "population": 205}, {"name": "Tacoma CDP, Virginia", "lat": 36.9352, "lng": -82.5306, "population": 204}, {"name": "Belspring CDP, Virginia", "lat": 37.19541, "lng": -80.61242, "population": 204}, {"name": "Callaghan CDP, Virginia", "lat": 37.80982, "lng": -80.08901, "population": 203}, {"name": "Hallwood town, Virginia", "lat": 37.87743, "lng": -75.58952, "population": 202}, {"name": "Big Rock CDP, Virginia", "lat": 37.35256, "lng": -82.18734, "population": 199}, {"name": "Port Royal town, Virginia", "lat": 38.16489, "lng": -77.19926, "population": 196}, {"name": "Singers Glen CDP, Virginia", "lat": 38.54654, "lng": -78.9144, "population": 195}, {"name": "Churchville CDP, Virginia", "lat": 38.22466, "lng": -79.16139, "population": 195}, {"name": "Brandy Station CDP, Virginia", "lat": 38.49504, "lng": -77.88995, "population": 191}, {"name": "Free Union CDP, Virginia", "lat": 38.1533, "lng": -78.55887, "population": 187}, {"name": "Weems CDP, Virginia", "lat": 37.65471, "lng": -76.45464, "population": 184}, {"name": "Cats Bridge CDP, Virginia", "lat": 37.54772, "lng": -75.78329, "population": 184}, {"name": "Middlebrook CDP, Virginia", "lat": 38.06688, "lng": -79.23399, "population": 184}, {"name": "Sussex CDP, Virginia", "lat": 36.91736, "lng": -77.27187, "population": 181}, {"name": "Waterford CDP, Virginia", "lat": 39.18517, "lng": -77.6119, "population": 181}, {"name": "Upperville CDP, Virginia", "lat": 38.99173, "lng": -77.88146, "population": 178}, {"name": "Barboursville CDP, Virginia", "lat": 38.16992, "lng": -78.2836, "population": 177}, {"name": "Savageville CDP, Virginia", "lat": 37.68252, "lng": -75.75917, "population": 175}, {"name": "Greenbackville CDP, Virginia", "lat": 38.01, "lng": -75.38537, "population": 173}, {"name": "Nathalie CDP, Virginia", "lat": 36.94774, "lng": -78.93326, "population": 173}, {"name": "Saxis town, Virginia", "lat": 37.92616, "lng": -75.72359, "population": 172}, {"name": "Sanford CDP, Virginia", "lat": 37.93317, "lng": -75.66866, "population": 168}, {"name": "Monterey town, Virginia", "lat": 38.41156, "lng": -79.58088, "population": 165}, {"name": "Union Level CDP, Virginia", "lat": 36.70711, "lng": -78.23184, "population": 161}, {"name": "Scotland CDP, Virginia", "lat": 37.18108, "lng": -76.7965, "population": 153}, {"name": "Thynedale CDP, Virginia", "lat": 36.81822, "lng": -78.47747, "population": 152}, {"name": "Ebony CDP, Virginia", "lat": 36.57588, "lng": -77.98399, "population": 150}, {"name": "Jewell Ridge CDP, Virginia", "lat": 37.18577, "lng": -81.78737, "population": 149}, {"name": "Troutdale town, Virginia", "lat": 36.69601, "lng": -81.43755, "population": 145}, {"name": "Breaks CDP, Virginia", "lat": 37.30065, "lng": -82.27919, "population": 144}, {"name": "Keller town, Virginia", "lat": 37.62114, "lng": -75.76439, "population": 144}, {"name": "Eggleston CDP, Virginia", "lat": 37.2872, "lng": -80.62187, "population": 143}, {"name": "Lunenburg CDP, Virginia", "lat": 36.95846, "lng": -78.26824, "population": 142}, {"name": "Capron town, Virginia", "lat": 36.70933, "lng": -77.20128, "population": 141}, {"name": "Pamplin City town, Virginia", "lat": 37.26628, "lng": -78.68374, "population": 138}, {"name": "Makemie Park CDP, Virginia", "lat": 37.91062, "lng": -75.58449, "population": 138}, {"name": "Cleveland town, Virginia", "lat": 36.94367, "lng": -82.15263, "population": 136}, {"name": "Heathsville CDP, Virginia", "lat": 37.91149, "lng": -76.47858, "population": 136}, {"name": "Mendota CDP, Virginia", "lat": 36.71112, "lng": -82.30569, "population": 135}, {"name": "Osaka CDP, Virginia", "lat": 36.95146, "lng": -82.81443, "population": 132}, {"name": "Harborton CDP, Virginia", "lat": 37.6596, "lng": -75.83323, "population": 130}, {"name": "Buckingham Courthouse CDP, Virginia", "lat": 37.55589, "lng": -78.55138, "population": 129}, {"name": "Glen Wilton CDP, Virginia", "lat": 37.75603, "lng": -79.82184, "population": 129}, {"name": "Palmyra CDP, Virginia", "lat": 37.86637, "lng": -78.25759, "population": 127}, {"name": "Scottsburg town, Virginia", "lat": 36.75919, "lng": -78.79117, "population": 127}, {"name": "Virgilina town, Virginia", "lat": 36.54568, "lng": -78.77521, "population": 126}, {"name": "Snowville CDP, Virginia", "lat": 37.02157, "lng": -80.5794, "population": 125}, {"name": "New Castle town, Virginia", "lat": 37.50099, "lng": -80.11102, "population": 125}, {"name": "Rectortown CDP, Virginia", "lat": 38.92112, "lng": -77.85694, "population": 121}, {"name": "Warm Springs CDP, Virginia", "lat": 38.04503, "lng": -79.77871, "population": 121}, {"name": "Baskerville CDP, Virginia", "lat": 36.68441, "lng": -78.2732, "population": 120}, {"name": "Modest Town CDP, Virginia", "lat": 37.81685, "lng": -75.56109, "population": 120}, {"name": "Austinville CDP, Virginia", "lat": 36.85102, "lng": -80.91451, "population": 119}, {"name": "Branchville town, Virginia", "lat": 36.56979, "lng": -77.2501, "population": 118}, {"name": "Southside Chesconessex CDP, Virginia", "lat": 37.74397, "lng": -75.77868, "population": 115}, {"name": "Hillsboro town, Virginia", "lat": 39.19979, "lng": -77.7226, "population": 114}, {"name": "Doran CDP, Virginia", "lat": 37.09586, "lng": -81.83193, "population": 113}, {"name": "Allisonia CDP, Virginia", "lat": 36.93687, "lng": -80.71879, "population": 111}, {"name": "Deerfield CDP, Virginia", "lat": 38.19455, "lng": -79.413, "population": 110}, {"name": "Mount Clifton CDP, Virginia", "lat": 38.7609, "lng": -78.72154, "population": 110}, {"name": "Bayside CDP, Virginia", "lat": 37.75479, "lng": -75.71285, "population": 107}, {"name": "Lancaster CDP, Virginia", "lat": 37.76007, "lng": -76.44867, "population": 105}, {"name": "Warfield CDP, Virginia", "lat": 36.89598, "lng": -77.819, "population": 104}, {"name": "Charles City CDP, Virginia", "lat": 37.34831, "lng": -77.06296, "population": 104}, {"name": "Lee Mont CDP, Virginia", "lat": 37.7799, "lng": -75.68018, "population": 102}, {"name": "Schooner Bay CDP, Virginia", "lat": 37.76366, "lng": -75.76865, "population": 97}, {"name": "Glen Lyn town, Virginia", "lat": 37.37267, "lng": -80.85894, "population": 95}, {"name": "Deep Creek CDP, Virginia", "lat": 37.75993, "lng": -75.75266, "population": 94}, {"name": "McDowell CDP, Virginia", "lat": 38.34191, "lng": -79.50529, "population": 94}, {"name": "Stonega CDP, Virginia", "lat": 36.95218, "lng": -82.78993, "population": 93}, {"name": "Rocky Gap CDP, Virginia", "lat": 37.24099, "lng": -81.10748, "population": 87}, {"name": "Washington town, Virginia", "lat": 38.71173, "lng": -78.15996, "population": 86}, {"name": "King and Queen Court House CDP, Virginia", "lat": 37.66521, "lng": -76.87785, "population": 82}, {"name": "Mechanicsburg CDP, Virginia", "lat": 37.15327, "lng": -80.94182, "population": 81}, {"name": "Dunbar CDP, Virginia", "lat": 36.97326, "lng": -82.74589, "population": 79}, {"name": "St. Charles town, Virginia", "lat": 36.80513, "lng": -83.05742, "population": 73}, {"name": "Duffield town, Virginia", "lat": 36.71963, "lng": -82.79597, "population": 73}, {"name": "Savage Town CDP, Virginia", "lat": 37.55006, "lng": -75.79828, "population": 72}, {"name": "Columbia CDP, Virginia", "lat": 37.75384, "lng": -78.16337, "population": 72}, {"name": "Meadows of Dan CDP, Virginia", "lat": 36.73863, "lng": -80.39738, "population": 72}, {"name": "Aldie CDP, Virginia", "lat": 38.97612, "lng": -77.64799, "population": 70}, {"name": "Clinchport town, Virginia", "lat": 36.68002, "lng": -82.74416, "population": 64}, {"name": "Nottoway Court House CDP, Virginia", "lat": 37.12715, "lng": -78.07112, "population": 63}, {"name": "Franktown CDP, Virginia", "lat": 37.47763, "lng": -75.87731, "population": 61}, {"name": "Amonate CDP, Virginia", "lat": 37.1906, "lng": -81.64057, "population": 59}, {"name": "Locust Mount CDP, Virginia", "lat": 37.61241, "lng": -75.70173, "population": 52}, {"name": "Mappsburg CDP, Virginia", "lat": 37.58047, "lng": -75.7549, "population": 51}, {"name": "Paris CDP, Virginia", "lat": 39.00128, "lng": -77.9501, "population": 44}]