[{"name": "Seattle city, Washington", "lat": 47.61934, "lng": -122.35156, "population": 737015}, {"name": "Spokane city, Washington", "lat": 47.66694, "lng": -117.43332, "population": 228989}, {"name": "Tacoma city, Washington", "lat": 47.2522, "lng": -122.45983, "population": 219346}, {"name": "Vancouver city, Washington", "lat": 45.63716, "lng": -122.59657, "population": 190915}, {"name": "Bellevue city, Washington", "lat": 47.59784, "lng": -122.15648, "population": 151854}, {"name": "Kent city, Washington", "lat": 47.38797, "lng": -122.21273, "population": 136588}, {"name": "Everett city, Washington", "lat": 47.95113, "lng": -122.193, "population": 110629}, {"name": "Renton city, Washington", "lat": 47.47919, "lng": -122.19461, "population": 106785}, {"name": "Spokane Valley city, Washington", "lat": 47.66335, "lng": -117.23278, "population": 102976}, {"name": "Federal Way city, Washington", "lat": 47.3116, "lng": -122.33776, "population": 101030}, {"name": "Yakima city, Washington", "lat": 46.59094, "lng": -120.5494, "population": 96968}, {"name": "Kirkland city, Washington", "lat": 47.69666, "lng": -122.20417, "population": 92175}, {"name": "Bellingham city, Washington", "lat": 48.75344, "lng": -122.47018, "population": 91482}, {"name": "Auburn city, Washington", "lat": 47.30377, "lng": -122.21, "population": 87256}, {"name": "Kennewick city, Washington", "lat": 46.19833, "lng": -119.17363, "population": 83921}, {"name": "Pasco city, Washington", "lat": 46.25029, "lng": -119.12907, "population": 77108}, {"name": "Redmond city, Washington", "lat": 47.67792, "lng": -122.11534, "population": 73256}, {"name": "Marysville city, Washington", "lat": 48.08021, "lng": -122.15431, "population": 70714}, {"name": "Sammamish city, Washington", "lat": 47.59427, "lng": -122.03808, "population": 67455}, {"name": "South Hill CDP, Washington", "lat": 47.1207, "lng": -122.28526, "population": 64708}, {"name": "Lakewood city, Washington", "lat": 47.16409, "lng": -122.52811, "population": 63612}, {"name": "Richland city, Washington", "lat": 46.28159, "lng": -119.29225, "population": 60560}, {"name": "Shoreline city, Washington", "lat": 47.75692, "lng": -122.34551, "population": 58608}, {"name": "Olympia city, Washington", "lat": 47.0406, "lng": -122.895, "population": 55605}, {"name": "Lacey city, Washington", "lat": 47.04566, "lng": -122.79525, "population": 53526}, {"name": "Burien city, Washington", "lat": 47.47561, "lng": -122.34466, "population": 52066}, {"name": "Bothell city, Washington", "lat": 47.77353, "lng": -122.20438, "population": 48161}, {"name": "Bremerton city, Washington", "lat": 47.53988, "lng": -122.71705, "population": 43505}, {"name": "Puyallup city, Washington", "lat": 47.17922, "lng": -122.28919, "population": 42973}, {"name": "Edmonds city, Washington", "lat": 47.8136, "lng": -122.35333, "population": 42853}, {"name": "Issaquah city, Washington", "lat": 47.54449, "lng": -122.04909, "population": 40051}, {"name": "Parkland CDP, Washington", "lat": 47.14153, "lng": -122.43784, "population": 38623}, {"name": "Lynnwood city, Washington", "lat": 47.82898, "lng": -122.30067, "population": 38568}, {"name": "Longview city, Washington", "lat": 46.14571, "lng": -122.9643, "population": 37818}, {"name": "Lake Stevens city, Washington", "lat": 48.00201, "lng": -122.09587, "population": 35630}, {"name": "Wenatchee city, Washington", "lat": 47.43599, "lng": -120.32927, "population": 35508}, {"name": "Spanaway CDP, Washington", "lat": 47.09806, "lng": -122.42337, "population": 35476}, {"name": "Mount Vernon city, Washington", "lat": 48.41707, "lng": -122.31183, "population": 35219}, {"name": "University Place city, Washington", "lat": 47.21537, "lng": -122.54726, "population": 34866}, {"name": "Walla Walla city, Washington", "lat": 46.06701, "lng": -118.33703, "population": 34060}, {"name": "Pullman city, Washington", "lat": 46.73356, "lng": -117.16794, "population": 32901}, {"name": "Des Moines city, Washington", "lat": 47.38871, "lng": -122.31758, "population": 32888}, {"name": "Graham CDP, Washington", "lat": 47.03431, "lng": -122.27685, "population": 32658}, {"name": "SeaTac city, Washington", "lat": 47.4434, "lng": -122.29829, "population": 31454}, {"name": "Maple Valley city, Washington", "lat": 47.36715, "lng": -122.03481, "population": 28013}, {"name": "Orchards CDP, Washington", "lat": 45.68897, "lng": -122.53062, "population": 27729}, {"name": "Camas city, Washington", "lat": 45.60181, "lng": -122.43038, "population": 26065}, {"name": "Mercer Island city, Washington", "lat": 47.564, "lng": -122.23121, "population": 25748}, {"name": "Tumwater city, Washington", "lat": 46.98946, "lng": -122.91728, "population": 25350}, {"name": "Moses Lake city, Washington", "lat": 47.12785, "lng": -119.27638, "population": 25146}, {"name": "Mill Creek East CDP, Washington", "lat": 47.83605, "lng": -122.18768, "population": 24912}, {"name": "Frederickson CDP, Washington", "lat": 47.09177, "lng": -122.36162, "population": 24906}, {"name": "Bainbridge Island city, Washington", "lat": 47.64249, "lng": -122.50776, "population": 24825}, {"name": "Oak Harbor city, Washington", "lat": 48.29383, "lng": -122.62815, "population": 24622}, {"name": "Eastmont CDP, Washington", "lat": 47.8974, "lng": -122.18154, "population": 24059}, {"name": "Kenmore city, Washington", "lat": 47.74986, "lng": -122.24724, "population": 23914}, {"name": "Hazel Dell CDP, Washington", "lat": 45.68188, "lng": -122.65266, "population": 23569}, {"name": "Cottage Lake CDP, Washington", "lat": 47.74645, "lng": -122.07599, "population": 22857}, {"name": "North Lynnwood CDP, Washington", "lat": 47.85333, "lng": -122.27626, "population": 22802}, {"name": "Union Hill-Novelty Hill CDP, Washington", "lat": 47.68228, "lng": -122.02269, "population": 22683}, {"name": "Bonney Lake city, Washington", "lat": 47.1995, "lng": -122.16303, "population": 22487}, {"name": "Silver Firs CDP, Washington", "lat": 47.86351, "lng": -122.14972, "population": 22174}, {"name": "Bothell West CDP, Washington", "lat": 47.8056, "lng": -122.24011, "population": 22015}, {"name": "Tukwila city, Washington", "lat": 47.47629, "lng": -122.27574, "population": 21798}, {"name": "Martha Lake CDP, Washington", "lat": 47.84473, "lng": -122.23309, "population": 21660}, {"name": "Mukilteo city, Washington", "lat": 47.91302, "lng": -122.30225, "population": 21538}, {"name": "Salmon Creek CDP, Washington", "lat": 45.70992, "lng": -122.66321, "population": 21293}, {"name": "Mountlake Terrace city, Washington", "lat": 47.79433, "lng": -122.30261, "population": 21286}, {"name": "Five Corners CDP, Washington", "lat": 45.68919, "lng": -122.57055, "population": 20973}, {"name": "Mill Creek city, Washington", "lat": 47.86519, "lng": -122.21057, "population": 20926}, {"name": "Covington city, Washington", "lat": 47.36479, "lng": -122.10456, "population": 20777}, {"name": "Battle Ground city, Washington", "lat": 45.77666, "lng": -122.54136, "population": 20743}, {"name": "Silverdale CDP, Washington", "lat": 47.66773, "lng": -122.68185, "population": 20733}, {"name": "Port Angeles city, Washington", "lat": 48.11924, "lng": -123.44801, "population": 19960}, {"name": "Arlington city, Washington", "lat": 48.17037, "lng": -122.14455, "population": 19868}, {"name": "Monroe city, Washington", "lat": 47.85983, "lng": -121.98406, "population": 19699}, {"name": "Fairwood CDP (King County), Washington", "lat": 47.44675, "lng": -122.14292, "population": 19396}, {"name": "Ellensburg city, Washington", "lat": 47.00017, "lng": -120.54794, "population": 18666}, {"name": "Centralia city, Washington", "lat": 46.72205, "lng": -122.97095, "population": 18183}, {"name": "Anacortes city, Washington", "lat": 48.48873, "lng": -122.62398, "population": 17637}, {"name": "Bryn Mawr-Skyway CDP, Washington", "lat": 47.49498, "lng": -122.24059, "population": 17397}, {"name": "Camano CDP, Washington", "lat": 48.15247, "lng": -122.46213, "population": 17356}, {"name": "Washougal city, Washington", "lat": 45.5828, "lng": -122.34638, "population": 17039}, {"name": "Aberdeen city, Washington", "lat": 46.97521, "lng": -123.81137, "population": 17013}, {"name": "White Center CDP, Washington", "lat": 47.50924, "lng": -122.34806, "population": 16631}, {"name": "Sunnyside city, Washington", "lat": 46.31576, "lng": -120.00583, "population": 16375}, {"name": "West Richland city, Washington", "lat": 46.31381, "lng": -119.38777, "population": 16295}, {"name": "Lynden city, Washington", "lat": 48.94992, "lng": -122.4548, "population": 15749}, {"name": "Port Orchard city, Washington", "lat": 47.53844, "lng": -122.63243, "population": 15587}, {"name": "Lake Stickney CDP, Washington", "lat": 47.87579, "lng": -122.25276, "population": 15413}, {"name": "Ferndale city, Washington", "lat": 48.85263, "lng": -122.58862, "population": 15048}, {"name": "Elk Plain CDP, Washington", "lat": 47.04188, "lng": -122.3657, "population": 14534}, {"name": "East Wenatchee city, Washington", "lat": 47.41745, "lng": -120.2838, "population": 14158}, {"name": "Snoqualmie city, Washington", "lat": 47.54324, "lng": -121.86865, "population": 14121}, {"name": "Fort Lewis CDP, Washington", "lat": 47.09551, "lng": -122.56744, "population": 14052}, {"name": "Bothell East CDP, Washington", "lat": 47.80635, "lng": -122.18439, "population": 13970}, {"name": "Lakeland North CDP, Washington", "lat": 47.33733, "lng": -122.2824, "population": 13663}, {"name": "Artondale CDP, Washington", "lat": 47.30355, "lng": -122.65249, "population": 13641}, {"name": "Lake Forest Park city, Washington", "lat": 47.75891, "lng": -122.29173, "population": 13630}, {"name": "Cheney city, Washington", "lat": 47.49113, "lng": -117.58155, "population": 13255}, {"name": "Lakeland South CDP, Washington", "lat": 47.27609, "lng": -122.28467, "population": 13169}, {"name": "Woodinville city, Washington", "lat": 47.75769, "lng": -122.14679, "population": 13069}, {"name": "Newcastle city, Washington", "lat": 47.53166, "lng": -122.16557, "population": 13017}, {"name": "Lake Tapps CDP, Washington", "lat": 47.23071, "lng": -122.17125, "population": 12962}, {"name": "Kelso city, Washington", "lat": 46.11675, "lng": -122.88647, "population": 12720}, {"name": "Enumclaw city, Washington", "lat": 47.20218, "lng": -121.98898, "population": 12543}, {"name": "Sedro-Woolley city, Washington", "lat": 48.51122, "lng": -122.23216, "population": 12421}, {"name": "Edgewood city, Washington", "lat": 47.23207, "lng": -122.28573, "population": 12327}, {"name": "Prairie Ridge CDP, Washington", "lat": 47.14439, "lng": -122.13924, "population": 12288}, {"name": "Gig Harbor city, Washington", "lat": 47.33838, "lng": -122.60075, "population": 12029}, {"name": "Liberty Lake city, Washington", "lat": 47.66859, "lng": -117.10364, "population": 12003}, {"name": "Poulsbo city, Washington", "lat": 47.74108, "lng": -122.64215, "population": 11975}, {"name": "East Renton Highlands CDP, Washington", "lat": 47.4738, "lng": -122.08849, "population": 11937}, {"name": "Minnehaha CDP, Washington", "lat": 45.65652, "lng": -122.61789, "population": 11871}, {"name": "Maltby CDP, Washington", "lat": 47.80209, "lng": -122.10622, "population": 11277}, {"name": "Vashon CDP, Washington", "lat": 47.41119, "lng": -122.45511, "population": 11055}, {"name": "Fife city, Washington", "lat": 47.23162, "lng": -122.35165, "population": 10999}, {"name": "Grandview city, Washington", "lat": 46.24433, "lng": -119.909, "population": 10907}, {"name": "Airway Heights city, Washington", "lat": 47.64594, "lng": -117.5792, "population": 10757}, {"name": "Sumner city, Washington", "lat": 47.22722, "lng": -122.23626, "population": 10621}, {"name": "Yelm city, Washington", "lat": 46.94261, "lng": -122.64316, "population": 10617}, {"name": "Fairwood CDP (Spokane County), Washington", "lat": 47.76685, "lng": -117.41706, "population": 10541}, {"name": "Lake Morton-Berrydale CDP, Washington", "lat": 47.33284, "lng": -122.10396, "population": 10474}, {"name": "Shelton city, Washington", "lat": 47.21891, "lng": -123.11119, "population": 10371}, {"name": "Ridgefield city, Washington", "lat": 45.81757, "lng": -122.67196, "population": 10319}, {"name": "Alderwood Manor CDP, Washington", "lat": 47.8146, "lng": -122.26726, "population": 10198}, {"name": "DuPont city, Washington", "lat": 47.10735, "lng": -122.64758, "population": 10151}, {"name": "Port Townsend city, Washington", "lat": 48.12176, "lng": -122.78788, "population": 10148}, {"name": "Snohomish city, Washington", "lat": 47.92887, "lng": -122.09268, "population": 10126}, {"name": "Birch Bay CDP, Washington", "lat": 48.92455, "lng": -122.74527, "population": 10115}, {"name": "Mount Vista CDP, Washington", "lat": 45.73729, "lng": -122.63156, "population": 10051}, {"name": "Midland CDP, Washington", "lat": 47.17341, "lng": -122.41202, "population": 9962}, {"name": "College Place city, Washington", "lat": 46.04182, "lng": -118.38791, "population": 9902}, {"name": "Picnic Point CDP, Washington", "lat": 47.87646, "lng": -122.3083, "population": 9768}, {"name": "Summit View CDP, Washington", "lat": 47.13632, "lng": -122.35202, "population": 9758}, {"name": "Felida CDP, Washington", "lat": 45.71431, "lng": -122.71266, "population": 9526}, {"name": "Terrace Heights CDP, Washington", "lat": 46.60008, "lng": -120.43601, "population": 9244}, {"name": "Burlington city, Washington", "lat": 48.46636, "lng": -122.32888, "population": 9152}, {"name": "Orting city, Washington", "lat": 47.09694, "lng": -122.21169, "population": 9041}, {"name": "Toppenish city, Washington", "lat": 46.3805, "lng": -120.3122, "population": 8854}, {"name": "Hoquiam city, Washington", "lat": 46.9772, "lng": -123.90972, "population": 8776}, {"name": "Milton city, Washington", "lat": 47.25199, "lng": -122.31729, "population": 8697}, {"name": "Barberton CDP, Washington", "lat": 45.71363, "lng": -122.61144, "population": 8567}, {"name": "Othello city, Washington", "lat": 46.82214, "lng": -119.16527, "population": 8549}, {"name": "Ephrata city, Washington", "lat": 47.3122, "lng": -119.53418, "population": 8477}, {"name": "Summit CDP, Washington", "lat": 47.16945, "lng": -122.36363, "population": 8270}, {"name": "Waller CDP, Washington", "lat": 47.20431, "lng": -122.3678, "population": 8189}, {"name": "Selah city, Washington", "lat": 46.64586, "lng": -120.53826, "population": 8153}, {"name": "Duvall city, Washington", "lat": 47.73551, "lng": -121.97222, "population": 8034}, {"name": "Sequim city, Washington", "lat": 48.07369, "lng": -123.08781, "population": 8024}, {"name": "Stanwood city, Washington", "lat": 48.24514, "lng": -122.34223, "population": 7705}, {"name": "Parkwood CDP, Washington", "lat": 47.52517, "lng": -122.60438, "population": 7635}, {"name": "Mead CDP, Washington", "lat": 47.77953, "lng": -117.34994, "population": 7576}, {"name": "Quincy city, Washington", "lat": 47.23421, "lng": -119.8525, "population": 7543}, {"name": "North Bend city, Washington", "lat": 47.48797, "lng": -121.76879, "population": 7461}, {"name": "Chehalis city, Washington", "lat": 46.66418, "lng": -122.96542, "population": 7439}, {"name": "Clarkston Heights-Vineland CDP, Washington", "lat": 46.37541, "lng": -117.09202, "population": 7275}, {"name": "Pacific city, Washington", "lat": 47.26197, "lng": -122.25243, "population": 7235}, {"name": "Clarkston city, Washington", "lat": 46.4154, "lng": -117.05013, "population": 7161}, {"name": "Clover Creek CDP, Washington", "lat": 47.14332, "lng": -122.38046, "population": 7161}, {"name": "Fircrest city, Washington", "lat": 47.23072, "lng": -122.5157, "population": 7156}, {"name": "Lake Shore CDP, Washington", "lat": 45.69113, "lng": -122.69118, "population": 7056}, {"name": "Normandy Park city, Washington", "lat": 47.43297, "lng": -122.34469, "population": 6771}, {"name": "Wollochet CDP, Washington", "lat": 47.28273, "lng": -122.57715, "population": 6769}, {"name": "Hobart CDP, Washington", "lat": 47.41179, "lng": -122.00526, "population": 6767}, {"name": "Steilacoom town, Washington", "lat": 47.16927, "lng": -122.59234, "population": 6727}, {"name": "Ocean Shores city, Washington", "lat": 46.96536, "lng": -124.14721, "population": 6715}, {"name": "Union Gap city, Washington", "lat": 46.55443, "lng": -120.49207, "population": 6568}, {"name": "Brier city, Washington", "lat": 47.79239, "lng": -122.27343, "population": 6560}, {"name": "Woodland city, Washington", "lat": 45.91818, "lng": -122.7535, "population": 6531}, {"name": "Sudden Valley CDP, Washington", "lat": 48.72308, "lng": -122.3441, "population": 6354}, {"name": "Otis Orchards-East Farms CDP, Washington", "lat": 47.70493, "lng": -117.08515, "population": 6299}, {"name": "Tanglewilde CDP, Washington", "lat": 47.05118, "lng": -122.78092, "population": 6265}, {"name": "Country Homes CDP, Washington", "lat": 47.74785, "lng": -117.41987, "population": 6251}, {"name": "Finley CDP, Washington", "lat": 46.1694, "lng": -119.04466, "population": 6152}, {"name": "Hockinson CDP, Washington", "lat": 45.73018, "lng": -122.48333, "population": 6105}, {"name": "Rochester CDP, Washington", "lat": 46.82037, "lng": -123.06425, "population": 6064}, {"name": "Prosser city, Washington", "lat": 46.20655, "lng": -119.76537, "population": 6062}, {"name": "Woods Creek CDP, Washington", "lat": 47.87745, "lng": -121.90261, "population": 6017}, {"name": "North Fort Lewis CDP, Washington", "lat": 47.1213, "lng": -122.59455, "population": 5978}, {"name": "Tracyton CDP, Washington", "lat": 47.60958, "lng": -122.65318, "population": 5967}, {"name": "Blaine city, Washington", "lat": 48.98719, "lng": -122.74877, "population": 5884}, {"name": "Tehaleh CDP, Washington", "lat": 47.11615, "lng": -122.17888, "population": 5784}, {"name": "Manchester CDP, Washington", "lat": 47.54709, "lng": -122.54117, "population": 5714}, {"name": "West Clarkston-Highland CDP, Washington", "lat": 46.40243, "lng": -117.06431, "population": 5488}, {"name": "Bangor Base CDP, Washington", "lat": 47.72226, "lng": -122.71413, "population": 5482}, {"name": "Maplewood CDP, Washington", "lat": 47.37639, "lng": -122.56549, "population": 5469}, {"name": "Connell city, Washington", "lat": 46.6622, "lng": -118.8405, "population": 5441}, {"name": "Suncrest CDP, Washington", "lat": 47.82853, "lng": -117.603, "population": 5413}, {"name": "East Port Orchard CDP, Washington", "lat": 47.51933, "lng": -122.61831, "population": 5262}, {"name": "Cavalero CDP, Washington", "lat": 47.99, "lng": -122.07434, "population": 5232}, {"name": "Sultan city, Washington", "lat": 47.87095, "lng": -121.80426, "population": 5146}, {"name": "Buckley city, Washington", "lat": 47.16224, "lng": -122.02027, "population": 5114}, {"name": "Town and Country CDP, Washington", "lat": 47.72796, "lng": -117.42297, "population": 5068}, {"name": "Larch Way CDP, Washington", "lat": 47.8429, "lng": -122.25275, "population": 4993}, {"name": "Colville city, Washington", "lat": 48.54546, "lng": -117.89851, "population": 4917}, {"name": "Medical Lake city, Washington", "lat": 47.57104, "lng": -117.68945, "population": 4874}, {"name": "Omak city, Washington", "lat": 48.42234, "lng": -119.53062, "population": 4860}, {"name": "Chain Lake CDP, Washington", "lat": 47.90226, "lng": -121.98709, "population": 4806}, {"name": "Black Diamond city, Washington", "lat": 47.31475, "lng": -122.01769, "population": 4697}, {"name": "Wapato city, Washington", "lat": 46.44363, "lng": -120.42151, "population": 4607}, {"name": "Prairie Heights CDP, Washington", "lat": 47.14965, "lng": -122.10916, "population": 4561}, {"name": "Lake Goodwin CDP, Washington", "lat": 48.13535, "lng": -122.27617, "population": 4462}, {"name": "Granite Falls city, Washington", "lat": 48.0896, "lng": -121.96921, "population": 4450}, {"name": "Wauna CDP, Washington", "lat": 47.38307, "lng": -122.66939, "population": 4421}, {"name": "Deer Park city, Washington", "lat": 47.9642, "lng": -117.43979, "population": 4383}, {"name": "Rosedale CDP, Washington", "lat": 47.34132, "lng": -122.63254, "population": 4357}, {"name": "Cascade Valley CDP, Washington", "lat": 47.14102, "lng": -119.32834, "population": 4332}, {"name": "Moxee city, Washington", "lat": 46.56398, "lng": -120.39659, "population": 4326}, {"name": "Belfair CDP, Washington", "lat": 47.44682, "lng": -122.85283, "population": 4279}, {"name": "Suquamish CDP, Washington", "lat": 47.72592, "lng": -122.58835, "population": 4266}, {"name": "Chelan city, Washington", "lat": 47.84428, "lng": -120.01357, "population": 4222}, {"name": "Longbranch CDP, Washington", "lat": 47.22356, "lng": -122.76688, "population": 4141}, {"name": "Montesano city, Washington", "lat": 47.01473, "lng": -123.58571, "population": 4138}, {"name": "Boulevard Park CDP, Washington", "lat": 47.5134, "lng": -122.31484, "population": 4094}, {"name": "Bethel CDP, Washington", "lat": 47.4874, "lng": -122.61752, "population": 4073}, {"name": "Moses Lake North CDP, Washington", "lat": 47.19491, "lng": -119.3178, "population": 4050}, {"name": "Ahtanum CDP, Washington", "lat": 46.55722, "lng": -120.61386, "population": 4046}, {"name": "Sunnyslope CDP, Washington", "lat": 47.50483, "lng": -120.35322, "population": 4041}, {"name": "Longview Heights CDP, Washington", "lat": 46.17984, "lng": -122.95363, "population": 4033}, {"name": "Marietta-Alderwood CDP, Washington", "lat": 48.7881, "lng": -122.55516, "population": 4015}, {"name": "Esperance CDP, Washington", "lat": 47.79324, "lng": -122.34909, "population": 4007}, {"name": "Venersborg CDP, Washington", "lat": 45.78599, "lng": -122.47208, "population": 3990}, {"name": "Port Hadlock-Irondale CDP, Washington", "lat": 48.03278, "lng": -122.79145, "population": 3983}, {"name": "Three Lakes CDP, Washington", "lat": 47.95537, "lng": -121.9785, "population": 3941}, {"name": "Fox Island CDP, Washington", "lat": 47.25769, "lng": -122.64655, "population": 3921}, {"name": "Maple Heights-Lake Desire CDP, Washington", "lat": 47.43689, "lng": -122.09297, "population": 3873}, {"name": "Key Center CDP, Washington", "lat": 47.3306, "lng": -122.75493, "population": 3863}, {"name": "Mirrormont CDP, Washington", "lat": 47.46022, "lng": -121.99021, "population": 3858}, {"name": "Lexington CDP, Washington", "lat": 46.1894, "lng": -122.91261, "population": 3834}, {"name": "Lake Cassidy CDP, Washington", "lat": 48.06603, "lng": -122.08241, "population": 3757}, {"name": "Bunk Foss CDP, Washington", "lat": 47.9617, "lng": -122.09444, "population": 3680}, {"name": "Indianola CDP, Washington", "lat": 47.75527, "lng": -122.51148, "population": 3664}, {"name": "Clearview CDP, Washington", "lat": 47.82918, "lng": -122.14515, "population": 3648}, {"name": "Granger city, Washington", "lat": 46.3453, "lng": -120.19267, "population": 3624}, {"name": "Canterwood CDP, Washington", "lat": 47.37649, "lng": -122.60202, "population": 3572}, {"name": "Burbank CDP, Washington", "lat": 46.19839, "lng": -118.98337, "population": 3499}, {"name": "Benton City city, Washington", "lat": 46.26371, "lng": -119.47898, "population": 3479}, {"name": "Goldendale city, Washington", "lat": 45.81914, "lng": -120.82337, "population": 3453}, {"name": "Canyon Creek CDP, Washington", "lat": 48.11001, "lng": -121.98248, "population": 3445}, {"name": "Elma city, Washington", "lat": 47.00568, "lng": -123.41076, "population": 3438}, {"name": "Lake Holm CDP, Washington", "lat": 47.30639, "lng": -122.12991, "population": 3430}, {"name": "La Center city, Washington", "lat": 45.86049, "lng": -122.67573, "population": 3424}, {"name": "Hansville CDP, Washington", "lat": 47.91009, "lng": -122.57106, "population": 3410}, {"name": "Forks city, Washington", "lat": 47.95276, "lng": -124.39035, "population": 3335}, {"name": "Mattawa city, Washington", "lat": 46.73698, "lng": -119.90433, "population": 3335}, {"name": "Grand Mound CDP, Washington", "lat": 46.80028, "lng": -123.01087, "population": 3301}, {"name": "Algona city, Washington", "lat": 47.28199, "lng": -122.25047, "population": 3290}, {"name": "Alderton CDP, Washington", "lat": 47.17625, "lng": -122.22236, "population": 3274}, {"name": "Cashmere city, Washington", "lat": 47.51805, "lng": -120.46704, "population": 3248}, {"name": "McChord AFB CDP, Washington", "lat": 47.13269, "lng": -122.49186, "population": 3188}, {"name": "Zillah city, Washington", "lat": 46.40842, "lng": -120.27266, "population": 3179}, {"name": "Port Angeles East CDP, Washington", "lat": 48.10972, "lng": -123.36713, "population": 3159}, {"name": "Meadowdale CDP, Washington", "lat": 47.86064, "lng": -122.32342, "population": 3148}, {"name": "High Bridge CDP, Washington", "lat": 47.7999, "lng": -122.02381, "population": 3140}, {"name": "North Yelm CDP, Washington", "lat": 46.96607, "lng": -122.61363, "population": 3140}, {"name": "Sisco Heights CDP, Washington", "lat": 48.11804, "lng": -122.11121, "population": 3140}, {"name": "Clyde Hill city, Washington", "lat": 47.63035, "lng": -122.21798, "population": 3126}, {"name": "Raymond city, Washington", "lat": 46.68374, "lng": -123.73951, "population": 3081}, {"name": "Peaceful Valley CDP, Washington", "lat": 48.951, "lng": -122.14832, "population": 3015}, {"name": "Warm Beach CDP, Washington", "lat": 48.16511, "lng": -122.3477, "population": 2990}, {"name": "Big Lake CDP, Washington", "lat": 48.39584, "lng": -122.24323, "population": 2980}, {"name": "Kalama city, Washington", "lat": 46.01714, "lng": -122.84194, "population": 2959}, {"name": "Port Ludlow CDP, Washington", "lat": 47.91458, "lng": -122.69507, "population": 2959}, {"name": "Medina city, Washington", "lat": 47.62654, "lng": -122.24287, "population": 2915}, {"name": "Everson city, Washington", "lat": 48.90191, "lng": -122.36102, "population": 2888}, {"name": "Gleed CDP, Washington", "lat": 46.65934, "lng": -120.60252, "population": 2873}, {"name": "Eatonville town, Washington", "lat": 46.86822, "lng": -122.26957, "population": 2845}, {"name": "Central Park CDP, Washington", "lat": 46.97181, "lng": -123.7023, "population": 2841}, {"name": "Lochsloy CDP, Washington", "lat": 48.05971, "lng": -122.04106, "population": 2806}, {"name": "Colfax city, Washington", "lat": 46.9016, "lng": -117.34527, "population": 2782}, {"name": "Navy Yard City CDP, Washington", "lat": 47.55297, "lng": -122.66245, "population": 2759}, {"name": "Meadow Glade CDP, Washington", "lat": 45.75233, "lng": -122.56145, "population": 2758}, {"name": "Brush Prairie CDP, Washington", "lat": 45.72504, "lng": -122.54833, "population": 2749}, {"name": "Chico CDP, Washington", "lat": 47.62255, "lng": -122.71931, "population": 2723}, {"name": "Fairchild AFB CDP, Washington", "lat": 47.61865, "lng": -117.64844, "population": 2695}, {"name": "Geneva CDP, Washington", "lat": 48.74527, "lng": -122.40298, "population": 2652}, {"name": "Cathcart CDP, Washington", "lat": 47.85259, "lng": -122.10579, "population": 2647}, {"name": "Fobes Hill CDP, Washington", "lat": 47.93923, "lng": -122.13408, "population": 2628}, {"name": "Friday Harbor town, Washington", "lat": 48.53395, "lng": -123.019, "population": 2613}, {"name": "South Creek CDP, Washington", "lat": 47.00039, "lng": -122.39133, "population": 2519}, {"name": "Kingston CDP, Washington", "lat": 47.79438, "lng": -122.50622, "population": 2515}, {"name": "Enetai CDP, Washington", "lat": 47.5859, "lng": -122.60252, "population": 2497}, {"name": "White Salmon city, Washington", "lat": 45.72839, "lng": -121.48539, "population": 2485}, {"name": "Arlington Heights CDP, Washington", "lat": 48.21193, "lng": -122.063, "population": 2477}, {"name": "Chewelah city, Washington", "lat": 48.28264, "lng": -117.71694, "population": 2470}, {"name": "Warden city, Washington", "lat": 46.96725, "lng": -119.05227, "population": 2449}, {"name": "Dayton city, Washington", "lat": 46.3168, "lng": -117.97678, "population": 2448}, {"name": "Castle Rock city, Washington", "lat": 46.27186, "lng": -122.90393, "population": 2446}, {"name": "Gold Bar city, Washington", "lat": 47.85634, "lng": -121.69201, "population": 2403}, {"name": "Shadow Lake CDP, Washington", "lat": 47.40606, "lng": -122.07987, "population": 2396}, {"name": "Okanogan city, Washington", "lat": 48.36727, "lng": -119.57877, "population": 2379}, {"name": "Rainier city, Washington", "lat": 46.89167, "lng": -122.68654, "population": 2369}, {"name": "Southworth CDP, Washington", "lat": 47.51378, "lng": -122.53224, "population": 2362}, {"name": "Carson CDP, Washington", "lat": 45.73481, "lng": -121.82621, "population": 2323}, {"name": "Desert Aire CDP, Washington", "lat": 46.69421, "lng": -119.92905, "population": 2288}, {"name": "Walla Walla East CDP, Washington", "lat": 46.04611, "lng": -118.3033, "population": 2286}, {"name": "Leavenworth city, Washington", "lat": 47.5947, "lng": -120.66391, "population": 2263}, {"name": "Freeland CDP, Washington", "lat": 48.02821, "lng": -122.54994, "population": 2252}, {"name": "Fords Prairie CDP, Washington", "lat": 46.74909, "lng": -123.00374, "population": 2234}, {"name": "Westport city, Washington", "lat": 46.89182, "lng": -124.11985, "population": 2213}, {"name": "Beacon Hill CDP, Washington", "lat": 46.17119, "lng": -122.92069, "population": 2211}, {"name": "Lofall CDP, Washington", "lat": 47.81046, "lng": -122.65201, "population": 2211}, {"name": "Allyn CDP, Washington", "lat": 47.38683, "lng": -122.83933, "population": 2194}, {"name": "Carnation city, Washington", "lat": 47.64419, "lng": -121.90067, "population": 2158}, {"name": "Cle Elum city, Washington", "lat": 47.19464, "lng": -120.95284, "population": 2157}, {"name": "Bridgeport city, Washington", "lat": 48.00701, "lng": -119.67253, "population": 2141}, {"name": "Bryant CDP, Washington", "lat": 48.24647, "lng": -122.1781, "population": 2128}, {"name": "Riverbend CDP, Washington", "lat": 47.46446, "lng": -121.75116, "population": 2123}, {"name": "Newport city, Washington", "lat": 48.17826, "lng": -117.05468, "population": 2114}, {"name": "Stansberry Lake CDP, Washington", "lat": 47.38291, "lng": -122.71199, "population": 2087}, {"name": "Burley CDP, Washington", "lat": 47.41596, "lng": -122.64471, "population": 2081}, {"name": "Summitview CDP, Washington", "lat": 46.59828, "lng": -120.6564, "population": 2066}, {"name": "Fern Prairie CDP, Washington", "lat": 45.637, "lng": -122.39627, "population": 2061}, {"name": "Fall City CDP, Washington", "lat": 47.56938, "lng": -121.9137, "population": 2032}, {"name": "Kitsap Lake CDP, Washington", "lat": 47.59038, "lng": -122.7088, "population": 1997}, {"name": "McCleary city, Washington", "lat": 47.05846, "lng": -123.26965, "population": 1997}, {"name": "Brewster city, Washington", "lat": 48.10695, "lng": -119.76983, "population": 1983}, {"name": "Mabton city, Washington", "lat": 46.21155, "lng": -119.99391, "population": 1959}, {"name": "Coupeville town, Washington", "lat": 48.2188, "lng": -122.67947, "population": 1942}, {"name": "Napavine city, Washington", "lat": 46.5868, "lng": -122.90203, "population": 1888}, {"name": "Kayak Point CDP, Washington", "lat": 48.14251, "lng": -122.34228, "population": 1883}, {"name": "Fife Heights CDP, Washington", "lat": 47.2597, "lng": -122.34598, "population": 1882}, {"name": "Millwood city, Washington", "lat": 47.68557, "lng": -117.28008, "population": 1881}, {"name": "Tenino city, Washington", "lat": 46.85382, "lng": -122.86045, "population": 1870}, {"name": "Lewisville CDP, Washington", "lat": 45.81652, "lng": -122.50824, "population": 1860}, {"name": "North Puyallup CDP, Washington", "lat": 47.1989, "lng": -122.27844, "population": 1837}, {"name": "Ocean Park CDP, Washington", "lat": 46.49674, "lng": -124.04138, "population": 1814}, {"name": "Amboy CDP, Washington", "lat": 45.91589, "lng": -122.48885, "population": 1800}, {"name": "Monroe North CDP, Washington", "lat": 47.88281, "lng": -121.98855, "population": 1796}, {"name": "Oroville city, Washington", "lat": 48.94695, "lng": -119.42997, "population": 1795}, {"name": "Royal City city, Washington", "lat": 46.9019, "lng": -119.62074, "population": 1776}, {"name": "Garrett CDP, Washington", "lat": 46.05899, "lng": -118.40048, "population": 1771}, {"name": "Ritzville city, Washington", "lat": 47.12533, "lng": -118.38092, "population": 1767}, {"name": "West Pasco CDP, Washington", "lat": 46.25432, "lng": -119.18264, "population": 1747}, {"name": "South Bend city, Washington", "lat": 46.66989, "lng": -123.80185, "population": 1746}, {"name": "Duluth CDP, Washington", "lat": 45.78382, "lng": -122.64704, "population": 1718}, {"name": "Davenport city, Washington", "lat": 47.65504, "lng": -118.15188, "population": 1703}, {"name": "Soap Lake city, Washington", "lat": 47.39109, "lng": -119.48461, "population": 1691}, {"name": "Long Beach city, Washington", "lat": 46.36193, "lng": -124.05781, "population": 1688}, {"name": "Whidbey Island Station CDP, Washington", "lat": 48.34919, "lng": -122.65387, "population": 1671}, {"name": "Purdy CDP, Washington", "lat": 47.39647, "lng": -122.6046, "population": 1668}, {"name": "Yacolt town, Washington", "lat": 45.86524, "lng": -122.40628, "population": 1668}, {"name": "Cosmopolis city, Washington", "lat": 46.95431, "lng": -123.7729, "population": 1638}, {"name": "Kettle Falls city, Washington", "lat": 48.60557, "lng": -118.06184, "population": 1636}, {"name": "McMillin CDP, Washington", "lat": 47.12597, "lng": -122.23525, "population": 1624}, {"name": "Wilderness Rim CDP, Washington", "lat": 47.44698, "lng": -121.76857, "population": 1617}, {"name": "Rocky Point CDP, Washington", "lat": 47.59409, "lng": -122.66607, "population": 1615}, {"name": "Sumas city, Washington", "lat": 48.99553, "lng": -122.26845, "population": 1583}, {"name": "Clear Lake CDP (Pierce County), Washington", "lat": 46.92844, "lng": -122.30496, "population": 1578}, {"name": "Home CDP, Washington", "lat": 47.27468, "lng": -122.79008, "population": 1543}, {"name": "Ames Lake CDP, Washington", "lat": 47.63397, "lng": -121.96058, "population": 1524}, {"name": "Manson CDP, Washington", "lat": 47.87432, "lng": -120.16227, "population": 1523}, {"name": "South Wenatchee CDP, Washington", "lat": 47.39442, "lng": -120.28925, "population": 1522}, {"name": "Stevenson city, Washington", "lat": 45.69474, "lng": -121.89637, "population": 1491}, {"name": "Winlock city, Washington", "lat": 46.49066, "lng": -122.93423, "population": 1472}, {"name": "Nooksack city, Washington", "lat": 48.92811, "lng": -122.31751, "population": 1471}, {"name": "Darrington town, Washington", "lat": 48.2546, "lng": -121.60312, "population": 1462}, {"name": "Crocker CDP, Washington", "lat": 47.09085, "lng": -122.12674, "population": 1450}, {"name": "Kittitas city, Washington", "lat": 46.9837, "lng": -120.41891, "population": 1438}, {"name": "North Bonneville city, Washington", "lat": 45.64139, "lng": -121.97275, "population": 1397}, {"name": "Pomeroy city, Washington", "lat": 46.47376, "lng": -117.59654, "population": 1389}, {"name": "Tieton city, Washington", "lat": 46.7026, "lng": -120.75578, "population": 1389}, {"name": "Lake Marcel-Stillwater CDP, Washington", "lat": 47.69509, "lng": -121.9151, "population": 1334}, {"name": "Dallesport CDP, Washington", "lat": 45.63159, "lng": -121.16887, "population": 1328}, {"name": "Entiat city, Washington", "lat": 47.67697, "lng": -120.22234, "population": 1326}, {"name": "Woodway city, Washington", "lat": 47.78795, "lng": -122.38802, "population": 1318}, {"name": "Anderson Island CDP, Washington", "lat": 47.14987, "lng": -122.68169, "population": 1302}, {"name": "Rock Island city, Washington", "lat": 47.37317, "lng": -120.14208, "population": 1279}, {"name": "Lake Ketchum CDP, Washington", "lat": 48.28583, "lng": -122.34648, "population": 1268}, {"name": "Machias CDP, Washington", "lat": 47.9918, "lng": -122.05171, "population": 1264}, {"name": "Browns Point CDP, Washington", "lat": 47.3038, "lng": -122.43672, "population": 1263}, {"name": "Dollars Corner CDP, Washington", "lat": 45.78024, "lng": -122.59997, "population": 1246}, {"name": "Clear Lake CDP (Skagit County), Washington", "lat": 48.4483, "lng": -122.23949, "population": 1228}, {"name": "Coulee Dam town, Washington", "lat": 47.96851, "lng": -118.97628, "population": 1211}, {"name": "Asotin city, Washington", "lat": 46.33373, "lng": -117.0398, "population": 1204}, {"name": "Point Roberts CDP, Washington", "lat": 48.98467, "lng": -123.0595, "population": 1191}, {"name": "Sunday Lake CDP, Washington", "lat": 48.22825, "lng": -122.27046, "population": 1184}, {"name": "Waitsburg city, Washington", "lat": 46.2698, "lng": -118.15087, "population": 1166}, {"name": "Langley city, Washington", "lat": 48.03754, "lng": -122.40712, "population": 1147}, {"name": "Seabeck CDP, Washington", "lat": 47.64426, "lng": -122.81797, "population": 1143}, {"name": "Waterville town, Washington", "lat": 47.64802, "lng": -120.07068, "population": 1134}, {"name": "Yarrow Point town, Washington", "lat": 47.64458, "lng": -122.21999, "population": 1134}, {"name": "Tonasket city, Washington", "lat": 48.70756, "lng": -119.4423, "population": 1103}, {"name": "Carlsborg CDP, Washington", "lat": 48.08417, "lng": -123.16968, "population": 1100}, {"name": "Ilwaco city, Washington", "lat": 46.31269, "lng": -124.02673, "population": 1087}, {"name": "Naches town, Washington", "lat": 46.72599, "lng": -120.69121, "population": 1084}, {"name": "Lakeview CDP, Washington", "lat": 47.37554, "lng": -119.50428, "population": 1068}, {"name": "Basin City CDP, Washington", "lat": 46.58904, "lng": -119.15665, "population": 1063}, {"name": "Ruston town, Washington", "lat": 47.298, "lng": -122.51177, "population": 1055}, {"name": "Buena CDP, Washington", "lat": 46.42769, "lng": -120.31825, "population": 1048}, {"name": "Morton city, Washington", "lat": 46.55738, "lng": -122.28145, "population": 1036}, {"name": "Palouse city, Washington", "lat": 46.91033, "lng": -117.07521, "population": 1015}, {"name": "Port Gamble Tribal Community CDP, Washington", "lat": 47.84616, "lng": -122.55735, "population": 1010}, {"name": "Marrowstone CDP, Washington", "lat": 48.032, "lng": -122.68401, "population": 995}, {"name": "Republic city, Washington", "lat": 48.64882, "lng": -118.73302, "population": 992}, {"name": "Twisp town, Washington", "lat": 48.361, "lng": -120.11714, "population": 992}, {"name": "Grapeview CDP, Washington", "lat": 47.32976, "lng": -122.82946, "population": 991}, {"name": "Grand Coulee city, Washington", "lat": 47.93909, "lng": -119.00212, "population": 972}, {"name": "La Conner town, Washington", "lat": 48.39256, "lng": -122.49445, "population": 965}, {"name": "Dash Point CDP, Washington", "lat": 47.3125, "lng": -122.41398, "population": 963}, {"name": "Clinton CDP, Washington", "lat": 47.96238, "lng": -122.35227, "population": 956}, {"name": "Electric City city, Washington", "lat": 47.91296, "lng": -119.04614, "population": 956}, {"name": "Roslyn city, Washington", "lat": 47.27003, "lng": -121.1412, "population": 950}, {"name": "Neah Bay CDP, Washington", "lat": 48.36098, "lng": -124.61154, "population": 935}, {"name": "Puget Island CDP, Washington", "lat": 46.17565, "lng": -123.38185, "population": 922}, {"name": "Erlands Point CDP, Washington", "lat": 47.60238, "lng": -122.69418, "population": 916}, {"name": "Brinnon CDP, Washington", "lat": 47.66861, "lng": -122.9166, "population": 907}, {"name": "Loon Lake CDP, Washington", "lat": 48.0704, "lng": -117.6257, "population": 898}, {"name": "Odessa town, Washington", "lat": 47.3326, "lng": -118.68945, "population": 896}, {"name": "Wilbur town, Washington", "lat": 47.75813, "lng": -118.71194, "population": 895}, {"name": "Bell Hill CDP, Washington", "lat": 48.05495, "lng": -123.08698, "population": 875}, {"name": "Lake Bosworth CDP, Washington", "lat": 48.05548, "lng": -121.98205, "population": 868}, {"name": "Startup CDP, Washington", "lat": 47.87418, "lng": -121.75443, "population": 859}, {"name": "May Creek CDP, Washington", "lat": 47.85554, "lng": -121.67431, "population": 849}, {"name": "Grayland CDP, Washington", "lat": 46.84164, "lng": -124.09123, "population": 847}, {"name": "Swede Heaven CDP, Washington", "lat": 48.28067, "lng": -121.70985, "population": 839}, {"name": "Tekoa city, Washington", "lat": 47.22473, "lng": -117.07306, "population": 817}, {"name": "Roy city, Washington", "lat": 46.98994, "lng": -122.54098, "population": 816}, {"name": "Bay View CDP, Washington", "lat": 48.487, "lng": -122.46255, "population": 812}, {"name": "George city, Washington", "lat": 47.08315, "lng": -119.86168, "population": 809}, {"name": "Concrete town, Washington", "lat": 48.53262, "lng": -121.75516, "population": 801}, {"name": "White Swan CDP, Washington", "lat": 46.37698, "lng": -120.73812, "population": 789}, {"name": "Bingen city, Washington", "lat": 45.71311, "lng": -121.47178, "population": 778}, {"name": "Taholah CDP, Washington", "lat": 47.32598, "lng": -124.27293, "population": 776}, {"name": "Riverpoint CDP, Washington", "lat": 47.47971, "lng": -121.71239, "population": 774}, {"name": "Cohassett Beach CDP, Washington", "lat": 46.86488, "lng": -124.10611, "population": 771}, {"name": "Kendall CDP, Washington", "lat": 48.91547, "lng": -122.13258, "population": 769}, {"name": "Mossyrock city, Washington", "lat": 46.53049, "lng": -122.48868, "population": 768}, {"name": "Carbonado town, Washington", "lat": 47.08232, "lng": -122.05184, "population": 734}, {"name": "Oakville city, Washington", "lat": 46.84012, "lng": -123.23351, "population": 715}, {"name": "Green Bluff CDP, Washington", "lat": 47.81842, "lng": -117.27482, "population": 697}, {"name": "Satsop CDP, Washington", "lat": 47.02286, "lng": -123.48301, "population": 696}, {"name": "Brady CDP, Washington", "lat": 47.0046, "lng": -123.54193, "population": 692}, {"name": "Union CDP, Washington", "lat": 47.34751, "lng": -123.09508, "population": 683}, {"name": "McKenna CDP, Washington", "lat": 46.93472, "lng": -122.54986, "population": 678}, {"name": "Trout Lake CDP, Washington", "lat": 45.99777, "lng": -121.52884, "population": 672}, {"name": "Nisqually Indian Community CDP, Washington", "lat": 47.02913, "lng": -122.68039, "population": 668}, {"name": "Roche Harbor CDP, Washington", "lat": 48.6074, "lng": -123.13062, "population": 662}, {"name": "Onalaska CDP, Washington", "lat": 46.57822, "lng": -122.71114, "population": 657}, {"name": "North Omak CDP, Washington", "lat": 48.44396, "lng": -119.44584, "population": 651}, {"name": "Pe Ell town, Washington", "lat": 46.57131, "lng": -123.29831, "population": 642}, {"name": "Reardan town, Washington", "lat": 47.67009, "lng": -117.87857, "population": 637}, {"name": "Toledo city, Washington", "lat": 46.44472, "lng": -122.85223, "population": 631}, {"name": "Vader city, Washington", "lat": 46.40452, "lng": -122.95694, "population": 629}, {"name": "Skokomish CDP, Washington", "lat": 47.32834, "lng": -123.1588, "population": 615}, {"name": "Lake Roesiger CDP, Washington", "lat": 47.9755, "lng": -121.90507, "population": 611}, {"name": "Gorst CDP, Washington", "lat": 47.52454, "lng": -122.70434, "population": 605}, {"name": "Bucoda town, Washington", "lat": 46.79525, "lng": -122.86982, "population": 600}, {"name": "St. John town, Washington", "lat": 47.09147, "lng": -117.58869, "population": 599}, {"name": "Quilcene CDP, Washington", "lat": 47.83925, "lng": -122.91226, "population": 598}, {"name": "Rosalia town, Washington", "lat": 47.23629, "lng": -117.37648, "population": 598}, {"name": "Pateros city, Washington", "lat": 48.05309, "lng": -119.90033, "population": 593}, {"name": "Fairfield town, Washington", "lat": 47.38477, "lng": -117.17485, "population": 589}, {"name": "Cherry Grove CDP, Washington", "lat": 45.80219, "lng": -122.57668, "population": 588}, {"name": "Harrah town, Washington", "lat": 46.40612, "lng": -120.54096, "population": 585}, {"name": "East Cathlamet CDP, Washington", "lat": 46.19833, "lng": -123.35998, "population": 578}, {"name": "Keyport CDP, Washington", "lat": 47.7002, "lng": -122.62429, "population": 576}, {"name": "Vaughn CDP, Washington", "lat": 47.35798, "lng": -122.78249, "population": 565}, {"name": "Garfield town, Washington", "lat": 47.01025, "lng": -117.13953, "population": 562}, {"name": "Cathlamet town, Washington", "lat": 46.20582, "lng": -123.38402, "population": 560}, {"name": "South Cle Elum town, Washington", "lat": 47.18621, "lng": -120.95255, "population": 559}, {"name": "Ravensdale CDP, Washington", "lat": 47.36187, "lng": -121.98041, "population": 555}, {"name": "Albion town, Washington", "lat": 46.7916, "lng": -117.25123, "population": 550}, {"name": "Coulee City town, Washington", "lat": 47.61173, "lng": -119.28953, "population": 549}, {"name": "Four Lakes CDP, Washington", "lat": 47.56256, "lng": -117.57923, "population": 537}, {"name": "Cowiche CDP, Washington", "lat": 46.6719, "lng": -120.71194, "population": 535}, {"name": "Lind town, Washington", "lat": 46.97034, "lng": -118.61637, "population": 535}, {"name": "Rockford town, Washington", "lat": 47.45147, "lng": -117.13063, "population": 522}, {"name": "Custer CDP, Washington", "lat": 48.91285, "lng": -122.63699, "population": 518}, {"name": "Lyle CDP, Washington", "lat": 45.69558, "lng": -121.28053, "population": 518}, {"name": "Curlew Lake CDP, Washington", "lat": 48.73293, "lng": -118.66821, "population": 512}, {"name": "Alger CDP, Washington", "lat": 48.61026, "lng": -122.32928, "population": 507}, {"name": "Winthrop town, Washington", "lat": 48.47167, "lng": -120.17901, "population": 504}, {"name": "Ocosta CDP, Washington", "lat": 46.88553, "lng": -124.03251, "population": 502}, {"name": "Wilkeson town, Washington", "lat": 47.10127, "lng": -122.05245, "population": 499}, {"name": "River Road CDP, Washington", "lat": 48.0677, "lng": -123.12762, "population": 495}, {"name": "Sprague city, Washington", "lat": 47.30489, "lng": -117.97129, "population": 495}, {"name": "Raft Island CDP, Washington", "lat": 47.32822, "lng": -122.66731, "population": 490}, {"name": "Skamokawa Valley CDP, Washington", "lat": 46.31524, "lng": -123.40137, "population": 487}, {"name": "Malone CDP, Washington", "lat": 46.97438, "lng": -123.30743, "population": 468}, {"name": "Tampico CDP, Washington", "lat": 46.53221, "lng": -120.87492, "population": 467}, {"name": "Malott CDP, Washington", "lat": 48.29182, "lng": -119.69559, "population": 464}, {"name": "Chinook CDP, Washington", "lat": 46.2755, "lng": -123.94223, "population": 457}, {"name": "Hunts Point town, Washington", "lat": 47.64296, "lng": -122.2292, "population": 457}, {"name": "Copalis Beach CDP, Washington", "lat": 47.12457, "lng": -124.16645, "population": 447}, {"name": "Eschbach CDP, Washington", "lat": 46.66506, "lng": -120.63253, "population": 441}, {"name": "Ronald CDP, Washington", "lat": 47.23375, "lng": -121.03348, "population": 439}, {"name": "Inchelium CDP, Washington", "lat": 48.36374, "lng": -118.2456, "population": 431}, {"name": "Harrington city, Washington", "lat": 47.48016, "lng": -118.25526, "population": 429}, {"name": "Ione town, Washington", "lat": 48.73981, "lng": -117.42203, "population": 428}, {"name": "Touchet CDP, Washington", "lat": 46.0411, "lng": -118.67239, "population": 425}, {"name": "Lyman town, Washington", "lat": 48.52379, "lng": -122.0656, "population": 423}, {"name": "Naselle CDP, Washington", "lat": 46.3705, "lng": -123.78157, "population": 421}, {"name": "Clayton CDP, Washington", "lat": 48.00122, "lng": -117.56115, "population": 420}, {"name": "Hoodsport CDP, Washington", "lat": 47.40198, "lng": -123.15413, "population": 419}, {"name": "Jamestown CDP, Washington", "lat": 48.12284, "lng": -123.09104, "population": 412}, {"name": "Easton CDP, Washington", "lat": 47.23271, "lng": -121.15952, "population": 407}, {"name": "Marine View CDP, Washington", "lat": 46.96372, "lng": -119.3508, "population": 405}, {"name": "Colton town, Washington", "lat": 46.56747, "lng": -117.12844, "population": 401}, {"name": "Oakesdale town, Washington", "lat": 47.13047, "lng": -117.24644, "population": 395}, {"name": "Uniontown town, Washington", "lat": 46.53909, "lng": -117.08614, "population": 389}, {"name": "Clallam Bay CDP, Washington", "lat": 48.25352, "lng": -124.25778, "population": 386}, {"name": "Mesa city, Washington", "lat": 46.57349, "lng": -119.00132, "population": 385}, {"name": "Ryderwood CDP, Washington", "lat": 46.37487, "lng": -123.04418, "population": 383}, {"name": "Lake McMurray CDP, Washington", "lat": 48.31934, "lng": -122.23332, "population": 382}, {"name": "South Prairie town, Washington", "lat": 47.13539, "lng": -122.09662, "population": 373}, {"name": "Kapowsin CDP, Washington", "lat": 46.96839, "lng": -122.22295, "population": 372}, {"name": "Prescott city, Washington", "lat": 46.29883, "lng": -118.31255, "population": 372}, {"name": "Snoqualmie Pass CDP, Washington", "lat": 47.40141, "lng": -121.41099, "population": 372}, {"name": "Wishram CDP, Washington", "lat": 45.66133, "lng": -120.97137, "population": 366}, {"name": "Chelan Falls CDP, Washington", "lat": 47.79943, "lng": -119.98825, "population": 340}, {"name": "Rosburg CDP, Washington", "lat": 46.30813, "lng": -123.64347, "population": 340}, {"name": "Verlot CDP, Washington", "lat": 48.10199, "lng": -121.75922, "population": 340}, {"name": "Deming CDP, Washington", "lat": 48.83036, "lng": -122.23613, "population": 339}, {"name": "Riverside town, Washington", "lat": 48.51294, "lng": -119.51567, "population": 329}, {"name": "Mansfield town, Washington", "lat": 47.8119, "lng": -119.638, "population": 326}, {"name": "Crescent Bar CDP, Washington", "lat": 47.21663, "lng": -119.99657, "population": 325}, {"name": "Klickitat CDP, Washington", "lat": 45.81797, "lng": -121.16258, "population": 320}, {"name": "Qui-nai-elt Village CDP, Washington", "lat": 47.2502, "lng": -124.19017, "population": 320}, {"name": "Packwood CDP, Washington", "lat": 46.60852, "lng": -121.67025, "population": 319}, {"name": "Almira town, Washington", "lat": 47.71061, "lng": -118.93699, "population": 318}, {"name": "Beaux Arts Village town, Washington", "lat": 47.58534, "lng": -122.20365, "population": 317}, {"name": "Outlook CDP, Washington", "lat": 46.33115, "lng": -120.09281, "population": 317}, {"name": "Endicott town, Washington", "lat": 46.92823, "lng": -117.68668, "population": 312}, {"name": "Ashford CDP, Washington", "lat": 46.75485, "lng": -122.01547, "population": 303}, {"name": "Glacier CDP, Washington", "lat": 48.89205, "lng": -121.93221, "population": 300}, {"name": "Hamilton town, Washington", "lat": 48.52248, "lng": -121.99526, "population": 299}, {"name": "Neilton CDP, Washington", "lat": 47.40312, "lng": -123.8782, "population": 299}, {"name": "LaCrosse town, Washington", "lat": 46.79552, "lng": -117.91777, "population": 297}, {"name": "Northport town, Washington", "lat": 48.91579, "lng": -117.7797, "population": 297}, {"name": "Maple Falls CDP, Washington", "lat": 48.91877, "lng": -122.0912, "population": 291}, {"name": "Marblemount CDP, Washington", "lat": 48.54176, "lng": -121.43959, "population": 286}, {"name": "Nespelem Community CDP, Washington", "lat": 48.16246, "lng": -119.04869, "population": 283}, {"name": "Pacific Beach CDP, Washington", "lat": 47.21413, "lng": -124.19685, "population": 280}, {"name": "Spangle city, Washington", "lat": 47.42989, "lng": -117.38122, "population": 280}, {"name": "Aberdeen Gardens CDP, Washington", "lat": 47.05732, "lng": -123.77792, "population": 279}, {"name": "Lower Elochoman CDP, Washington", "lat": 46.2185, "lng": -123.36981, "population": 275}, {"name": "Metaline Falls town, Washington", "lat": 48.86129, "lng": -117.37189, "population": 272}, {"name": "Beverly CDP, Washington", "lat": 46.83482, "lng": -119.93027, "population": 266}, {"name": "North Sultan CDP, Washington", "lat": 47.88274, "lng": -121.82295, "population": 256}, {"name": "Baring CDP, Washington", "lat": 47.7686, "lng": -121.48198, "population": 255}, {"name": "Bay Center CDP, Washington", "lat": 46.62075, "lng": -123.95318, "population": 253}, {"name": "Grays River CDP, Washington", "lat": 46.36791, "lng": -123.58131, "population": 248}, {"name": "Edison CDP, Washington", "lat": 48.56762, "lng": -122.43433, "population": 240}, {"name": "Elmer City town, Washington", "lat": 48.0015, "lng": -118.95368, "population": 239}, {"name": "Humptulips CDP, Washington", "lat": 47.23374, "lng": -123.98054, "population": 236}, {"name": "Banks Lake South CDP, Washington", "lat": 47.63007, "lng": -119.27444, "population": 234}, {"name": "Springdale town, Washington", "lat": 48.05723, "lng": -117.74657, "population": 234}, {"name": "Ocean City CDP, Washington", "lat": 47.08247, "lng": -124.15692, "population": 232}, {"name": "Thorp CDP, Washington", "lat": 47.06548, "lng": -120.67084, "population": 232}, {"name": "Acme CDP, Washington", "lat": 48.71643, "lng": -122.20996, "population": 229}, {"name": "Keller CDP, Washington", "lat": 48.08519, "lng": -118.71636, "population": 229}, {"name": "Dixie CDP, Washington", "lat": 46.13985, "lng": -118.15202, "population": 225}, {"name": "Deep River CDP, Washington", "lat": 46.35358, "lng": -123.70495, "population": 217}, {"name": "Malden town, Washington", "lat": 47.22959, "lng": -117.47314, "population": 216}, {"name": "Marcus town, Washington", "lat": 48.6643, "lng": -118.05997, "population": 216}, {"name": "Schwana CDP, Washington", "lat": 46.82209, "lng": -119.92334, "population": 215}, {"name": "Creston town, Washington", "lat": 47.75941, "lng": -118.51991, "population": 213}, {"name": "Alder CDP, Washington", "lat": 46.78198, "lng": -122.2612, "population": 212}, {"name": "Moclips CDP, Washington", "lat": 47.22943, "lng": -124.19846, "population": 211}, {"name": "Washtucna town, Washington", "lat": 46.75391, "lng": -118.31054, "population": 211}, {"name": "Addy CDP, Washington", "lat": 48.35891, "lng": -117.83719, "population": 210}, {"name": "Willapa CDP, Washington", "lat": 46.67545, "lng": -123.66475, "population": 208}, {"name": "Porter CDP, Washington", "lat": 46.94873, "lng": -123.28025, "population": 204}, {"name": "Wilson Creek town, Washington", "lat": 47.42301, "lng": -119.11765, "population": 204}, {"name": "Bow CDP, Washington", "lat": 48.56128, "lng": -122.40776, "population": 203}, {"name": "Lake Cavanaugh CDP, Washington", "lat": 48.31682, "lng": -122.01068, "population": 200}, {"name": "Conconully town, Washington", "lat": 48.55855, "lng": -119.75213, "population": 193}, {"name": "Mineral CDP, Washington", "lat": 46.7193, "lng": -122.18599, "population": 193}, {"name": "Latah town, Washington", "lat": 47.28211, "lng": -117.15575, "population": 185}, {"name": "Hartline town, Washington", "lat": 47.68945, "lng": -119.10813, "population": 180}, {"name": "Nespelem town, Washington", "lat": 48.16691, "lng": -118.97212, "population": 180}, {"name": "Glenwood CDP, Washington", "lat": 46.02282, "lng": -121.29259, "population": 179}, {"name": "Sunland Estates CDP, Washington", "lat": 47.0741, "lng": -120.0283, "population": 179}, {"name": "Upper Elochoman CDP, Washington", "lat": 46.24035, "lng": -123.32457, "population": 178}, {"name": "Donald CDP, Washington", "lat": 46.47644, "lng": -120.39733, "population": 172}, {"name": "Oso CDP, Washington", "lat": 48.28376, "lng": -121.91624, "population": 172}, {"name": "Amanda Park CDP, Washington", "lat": 47.45386, "lng": -123.92515, "population": 162}, {"name": "Metaline town, Washington", "lat": 48.85234, "lng": -117.38702, "population": 162}, {"name": "Loomis CDP, Washington", "lat": 48.82334, "lng": -119.63975, "population": 161}, {"name": "Skykomish town, Washington", "lat": 47.70985, "lng": -121.35645, "population": 161}, {"name": "Steptoe CDP, Washington", "lat": 47.0074, "lng": -117.35021, "population": 160}, {"name": "Parker CDP, Washington", "lat": 46.50216, "lng": -120.46681, "population": 158}, {"name": "Tokeland CDP, Washington", "lat": 46.70878, "lng": -123.98339, "population": 158}, {"name": "Index town, Washington", "lat": 47.82126, "lng": -121.55593, "population": 155}, {"name": "Cusick town, Washington", "lat": 48.32849, "lng": -117.29246, "population": 153}, {"name": "Roosevelt CDP, Washington", "lat": 45.73306, "lng": -120.23658, "population": 152}, {"name": "Herron Island CDP, Washington", "lat": 47.26748, "lng": -122.83195, "population": 150}, {"name": "Lebam CDP, Washington", "lat": 46.56409, "lng": -123.55089, "population": 150}, {"name": "Valley CDP, Washington", "lat": 48.17288, "lng": -117.72446, "population": 149}, {"name": "Kahlotus city, Washington", "lat": 46.64322, "lng": -118.55614, "population": 147}, {"name": "Nile CDP, Washington", "lat": 46.83487, "lng": -120.94375, "population": 146}, {"name": "Wallula CDP, Washington", "lat": 46.0847, "lng": -118.90559, "population": 140}, {"name": "Northwest Stanwood CDP, Washington", "lat": 48.2623, "lng": -122.35012, "population": 137}, {"name": "Queets CDP, Washington", "lat": 47.52634, "lng": -124.34476, "population": 136}, {"name": "Farmington town, Washington", "lat": 47.08873, "lng": -117.04636, "population": 131}, {"name": "Pine Grove CDP, Washington", "lat": 48.65016, "lng": -118.68378, "population": 129}, {"name": "La Grande CDP, Washington", "lat": 46.81073, "lng": -122.28325, "population": 121}, {"name": "Waverly town, Washington", "lat": 47.33809, "lng": -117.23122, "population": 121}, {"name": "Markham CDP, Washington", "lat": 46.91416, "lng": -123.98787, "population": 119}, {"name": "Starbuck town, Washington", "lat": 46.5216, "lng": -118.12888, "population": 119}, {"name": "Cougar CDP, Washington", "lat": 46.04929, "lng": -122.30336, "population": 118}, {"name": "Barney's Junction CDP, Washington", "lat": 48.6204, "lng": -118.12896, "population": 114}, {"name": "Cliffdell CDP, Washington", "lat": 46.9222, "lng": -121.04301, "population": 114}, {"name": "Blyn CDP, Washington", "lat": 48.00948, "lng": -122.98016, "population": 108}, {"name": "Pataha CDP, Washington", "lat": 46.47267, "lng": -117.54426, "population": 106}, {"name": "Curlew CDP, Washington", "lat": 48.87772, "lng": -118.60451, "population": 105}, {"name": "Twin Lakes CDP, Washington", "lat": 48.26217, "lng": -118.35905, "population": 99}, {"name": "Silvana CDP, Washington", "lat": 48.2018, "lng": -122.24595, "population": 97}, {"name": "Greenwater CDP, Washington", "lat": 47.14422, "lng": -121.62847, "population": 95}, {"name": "Centerville CDP, Washington", "lat": 45.75399, "lng": -120.90808, "population": 94}, {"name": "Bickleton CDP, Washington", "lat": 46.00564, "lng": -120.30798, "population": 92}, {"name": "Methow CDP, Washington", "lat": 48.13108, "lng": -120.0052, "population": 92}, {"name": "Hat Island CDP, Washington", "lat": 48.01342, "lng": -122.32065, "population": 91}, {"name": "Rockport CDP, Washington", "lat": 48.48474, "lng": -121.60752, "population": 90}, {"name": "Conway CDP, Washington", "lat": 48.33568, "lng": -122.34443, "population": 87}, {"name": "Hogans Corner CDP, Washington", "lat": 47.0415, "lng": -124.16169, "population": 86}, {"name": "Hatton town, Washington", "lat": 46.77353, "lng": -118.82769, "population": 79}, {"name": "Lamont town, Washington", "lat": 47.20069, "lng": -117.90494, "population": 79}, {"name": "Oyehut CDP, Washington", "lat": 47.02259, "lng": -124.16518, "population": 79}, {"name": "Orient CDP, Washington", "lat": 48.86377, "lng": -118.2059, "population": 75}, {"name": "Wheeler CDP, Washington", "lat": 47.13493, "lng": -119.17598, "population": 74}, {"name": "Barstow CDP, Washington", "lat": 48.7783, "lng": -118.13286, "population": 66}, {"name": "Altoona CDP, Washington", "lat": 46.26974, "lng": -123.62122, "population": 56}, {"name": "Maryhill CDP, Washington", "lat": 45.69275, "lng": -120.80716, "population": 55}, {"name": "Vantage CDP, Washington", "lat": 46.94523, "lng": -119.99215, "population": 54}, {"name": "Santiago CDP, Washington", "lat": 47.2988, "lng": -124.23196, "population": 52}, {"name": "Danville CDP, Washington", "lat": 48.99364, "lng": -118.5069, "population": 51}, {"name": "Krupp (Marlin) town, Washington", "lat": 47.41052, "lng": -118.9887, "population": 49}, {"name": "Disautel CDP, Washington", "lat": 48.34452, "lng": -119.23007, "population": 47}, {"name": "Torboy CDP, Washington", "lat": 48.66927, "lng": -118.66901, "population": 43}, {"name": "Elbe CDP, Washington", "lat": 46.76569, "lng": -122.19613, "population": 39}, {"name": "Boyds CDP, Washington", "lat": 48.72443, "lng": -118.13208, "population": 34}, {"name": "Malo CDP, Washington", "lat": 48.79968, "lng": -118.61199, "population": 32}, {"name": "Anatone CDP, Washington", "lat": 46.13542, "lng": -117.13245, "population": 25}, {"name": "Sekiu CDP, Washington", "lat": 48.263, "lng": -124.30347, "population": 24}, {"name": "Ketron Island CDP, Washington", "lat": 47.15628, "lng": -122.63412, "population": 20}, {"name": "Laurier CDP, Washington", "lat": 48.9973, "lng": -118.22479, "population": 4}]