[{"name": "Charleston city, West Virginia", "lat": 38.34869, "lng": -81.63232, "population": 48864}, {"name": "Huntington city, West Virginia", "lat": 38.41065, "lng": -82.43469, "population": 46842}, {"name": "Morgantown city, West Virginia", "lat": 39.63749, "lng": -79.94686, "population": 30347}, {"name": "Parkersburg city, West Virginia", "lat": 39.26128, "lng": -81.54335, "population": 29738}, {"name": "Wheeling city, West Virginia", "lat": 40.07375, "lng": -80.69603, "population": 27052}, {"name": "Weirton city, West Virginia", "lat": 40.40633, "lng": -80.56558, "population": 19163}, {"name": "Martinsburg city, West Virginia", "lat": 39.45777, "lng": -77.97821, "population": 18777}, {"name": "Fairmont city, West Virginia", "lat": 39.47688, "lng": -80.14909, "population": 18416}, {"name": "Beckley city, West Virginia", "lat": 37.77315, "lng": -81.16155, "population": 17286}, {"name": "Clarksburg city, West Virginia", "lat": 39.2703, "lng": -80.36179, "population": 16061}, {"name": "Teays Valley CDP, West Virginia", "lat": 38.44734, "lng": -81.92442, "population": 14350}, {"name": "South Charleston city, West Virginia", "lat": 38.34648, "lng": -81.71661, "population": 13647}, {"name": "St. Albans city, West Virginia", "lat": 38.37762, "lng": -81.81925, "population": 10861}, {"name": "Vienna city, West Virginia", "lat": 39.32285, "lng": -81.5298, "population": 10652}, {"name": "Cheat Lake CDP, West Virginia", "lat": 39.66358, "lng": -79.8481, "population": 9930}, {"name": "Cross Lanes CDP, West Virginia", "lat": 38.43988, "lng": -81.7739, "population": 9727}, {"name": "Bluefield city, West Virginia", "lat": 37.26282, "lng": -81.21134, "population": 9658}, {"name": "Bridgeport city, West Virginia", "lat": 39.30336, "lng": -80.2429, "population": 9336}, {"name": "Oak Hill city, West Virginia", "lat": 37.97753, "lng": -81.15713, "population": 8179}, {"name": "Moundsville city, West Virginia", "lat": 39.92213, "lng": -80.74211, "population": 8093}, {"name": "Dunbar city, West Virginia", "lat": 38.36953, "lng": -81.73611, "population": 7480}, {"name": "Hurricane city, West Virginia", "lat": 38.42747, "lng": -82.01808, "population": 6961}, {"name": "Elkins city, West Virginia", "lat": 38.92381, "lng": -79.85404, "population": 6934}, {"name": "Nitro city, West Virginia", "lat": 38.41161, "lng": -81.80781, "population": 6624}, {"name": "Pea Ridge CDP, West Virginia", "lat": 38.41891, "lng": -82.32111, "population": 6602}, {"name": "Charles Town city, West Virginia", "lat": 39.26401, "lng": -77.88128, "population": 6534}, {"name": "Princeton city, West Virginia", "lat": 37.36878, "lng": -81.09621, "population": 5872}, {"name": "Brookhaven CDP, West Virginia", "lat": 39.60621, "lng": -79.88295, "population": 5707}, {"name": "Ranson corporation, West Virginia", "lat": 39.31006, "lng": -77.88305, "population": 5433}, {"name": "New Martinsville city, West Virginia", "lat": 39.64555, "lng": -80.86267, "population": 5204}, {"name": "Buckhannon city, West Virginia", "lat": 38.99273, "lng": -80.22824, "population": 5186}, {"name": "Keyser city, West Virginia", "lat": 39.43943, "lng": -78.98209, "population": 4864}, {"name": "Grafton city, West Virginia", "lat": 39.34064, "lng": -80.01608, "population": 4722}, {"name": "Barboursville village, West Virginia", "lat": 38.40638, "lng": -82.29533, "population": 4456}, {"name": "Sissonville CDP, West Virginia", "lat": 38.50198, "lng": -81.63593, "population": 4084}, {"name": "Point Pleasant city, West Virginia", "lat": 38.85023, "lng": -82.13198, "population": 4070}, {"name": "Westover city, West Virginia", "lat": 39.63377, "lng": -79.98996, "population": 3955}, {"name": "Weston city, West Virginia", "lat": 39.03876, "lng": -80.46221, "population": 3952}, {"name": "Lewisburg city, West Virginia", "lat": 37.8094, "lng": -80.4326, "population": 3922}, {"name": "Ravenswood city, West Virginia", "lat": 38.95629, "lng": -81.76198, "population": 3865}, {"name": "Welch city, West Virginia", "lat": 37.42813, "lng": -81.59145, "population": 3590}, {"name": "Pleasant Valley city, West Virginia", "lat": 39.45305, "lng": -80.15537, "population": 3498}, {"name": "Shannondale CDP, West Virginia", "lat": 39.2126, "lng": -77.81069, "population": 3487}, {"name": "Summersville city, West Virginia", "lat": 38.28703, "lng": -80.84149, "population": 3431}, {"name": "Inwood CDP, West Virginia", "lat": 39.35382, "lng": -78.05519, "population": 3426}, {"name": "Shady Spring CDP, West Virginia", "lat": 37.70162, "lng": -81.09201, "population": 3169}, {"name": "Blennerhassett CDP, West Virginia", "lat": 39.25645, "lng": -81.63087, "population": 3118}, {"name": "Williamson city, West Virginia", "lat": 37.6741, "lng": -82.27108, "population": 3083}, {"name": "Ripley city, West Virginia", "lat": 38.82003, "lng": -81.70881, "population": 3079}, {"name": "Kenova city, West Virginia", "lat": 38.40225, "lng": -82.5821, "population": 3033}, {"name": "Culloden CDP, West Virginia", "lat": 38.41511, "lng": -82.07073, "population": 3016}, {"name": "Williamstown city, West Virginia", "lat": 39.39831, "lng": -81.45455, "population": 2997}, {"name": "Kingwood city, West Virginia", "lat": 39.47195, "lng": -79.68225, "population": 2980}, {"name": "Philippi city, West Virginia", "lat": 39.14729, "lng": -80.05038, "population": 2929}, {"name": "Pinch CDP, West Virginia", "lat": 38.4064, "lng": -81.4772, "population": 2914}, {"name": "Madison city, West Virginia", "lat": 38.06419, "lng": -81.79492, "population": 2913}, {"name": "Fayetteville town, West Virginia", "lat": 38.06138, "lng": -81.10828, "population": 2887}, {"name": "Follansbee city, West Virginia", "lat": 40.337, "lng": -80.5972, "population": 2848}, {"name": "Milton town, West Virginia", "lat": 38.43801, "lng": -82.14599, "population": 2811}, {"name": "Bethlehem village, West Virginia", "lat": 40.04438, "lng": -80.6881, "population": 2605}, {"name": "Hooverson Heights CDP, West Virginia", "lat": 40.31535, "lng": -80.58119, "population": 2582}, {"name": "Paden City city, West Virginia", "lat": 39.60303, "lng": -80.93535, "population": 2541}, {"name": "Moorefield town, West Virginia", "lat": 39.06742, "lng": -78.96241, "population": 2524}, {"name": "Wellsburg city, West Virginia", "lat": 40.28088, "lng": -80.61065, "population": 2450}, {"name": "Crab Orchard CDP, West Virginia", "lat": 37.741, "lng": -81.23083, "population": 2416}, {"name": "Winfield town, West Virginia", "lat": 38.52665, "lng": -81.88548, "population": 2393}, {"name": "Shinnston city, West Virginia", "lat": 39.39225, "lng": -80.299, "population": 2328}, {"name": "Petersburg city, West Virginia", "lat": 38.99568, "lng": -79.12769, "population": 2284}, {"name": "Hinton city, West Virginia", "lat": 37.67459, "lng": -80.88113, "population": 2245}, {"name": "White Sulphur Springs city, West Virginia", "lat": 37.79933, "lng": -80.3009, "population": 2221}, {"name": "Chester city, West Virginia", "lat": 40.61292, "lng": -80.56273, "population": 2208}, {"name": "Craigsville CDP, West Virginia", "lat": 38.32123, "lng": -80.64624, "population": 2173}, {"name": "Bluewell CDP, West Virginia", "lat": 37.31476, "lng": -81.25568, "population": 2162}, {"name": "Spencer city, West Virginia", "lat": 38.80015, "lng": -81.35273, "population": 2063}, {"name": "Mannington city, West Virginia", "lat": 39.52869, "lng": -80.34049, "population": 1952}, {"name": "Bradley CDP, West Virginia", "lat": 37.86789, "lng": -81.21558, "population": 1928}, {"name": "St. Marys city, West Virginia", "lat": 39.39443, "lng": -81.20367, "population": 1831}, {"name": "Mineralwells CDP, West Virginia", "lat": 39.1812, "lng": -81.51362, "population": 1805}, {"name": "Belington town, West Virginia", "lat": 39.01507, "lng": -79.94085, "population": 1805}, {"name": "Stonewood city, West Virginia", "lat": 39.25012, "lng": -80.30544, "population": 1798}, {"name": "Star City town, West Virginia", "lat": 39.65916, "lng": -79.98663, "population": 1779}, {"name": "Romney city, West Virginia", "lat": 39.34575, "lng": -78.75602, "population": 1724}, {"name": "Fairlea CDP, West Virginia", "lat": 37.77516, "lng": -80.45866, "population": 1720}, {"name": "McMechen city, West Virginia", "lat": 39.98652, "lng": -80.73349, "population": 1697}, {"name": "Coal City CDP, West Virginia", "lat": 37.67659, "lng": -81.21412, "population": 1689}, {"name": "Richwood city, West Virginia", "lat": 38.22244, "lng": -80.53796, "population": 1660}, {"name": "Daniels CDP, West Virginia", "lat": 37.72207, "lng": -81.1301, "population": 1654}, {"name": "Harrisville town, West Virginia", "lat": 39.21189, "lng": -81.04849, "population": 1631}, {"name": "Alum Creek CDP, West Virginia", "lat": 38.28905, "lng": -81.83856, "population": 1595}, {"name": "Ronceverte city, West Virginia", "lat": 37.75113, "lng": -80.46976, "population": 1572}, {"name": "Mallory CDP, West Virginia", "lat": 37.72758, "lng": -81.81829, "population": 1552}, {"name": "Rand CDP, West Virginia", "lat": 38.28163, "lng": -81.56535, "population": 1543}, {"name": "Eleanor town, West Virginia", "lat": 38.53607, "lng": -81.92494, "population": 1542}, {"name": "Shepherdstown town, West Virginia", "lat": 39.43191, "lng": -77.80465, "population": 1531}, {"name": "Salem city, West Virginia", "lat": 39.28494, "lng": -80.56448, "population": 1529}, {"name": "Marmet city, West Virginia", "lat": 38.24573, "lng": -81.57541, "population": 1504}, {"name": "Glen Dale city, West Virginia", "lat": 39.94643, "lng": -80.75538, "population": 1496}, {"name": "Nutter Fort town, West Virginia", "lat": 39.26036, "lng": -80.32652, "population": 1493}, {"name": "Mullens city, West Virginia", "lat": 37.58251, "lng": -81.38618, "population": 1480}, {"name": "New Haven town, West Virginia", "lat": 38.98821, "lng": -81.96732, "population": 1476}, {"name": "West Liberty town, West Virginia", "lat": 40.16444, "lng": -80.59709, "population": 1454}, {"name": "Oceana town, West Virginia", "lat": 37.69343, "lng": -81.62986, "population": 1449}, {"name": "Wayne town, West Virginia", "lat": 38.2298, "lng": -82.44155, "population": 1443}, {"name": "Falling Waters CDP, West Virginia", "lat": 39.56377, "lng": -77.88754, "population": 1440}, {"name": "Logan city, West Virginia", "lat": 37.85189, "lng": -81.98813, "population": 1439}, {"name": "Mount Gay-Shamrock CDP, West Virginia", "lat": 37.85093, "lng": -82.02302, "population": 1430}, {"name": "Terra Alta town, West Virginia", "lat": 39.44428, "lng": -79.54364, "population": 1415}, {"name": "Sistersville city, West Virginia", "lat": 39.55982, "lng": -80.9987, "population": 1412}, {"name": "Ceredo city, West Virginia", "lat": 38.3957, "lng": -82.54842, "population": 1408}, {"name": "MacArthur CDP, West Virginia", "lat": 37.74788, "lng": -81.20249, "population": 1376}, {"name": "Granville town, West Virginia", "lat": 39.64878, "lng": -79.99918, "population": 1355}, {"name": "Prosperity CDP, West Virginia", "lat": 37.8382, "lng": -81.1968, "population": 1345}, {"name": "Mabscott town, West Virginia", "lat": 37.76896, "lng": -81.21329, "population": 1341}, {"name": "Chesapeake town, West Virginia", "lat": 38.22288, "lng": -81.5362, "population": 1335}, {"name": "Parsons city, West Virginia", "lat": 39.09449, "lng": -79.67849, "population": 1327}, {"name": "Boaz CDP, West Virginia", "lat": 39.36884, "lng": -81.48837, "population": 1321}, {"name": "Lubeck CDP, West Virginia", "lat": 39.23024, "lng": -81.61239, "population": 1309}, {"name": "Ansted town, West Virginia", "lat": 38.13544, "lng": -81.10354, "population": 1303}, {"name": "Lesage CDP, West Virginia", "lat": 38.48667, "lng": -82.28226, "population": 1290}, {"name": "Fort Ashby CDP, West Virginia", "lat": 39.49236, "lng": -78.77216, "population": 1289}, {"name": "Sprague CDP, West Virginia", "lat": 37.79379, "lng": -81.18218, "population": 1289}, {"name": "Montgomery city, West Virginia", "lat": 38.17339, "lng": -81.31987, "population": 1275}, {"name": "Cassville CDP, West Virginia", "lat": 39.68148, "lng": -80.06546, "population": 1268}, {"name": "Benwood city, West Virginia", "lat": 40.00461, "lng": -80.73057, "population": 1252}, {"name": "Stanaford CDP, West Virginia", "lat": 37.812, "lng": -81.14489, "population": 1215}, {"name": "Buffalo town, West Virginia", "lat": 38.6118, "lng": -81.98156, "population": 1211}, {"name": "Newell CDP, West Virginia", "lat": 40.61589, "lng": -80.59779, "population": 1203}, {"name": "Barrackville town, West Virginia", "lat": 39.50171, "lng": -80.16979, "population": 1201}, {"name": "Rainelle town, West Virginia", "lat": 37.96796, "lng": -80.77082, "population": 1190}, {"name": "Belle town, West Virginia", "lat": 38.23539, "lng": -81.5367, "population": 1169}, {"name": "Washington CDP, West Virginia", "lat": 39.24517, "lng": -81.6588, "population": 1151}, {"name": "Arthurdale CDP, West Virginia", "lat": 39.49506, "lng": -79.81752, "population": 1143}, {"name": "Gilbert Creek CDP, West Virginia", "lat": 37.56967, "lng": -81.89059, "population": 1136}, {"name": "Sophia town, West Virginia", "lat": 37.70731, "lng": -81.25359, "population": 1130}, {"name": "Glenville town, West Virginia", "lat": 38.94016, "lng": -80.83333, "population": 1129}, {"name": "Beaver CDP, West Virginia", "lat": 37.73292, "lng": -81.15715, "population": 1129}, {"name": "Mount Hope city, West Virginia", "lat": 37.89764, "lng": -81.17378, "population": 1125}, {"name": "Elkview CDP, West Virginia", "lat": 38.43199, "lng": -81.47423, "population": 1116}, {"name": "Tornado CDP, West Virginia", "lat": 38.32695, "lng": -81.85745, "population": 1081}, {"name": "Brush Fork CDP, West Virginia", "lat": 37.27734, "lng": -81.23921, "population": 1065}, {"name": "Pennsboro city, West Virginia", "lat": 39.2841, "lng": -80.96609, "population": 1054}, {"name": "Coal Fork CDP, West Virginia", "lat": 38.32807, "lng": -81.52352, "population": 1039}, {"name": "Hamlin town, West Virginia", "lat": 38.27788, "lng": -82.10202, "population": 1039}, {"name": "Bolivar town, West Virginia", "lat": 39.32421, "lng": -77.75173, "population": 1036}, {"name": "Chapmanville town, West Virginia", "lat": 37.97085, "lng": -82.02038, "population": 1020}, {"name": "New Cumberland city, West Virginia", "lat": 40.52696, "lng": -80.61687, "population": 1020}, {"name": "Marlinton town, West Virginia", "lat": 38.2241, "lng": -80.08755, "population": 998}, {"name": "Alderson town, West Virginia", "lat": 37.72975, "lng": -80.64198, "population": 975}, {"name": "Monongah town, West Virginia", "lat": 39.45834, "lng": -80.22077, "population": 965}, {"name": "Athens town, West Virginia", "lat": 37.42074, "lng": -81.01246, "population": 962}, {"name": "Lavalette CDP, West Virginia", "lat": 38.32237, "lng": -82.44789, "population": 932}, {"name": "Wiley Ford CDP, West Virginia", "lat": 39.61518, "lng": -78.76135, "population": 906}, {"name": "Piney View CDP, West Virginia", "lat": 37.84085, "lng": -81.12768, "population": 902}, {"name": "Rupert town, West Virginia", "lat": 37.9648, "lng": -80.68679, "population": 877}, {"name": "Belmont city, West Virginia", "lat": 39.37805, "lng": -81.26382, "population": 875}, {"name": "Poca town, West Virginia", "lat": 38.47441, "lng": -81.81193, "population": 874}, {"name": "Mason town, West Virginia", "lat": 39.01648, "lng": -82.03297, "population": 866}, {"name": "Sutton town, West Virginia", "lat": 38.66777, "lng": -80.71346, "population": 863}, {"name": "Cameron city, West Virginia", "lat": 39.83027, "lng": -80.57009, "population": 861}, {"name": "Carpendale town, West Virginia", "lat": 39.6277, "lng": -78.78966, "population": 860}, {"name": "Clendenin town, West Virginia", "lat": 38.48447, "lng": -81.35151, "population": 854}, {"name": "North Hills town, West Virginia", "lat": 39.31512, "lng": -81.50883, "population": 834}, {"name": "Rivesville town, West Virginia", "lat": 39.53216, "lng": -80.12062, "population": 828}, {"name": "East Bank town, West Virginia", "lat": 38.21532, "lng": -81.44414, "population": 822}, {"name": "East View CDP, West Virginia", "lat": 39.26917, "lng": -80.30508, "population": 817}, {"name": "Enterprise CDP, West Virginia", "lat": 39.41965, "lng": -80.28339, "population": 805}, {"name": "Despard CDP, West Virginia", "lat": 39.28736, "lng": -80.31584, "population": 794}, {"name": "Holden CDP, West Virginia", "lat": 37.81937, "lng": -82.08122, "population": 783}, {"name": "Bethany town, West Virginia", "lat": 40.20485, "lng": -80.56086, "population": 781}, {"name": "Gary city, West Virginia", "lat": 37.36321, "lng": -81.53571, "population": 773}, {"name": "Man town, West Virginia", "lat": 37.74389, "lng": -81.88038, "population": 772}, {"name": "Gassaway town, West Virginia", "lat": 38.66672, "lng": -80.77036, "population": 759}, {"name": "Smithers city, West Virginia", "lat": 38.16581, "lng": -81.29748, "population": 754}, {"name": "Bath (Berkeley Springs) town, West Virginia", "lat": 39.62472, "lng": -78.22753, "population": 753}, {"name": "Gallipolis Ferry CDP, West Virginia", "lat": 38.7745, "lng": -82.20404, "population": 735}, {"name": "Addison (Webster Springs) town, West Virginia", "lat": 38.4777, "lng": -80.4053, "population": 731}, {"name": "Elizabeth town, West Virginia", "lat": 39.06228, "lng": -81.39727, "population": 724}, {"name": "Cedar Grove town, West Virginia", "lat": 38.22239, "lng": -81.43794, "population": 718}, {"name": "Piedmont town, West Virginia", "lat": 39.47781, "lng": -79.04654, "population": 718}, {"name": "Lumberport town, West Virginia", "lat": 39.37416, "lng": -80.34833, "population": 717}, {"name": "Middlebourne town, West Virginia", "lat": 39.49489, "lng": -80.91058, "population": 717}, {"name": "Glasgow town, West Virginia", "lat": 38.21268, "lng": -81.41923, "population": 703}, {"name": "White Hall town, West Virginia", "lat": 39.42175, "lng": -80.18571, "population": 700}, {"name": "Grant Town town, West Virginia", "lat": 39.56082, "lng": -80.1779, "population": 685}, {"name": "Chelyan CDP, West Virginia", "lat": 38.19575, "lng": -81.49278, "population": 681}, {"name": "Fort Gay town, West Virginia", "lat": 38.1222, "lng": -82.59132, "population": 675}, {"name": "Danville town, West Virginia", "lat": 38.08012, "lng": -81.83396, "population": 672}, {"name": "Triadelphia town, West Virginia", "lat": 40.04317, "lng": -80.61828, "population": 669}, {"name": "West Union town, West Virginia", "lat": 39.29678, "lng": -80.77602, "population": 653}, {"name": "Pineville town, West Virginia", "lat": 37.58454, "lng": -81.53638, "population": 645}, {"name": "Chattaroy CDP, West Virginia", "lat": 37.70617, "lng": -82.27372, "population": 641}, {"name": "Shenandoah Junction CDP, West Virginia", "lat": 39.34887, "lng": -77.83681, "population": 635}, {"name": "Big Chimney CDP, West Virginia", "lat": 38.41521, "lng": -81.53181, "population": 629}, {"name": "War city, West Virginia", "lat": 37.30998, "lng": -81.67625, "population": 623}, {"name": "Beverly town, West Virginia", "lat": 38.84408, "lng": -79.8718, "population": 622}, {"name": "West Dunbar CDP, West Virginia", "lat": 38.37214, "lng": -81.75583, "population": 617}, {"name": "Thomas city, West Virginia", "lat": 39.14488, "lng": -79.49542, "population": 611}, {"name": "Dupont City CDP, West Virginia", "lat": 38.26657, "lng": -81.5688, "population": 602}, {"name": "Davis town, West Virginia", "lat": 39.12683, "lng": -79.46255, "population": 600}, {"name": "Accoville CDP, West Virginia", "lat": 37.76473, "lng": -81.82695, "population": 599}, {"name": "Boomer CDP, West Virginia", "lat": 38.14875, "lng": -81.27478, "population": 599}, {"name": "Switzer CDP, West Virginia", "lat": 37.78681, "lng": -81.98443, "population": 593}, {"name": "Ridgeley town, West Virginia", "lat": 39.64127, "lng": -78.77293, "population": 591}, {"name": "Ghent CDP, West Virginia", "lat": 37.61852, "lng": -81.10625, "population": 582}, {"name": "Montcalm CDP, West Virginia", "lat": 37.35225, "lng": -81.24931, "population": 575}, {"name": "Harts CDP, West Virginia", "lat": 38.04709, "lng": -82.12933, "population": 573}, {"name": "Institute CDP, West Virginia", "lat": 38.37947, "lng": -81.76563, "population": 569}, {"name": "Kopperston CDP, West Virginia", "lat": 37.74956, "lng": -81.57651, "population": 569}, {"name": "Robinette CDP, West Virginia", "lat": 37.78492, "lng": -81.78414, "population": 567}, {"name": "Mill Creek town, West Virginia", "lat": 38.73194, "lng": -79.97249, "population": 560}, {"name": "Hometown CDP, West Virginia", "lat": 38.52883, "lng": -81.85522, "population": 556}, {"name": "Gauley Bridge town, West Virginia", "lat": 38.16682, "lng": -81.20944, "population": 553}, {"name": "Beech Bottom village, West Virginia", "lat": 40.22325, "lng": -80.65793, "population": 553}, {"name": "Idamay CDP, West Virginia", "lat": 39.4925, "lng": -80.25475, "population": 542}, {"name": "Reedsville town, West Virginia", "lat": 39.51029, "lng": -79.80056, "population": 530}, {"name": "Hilltop CDP, West Virginia", "lat": 37.93919, "lng": -81.15268, "population": 528}, {"name": "Jefferson CDP, West Virginia", "lat": 38.37713, "lng": -81.78685, "population": 527}, {"name": "Red Jacket CDP, West Virginia", "lat": 37.64877, "lng": -82.13157, "population": 525}, {"name": "West Hamlin town, West Virginia", "lat": 38.28487, "lng": -82.19781, "population": 524}, {"name": "Bolt CDP, West Virginia", "lat": 37.76157, "lng": -81.41638, "population": 518}, {"name": "Shrewsbury CDP, West Virginia", "lat": 38.20753, "lng": -81.46736, "population": 517}, {"name": "Anmoore town, West Virginia", "lat": 39.25632, "lng": -80.29397, "population": 513}, {"name": "Masontown town, West Virginia", "lat": 39.55117, "lng": -79.80028, "population": 510}, {"name": "Hartford City town, West Virginia", "lat": 38.995, "lng": -81.98808, "population": 503}, {"name": "Newark CDP, West Virginia", "lat": 39.12015, "lng": -81.38743, "population": 496}, {"name": "Franklin town, West Virginia", "lat": 38.64527, "lng": -79.33334, "population": 495}, {"name": "Grantsville town, West Virginia", "lat": 38.92069, "lng": -81.09323, "population": 494}, {"name": "Powellton CDP, West Virginia", "lat": 38.09412, "lng": -81.32201, "population": 493}, {"name": "Verdunville CDP, West Virginia", "lat": 37.85607, "lng": -82.05813, "population": 491}, {"name": "Cowen town, West Virginia", "lat": 38.41058, "lng": -80.55386, "population": 487}, {"name": "Bruno CDP, West Virginia", "lat": 37.69089, "lng": -81.87898, "population": 483}, {"name": "Nettie CDP, West Virginia", "lat": 38.21749, "lng": -80.69928, "population": 483}, {"name": "Pratt town, West Virginia", "lat": 38.20756, "lng": -81.38734, "population": 483}, {"name": "Middleway CDP, West Virginia", "lat": 39.30352, "lng": -77.98058, "population": 482}, {"name": "Clearview village, West Virginia", "lat": 40.13905, "lng": -80.69077, "population": 472}, {"name": "Valley Bend CDP, West Virginia", "lat": 38.7694, "lng": -79.92794, "population": 470}, {"name": "East Dailey CDP, West Virginia", "lat": 38.77942, "lng": -79.89113, "population": 469}, {"name": "Prichard CDP, West Virginia", "lat": 38.23683, "lng": -82.60387, "population": 461}, {"name": "Scarbro CDP, West Virginia", "lat": 37.95108, "lng": -81.17061, "population": 461}, {"name": "Glen Fork CDP, West Virginia", "lat": 37.70128, "lng": -81.53831, "population": 457}, {"name": "Springfield CDP, West Virginia", "lat": 39.44363, "lng": -78.69756, "population": 455}, {"name": "West Milford town, West Virginia", "lat": 39.20444, "lng": -80.40338, "population": 449}, {"name": "Peterstown town, West Virginia", "lat": 37.39898, "lng": -80.79502, "population": 448}, {"name": "Matheny CDP, West Virginia", "lat": 37.66354, "lng": -81.59857, "population": 446}, {"name": "Malden CDP, West Virginia", "lat": 38.30079, "lng": -81.55796, "population": 444}, {"name": "Rowlesburg town, West Virginia", "lat": 39.34881, "lng": -79.67666, "population": 438}, {"name": "Kanawha CDP, West Virginia", "lat": 39.20414, "lng": -81.45779, "population": 430}, {"name": "Delbarton town, West Virginia", "lat": 37.70523, "lng": -82.18613, "population": 422}, {"name": "Capon Bridge town, West Virginia", "lat": 39.30199, "lng": -78.43275, "population": 420}, {"name": "Kistler CDP, West Virginia", "lat": 37.76458, "lng": -81.85146, "population": 420}, {"name": "Union town, West Virginia", "lat": 37.59074, "lng": -80.54001, "population": 419}, {"name": "Omar CDP, West Virginia", "lat": 37.75758, "lng": -81.99796, "population": 416}, {"name": "McConnell CDP, West Virginia", "lat": 37.82856, "lng": -81.96383, "population": 412}, {"name": "Matewan town, West Virginia", "lat": 37.62225, "lng": -82.15927, "population": 412}, {"name": "Paw Paw town, West Virginia", "lat": 39.53135, "lng": -78.45528, "population": 410}, {"name": "Lashmeet CDP, West Virginia", "lat": 37.42277, "lng": -81.19673, "population": 409}, {"name": "Jane Lew town, West Virginia", "lat": 39.11078, "lng": -80.40801, "population": 408}, {"name": "West Logan town, West Virginia", "lat": 37.86788, "lng": -81.99065, "population": 399}, {"name": "Clay town, West Virginia", "lat": 38.46146, "lng": -81.08491, "population": 396}, {"name": "Burnsville town, West Virginia", "lat": 38.85552, "lng": -80.65273, "population": 394}, {"name": "Farmington town, West Virginia", "lat": 39.51223, "lng": -80.25043, "population": 392}, {"name": "Carolina CDP, West Virginia", "lat": 39.47939, "lng": -80.27226, "population": 390}, {"name": "Gatewood CDP, West Virginia", "lat": 38.00456, "lng": -81.065, "population": 390}, {"name": "Hepzibah CDP, West Virginia", "lat": 39.33085, "lng": -80.33403, "population": 387}, {"name": "Bancroft town, West Virginia", "lat": 38.51065, "lng": -81.84144, "population": 387}, {"name": "Junior town, West Virginia", "lat": 38.97661, "lng": -79.95259, "population": 384}, {"name": "Fairview town, West Virginia", "lat": 39.5927, "lng": -80.24676, "population": 373}, {"name": "Salt Rock CDP, West Virginia", "lat": 38.33006, "lng": -82.21274, "population": 373}, {"name": "Waverly CDP, West Virginia", "lat": 39.33273, "lng": -81.38129, "population": 369}, {"name": "Raymond City CDP, West Virginia", "lat": 38.48617, "lng": -81.81927, "population": 367}, {"name": "Hinkleville CDP, West Virginia", "lat": 38.92394, "lng": -80.26351, "population": 366}, {"name": "Raysal CDP, West Virginia", "lat": 37.34219, "lng": -81.77267, "population": 364}, {"name": "Pine Grove town, West Virginia", "lat": 39.56352, "lng": -80.68476, "population": 363}, {"name": "Whitesville town, West Virginia", "lat": 37.97957, "lng": -81.53464, "population": 361}, {"name": "Windsor Heights village, West Virginia", "lat": 40.19133, "lng": -80.66474, "population": 361}, {"name": "Lost Creek town, West Virginia", "lat": 39.1627, "lng": -80.34842, "population": 359}, {"name": "Henlawson CDP, West Virginia", "lat": 37.89969, "lng": -81.98112, "population": 353}, {"name": "Amherstdale CDP, West Virginia", "lat": 37.78262, "lng": -81.82707, "population": 350}, {"name": "Bud CDP, West Virginia", "lat": 37.52484, "lng": -81.38055, "population": 347}, {"name": "Booth CDP, West Virginia", "lat": 39.59762, "lng": -80.0191, "population": 342}, {"name": "Mount Carbon CDP, West Virginia", "lat": 38.14371, "lng": -81.28894, "population": 341}, {"name": "Reynoldsville CDP, West Virginia", "lat": 39.29156, "lng": -80.44125, "population": 339}, {"name": "Lester town, West Virginia", "lat": 37.73204, "lng": -81.30273, "population": 338}, {"name": "Norton CDP, West Virginia", "lat": 38.9316, "lng": -79.96911, "population": 336}, {"name": "Eccles CDP, West Virginia", "lat": 37.78199, "lng": -81.26414, "population": 334}, {"name": "Gilbert town, West Virginia", "lat": 37.61494, "lng": -81.87044, "population": 333}, {"name": "Greenview CDP, West Virginia", "lat": 37.99604, "lng": -81.81942, "population": 333}, {"name": "Justice Addition CDP, West Virginia", "lat": 37.88989, "lng": -81.99298, "population": 331}, {"name": "Meadow Bridge town, West Virginia", "lat": 37.86162, "lng": -80.857, "population": 324}, {"name": "Comfort CDP, West Virginia", "lat": 38.13169, "lng": -81.61018, "population": 320}, {"name": "Rock Cave CDP, West Virginia", "lat": 38.84036, "lng": -80.33752, "population": 319}, {"name": "Corinne CDP, West Virginia", "lat": 37.56833, "lng": -81.36347, "population": 318}, {"name": "Kermit town, West Virginia", "lat": 37.84246, "lng": -82.40864, "population": 317}, {"name": "Great Cacapon CDP, West Virginia", "lat": 39.61432, "lng": -78.2857, "population": 315}, {"name": "Mitchell Heights town, West Virginia", "lat": 37.9087, "lng": -81.9866, "population": 314}, {"name": "Justice CDP, West Virginia", "lat": 37.60137, "lng": -81.83369, "population": 313}, {"name": "Stollings CDP, West Virginia", "lat": 37.8403, "lng": -81.95843, "population": 310}, {"name": "Flemington town, West Virginia", "lat": 39.26661, "lng": -80.12851, "population": 309}, {"name": "Charlton Heights CDP, West Virginia", "lat": 38.12649, "lng": -81.23515, "population": 307}, {"name": "Monaville CDP, West Virginia", "lat": 37.81459, "lng": -81.98928, "population": 302}, {"name": "Hedgesville town, West Virginia", "lat": 39.55443, "lng": -77.99448, "population": 300}, {"name": "Tunnelton town, West Virginia", "lat": 39.39289, "lng": -79.74658, "population": 296}, {"name": "Reader CDP, West Virginia", "lat": 39.56697, "lng": -80.72954, "population": 278}, {"name": "Clifton CDP, West Virginia", "lat": 39.00417, "lng": -82.03921, "population": 277}, {"name": "Bramwell town, West Virginia", "lat": 37.3295, "lng": -81.30767, "population": 276}, {"name": "Valley Grove village, West Virginia", "lat": 40.08626, "lng": -80.57705, "population": 275}, {"name": "Crooked Creek CDP, West Virginia", "lat": 37.88397, "lng": -81.97467, "population": 273}, {"name": "Harpers Ferry town, West Virginia", "lat": 39.32524, "lng": -77.74144, "population": 269}, {"name": "Wardensville town, West Virginia", "lat": 39.07877, "lng": -78.59031, "population": 269}, {"name": "Racine CDP, West Virginia", "lat": 38.13969, "lng": -81.65352, "population": 267}, {"name": "Flatwoods town, West Virginia", "lat": 38.717, "lng": -80.6525, "population": 264}, {"name": "Itmann CDP, West Virginia", "lat": 37.57072, "lng": -81.40941, "population": 259}, {"name": "Newburg town, West Virginia", "lat": 39.38885, "lng": -79.8536, "population": 259}, {"name": "Iaeger town, West Virginia", "lat": 37.46014, "lng": -81.81846, "population": 257}, {"name": "Hundred town, West Virginia", "lat": 39.68358, "lng": -80.45759, "population": 255}, {"name": "Green Spring CDP, West Virginia", "lat": 39.5216, "lng": -78.63535, "population": 250}, {"name": "Albright town, West Virginia", "lat": 39.49473, "lng": -79.6398, "population": 249}, {"name": "Glen White CDP, West Virginia", "lat": 37.72998, "lng": -81.27971, "population": 245}, {"name": "Raleigh CDP, West Virginia", "lat": 37.75736, "lng": -81.16939, "population": 245}, {"name": "Spelter CDP, West Virginia", "lat": 39.34318, "lng": -80.31636, "population": 244}, {"name": "Greenville CDP, West Virginia", "lat": 37.72183, "lng": -81.87335, "population": 243}, {"name": "Rossmore CDP, West Virginia", "lat": 37.80456, "lng": -81.99302, "population": 241}, {"name": "Hico CDP, West Virginia", "lat": 38.11663, "lng": -81.01075, "population": 239}, {"name": "Chauncey CDP, West Virginia", "lat": 37.76357, "lng": -81.97904, "population": 234}, {"name": "Hillsboro town, West Virginia", "lat": 38.13838, "lng": -80.2107, "population": 232}, {"name": "Durbin town, West Virginia", "lat": 38.54713, "lng": -79.82782, "population": 231}, {"name": "Northfork town, West Virginia", "lat": 37.41958, "lng": -81.42742, "population": 231}, {"name": "Henderson town, West Virginia", "lat": 38.83104, "lng": -82.1353, "population": 228}, {"name": "Hendricks town, West Virginia", "lat": 39.07609, "lng": -79.62908, "population": 228}, {"name": "Dixie CDP, West Virginia", "lat": 38.25088, "lng": -81.19429, "population": 227}, {"name": "Hansford CDP, West Virginia", "lat": 38.2056, "lng": -81.39782, "population": 227}, {"name": "Rachel CDP, West Virginia", "lat": 39.51895, "lng": -80.29896, "population": 224}, {"name": "Handley town, West Virginia", "lat": 38.19102, "lng": -81.37482, "population": 223}, {"name": "Quinwood town, West Virginia", "lat": 38.05849, "lng": -80.70593, "population": 222}, {"name": "Ellenboro town, West Virginia", "lat": 39.27001, "lng": -81.05566, "population": 221}, {"name": "Hambleton town, West Virginia", "lat": 39.08103, "lng": -79.64559, "population": 218}, {"name": "Wolf Summit CDP, West Virginia", "lat": 39.28213, "lng": -80.46211, "population": 214}, {"name": "Kimberly CDP, West Virginia", "lat": 38.14076, "lng": -81.2967, "population": 213}, {"name": "Elk Garden town, West Virginia", "lat": 39.38623, "lng": -79.15556, "population": 212}, {"name": "Davy town, West Virginia", "lat": 37.47756, "lng": -81.64187, "population": 209}, {"name": "Dorothy CDP, West Virginia", "lat": 37.95636, "lng": -81.45114, "population": 207}, {"name": "Sarah Ann CDP, West Virginia", "lat": 37.70853, "lng": -81.98808, "population": 207}, {"name": "Valley Head CDP, West Virginia", "lat": 38.54714, "lng": -80.03188, "population": 207}, {"name": "Bradshaw town, West Virginia", "lat": 37.34945, "lng": -81.79733, "population": 207}, {"name": "Neibert CDP, West Virginia", "lat": 37.78333, "lng": -81.93084, "population": 205}, {"name": "Garten CDP, West Virginia", "lat": 38.0348, "lng": -81.07326, "population": 204}, {"name": "Wallace CDP, West Virginia", "lat": 39.40724, "lng": -80.4911, "population": 201}, {"name": "Bayard town, West Virginia", "lat": 39.27106, "lng": -79.36617, "population": 201}, {"name": "Aurora CDP, West Virginia", "lat": 39.32541, "lng": -79.55458, "population": 200}, {"name": "Big Sandy CDP, West Virginia", "lat": 37.4611, "lng": -81.70594, "population": 198}, {"name": "Gypsy CDP, West Virginia", "lat": 39.36481, "lng": -80.30698, "population": 197}, {"name": "Big Creek CDP, West Virginia", "lat": 38.00536, "lng": -82.03607, "population": 195}, {"name": "Brenton CDP, West Virginia", "lat": 37.60125, "lng": -81.63628, "population": 194}, {"name": "Falls View CDP, West Virginia", "lat": 38.13095, "lng": -81.25481, "population": 193}, {"name": "New Richmond CDP, West Virginia", "lat": 37.57439, "lng": -81.48639, "population": 193}, {"name": "Kincaid CDP, West Virginia", "lat": 38.04138, "lng": -81.27626, "population": 191}, {"name": "Womelsdorf (Coalton) town, West Virginia", "lat": 38.89802, "lng": -79.96373, "population": 189}, {"name": "Berwind CDP, West Virginia", "lat": 37.26043, "lng": -81.65581, "population": 188}, {"name": "Apple Grove CDP, West Virginia", "lat": 38.66658, "lng": -82.17174, "population": 187}, {"name": "Peach Creek CDP, West Virginia", "lat": 37.87755, "lng": -81.9783, "population": 185}, {"name": "Deep Water CDP, West Virginia", "lat": 38.12038, "lng": -81.25344, "population": 183}, {"name": "Adrian CDP, West Virginia", "lat": 38.90688, "lng": -80.27292, "population": 183}, {"name": "Sand Fork town, West Virginia", "lat": 38.91548, "lng": -80.74647, "population": 180}, {"name": "Worthington town, West Virginia", "lat": 39.45768, "lng": -80.26399, "population": 179}, {"name": "Brandywine CDP, West Virginia", "lat": 38.61939, "lng": -79.24062, "population": 178}, {"name": "Van CDP, West Virginia", "lat": 37.97022, "lng": -81.71774, "population": 177}, {"name": "Cairo town, West Virginia", "lat": 39.20733, "lng": -81.15369, "population": 176}, {"name": "Keystone city, West Virginia", "lat": 37.41581, "lng": -81.44617, "population": 176}, {"name": "Glen Ferris CDP, West Virginia", "lat": 38.15513, "lng": -81.221, "population": 174}, {"name": "Pageton CDP, West Virginia", "lat": 37.36273, "lng": -81.46313, "population": 174}, {"name": "Matoaka town, West Virginia", "lat": 37.4182, "lng": -81.2418, "population": 173}, {"name": "Sylvester town, West Virginia", "lat": 38.00803, "lng": -81.56168, "population": 171}, {"name": "Falling Spring town, West Virginia", "lat": 37.99243, "lng": -80.35704, "population": 170}, {"name": "Colliers CDP, West Virginia", "lat": 40.36511, "lng": -80.53769, "population": 166}, {"name": "Anawalt town, West Virginia", "lat": 37.33646, "lng": -81.4406, "population": 165}, {"name": "Huttonsville town, West Virginia", "lat": 38.7138, "lng": -79.97662, "population": 163}, {"name": "Baxter CDP, West Virginia", "lat": 39.54076, "lng": -80.14418, "population": 162}, {"name": "Page CDP, West Virginia", "lat": 38.05238, "lng": -81.27304, "population": 152}, {"name": "Crumpler CDP, West Virginia", "lat": 37.42622, "lng": -81.3313, "population": 151}, {"name": "Reedy town, West Virginia", "lat": 38.89969, "lng": -81.42635, "population": 150}, {"name": "Colcord CDP, West Virginia", "lat": 37.94508, "lng": -81.43739, "population": 148}, {"name": "Bartley CDP, West Virginia", "lat": 37.33474, "lng": -81.73386, "population": 146}, {"name": "Kimball town, West Virginia", "lat": 37.42674, "lng": -81.50786, "population": 145}, {"name": "Montrose town, West Virginia", "lat": 39.06725, "lng": -79.81432, "population": 145}, {"name": "Green Bank CDP, West Virginia", "lat": 38.42672, "lng": -79.83441, "population": 141}, {"name": "Rhodell town, West Virginia", "lat": 37.60952, "lng": -81.30505, "population": 141}, {"name": "Helen CDP, West Virginia", "lat": 37.63744, "lng": -81.31303, "population": 137}, {"name": "Leon town, West Virginia", "lat": 38.74808, "lng": -81.95447, "population": 137}, {"name": "Crum CDP, West Virginia", "lat": 37.90946, "lng": -82.44702, "population": 136}, {"name": "Pax town, West Virginia", "lat": 37.90982, "lng": -81.26479, "population": 136}, {"name": "Pentress CDP, West Virginia", "lat": 39.71162, "lng": -80.17095, "population": 135}, {"name": "Pullman town, West Virginia", "lat": 39.18802, "lng": -80.94899, "population": 135}, {"name": "Arbovale CDP, West Virginia", "lat": 38.43537, "lng": -79.81168, "population": 134}, {"name": "Oakvale town, West Virginia", "lat": 37.33214, "lng": -80.97291, "population": 133}, {"name": "Burlington CDP, West Virginia", "lat": 39.33701, "lng": -78.92221, "population": 131}, {"name": "Eskdale CDP, West Virginia", "lat": 38.09262, "lng": -81.4484, "population": 130}, {"name": "Parcoal CDP, West Virginia", "lat": 38.46052, "lng": -80.37323, "population": 130}, {"name": "Brandonville town, West Virginia", "lat": 39.66706, "lng": -79.62767, "population": 129}, {"name": "Galloway CDP, West Virginia", "lat": 39.23387, "lng": -80.12772, "population": 127}, {"name": "Beards Fork CDP, West Virginia", "lat": 38.06504, "lng": -81.22768, "population": 127}, {"name": "Camden-on-Gauley town, West Virginia", "lat": 38.36896, "lng": -80.59746, "population": 126}, {"name": "Blacksville town, West Virginia", "lat": 39.71564, "lng": -80.21471, "population": 118}, {"name": "Prince CDP, West Virginia", "lat": 37.85602, "lng": -81.08622, "population": 115}, {"name": "Cottageville CDP, West Virginia", "lat": 38.86744, "lng": -81.82575, "population": 114}, {"name": "Jacksonburg CDP, West Virginia", "lat": 39.53587, "lng": -80.63866, "population": 114}, {"name": "Hollygrove CDP, West Virginia", "lat": 38.19111, "lng": -81.39374, "population": 113}, {"name": "Century CDP, West Virginia", "lat": 39.10026, "lng": -80.18811, "population": 111}, {"name": "Maybeury CDP, West Virginia", "lat": 37.36656, "lng": -81.358, "population": 109}, {"name": "Dailey CDP, West Virginia", "lat": 38.79687, "lng": -79.89675, "population": 106}, {"name": "Littleton CDP, West Virginia", "lat": 39.7045, "lng": -80.51586, "population": 103}, {"name": "Smithfield town, West Virginia", "lat": 39.49486, "lng": -80.55999, "population": 103}, {"name": "Friendly town, West Virginia", "lat": 39.51367, "lng": -81.06184, "population": 101}, {"name": "Cunard CDP, West Virginia", "lat": 37.99947, "lng": -81.04024, "population": 98}, {"name": "Harman town, West Virginia", "lat": 38.92107, "lng": -79.52455, "population": 95}, {"name": "Whitmer CDP, West Virginia", "lat": 38.81489, "lng": -79.54508, "population": 94}, {"name": "Glen Jean CDP, West Virginia", "lat": 37.92707, "lng": -81.15295, "population": 90}, {"name": "Birch River CDP, West Virginia", "lat": 38.49547, "lng": -80.75265, "population": 86}, {"name": "Covel CDP, West Virginia", "lat": 37.49074, "lng": -81.31971, "population": 85}, {"name": "Vivian CDP, West Virginia", "lat": 37.41719, "lng": -81.49216, "population": 85}, {"name": "Osage CDP, West Virginia", "lat": 39.65934, "lng": -80.00692, "population": 82}, {"name": "Frank CDP, West Virginia", "lat": 38.54618, "lng": -79.80795, "population": 79}, {"name": "Tioga CDP, West Virginia", "lat": 38.42202, "lng": -80.65492, "population": 79}, {"name": "Auburn town, West Virginia", "lat": 39.09615, "lng": -80.85624, "population": 79}, {"name": "Belva CDP, West Virginia", "lat": 38.23366, "lng": -81.1878, "population": 78}, {"name": "Earling CDP, West Virginia", "lat": 37.76684, "lng": -81.91608, "population": 76}, {"name": "Cucumber CDP, West Virginia", "lat": 37.27859, "lng": -81.62406, "population": 74}, {"name": "St. George CDP, West Virginia", "lat": 39.16658, "lng": -79.69677, "population": 74}, {"name": "Twilight CDP, West Virginia", "lat": 37.92532, "lng": -81.61456, "population": 74}, {"name": "Fenwick CDP, West Virginia", "lat": 38.22992, "lng": -80.58104, "population": 69}, {"name": "Huntersville CDP, West Virginia", "lat": 38.18596, "lng": -80.01519, "population": 68}, {"name": "Bartow CDP, West Virginia", "lat": 38.54216, "lng": -79.78578, "population": 64}, {"name": "Bergoo CDP, West Virginia", "lat": 38.4829, "lng": -80.29768, "population": 64}, {"name": "Bruceton Mills town, West Virginia", "lat": 39.6594, "lng": -79.64061, "population": 63}, {"name": "Roderfield CDP, West Virginia", "lat": 37.45096, "lng": -81.70014, "population": 62}, {"name": "Pickens CDP, West Virginia", "lat": 38.65587, "lng": -80.21601, "population": 41}, {"name": "Cass CDP, West Virginia", "lat": 38.39704, "lng": -79.91994, "population": 38}, {"name": "Helvetia CDP, West Virginia", "lat": 38.70579, "lng": -80.19928, "population": 38}, {"name": "Thurmond town, West Virginia", "lat": 37.96089, "lng": -81.07965, "population": 5}]